# Vandal Upper | barrel +X up +Y | length=4u
mtllib Foresaken Vandal (White).mtl
g upper
v 0.038873 0.212308 0.069207
v 0.052514 0.211665 0.063675
v 0.033555 0.220334 0.063822
v -0.004995 0.228784 0.070699
v -0.003155 0.237538 0.063822
v -0.045617 0.238870 0.071895
v -0.072682 0.263172 0.063822
v -0.087281 0.240913 0.074386
v -0.125075 0.280028 0.063822
v -0.149621 0.235743 0.078606
v -0.159973 0.246756 0.077492
v -0.171735 0.293505 0.063637
v -0.186384 0.220566 0.022504
v -0.182469 0.204806 0.024516
v -0.193783 0.266118 0.071353
v -0.211887 0.303253 0.063171
v -0.199087 0.207811 -0.018267
v -0.205912 0.182023 -0.018267
v -0.219943 0.241121 -0.018267
v -0.211678 0.248745 0.022273
v -0.228359 0.278506 0.065912
v -0.244191 0.266428 0.022673
v -0.251835 0.260032 -0.018267
v -0.242859 0.309717 0.062423
v -0.215559 0.326657 0.063431
v -0.265210 0.290504 0.060647
v -0.287088 0.279426 0.024051
v -0.296900 0.273421 -0.018267
v -0.250984 0.325364 0.072877
v -0.324661 0.283004 0.023255
v -0.330411 0.277428 -0.018267
v -0.217364 0.334940 0.069086
v -0.185697 0.344880 0.064439
v -0.218171 0.342575 0.063540
v -0.253412 0.340099 0.063255
v -0.283201 0.318110 0.074490
v -0.287462 0.338295 0.062747
v -0.319175 0.292329 0.052562
v -0.318424 0.312943 0.074136
v -0.318648 0.338735 0.062909
v -0.348998 0.341614 0.062834
v -0.373558 0.308864 0.071189
v -0.373466 0.346879 0.062003
v -0.374663 0.293397 0.048233
v -0.376731 0.286190 0.022755
v -0.380775 0.281144 -0.018267
v -0.441094 0.287627 0.021168
v -0.449420 0.284042 -0.018267
v -0.439740 0.292955 0.041313
v -0.521248 0.290785 0.027687
v -0.526702 0.285785 -0.018267
v -0.614653 0.286599 -0.018267
v -0.442284 0.305841 0.065883
v -0.522970 0.302801 0.059162
v -0.613611 0.300854 0.055066
v -0.402020 0.335408 0.061810
v -0.447688 0.319118 0.061439
v -0.449990 0.351043 0.087038
v -0.398145 0.361013 0.083922
v -0.366081 0.370234 0.080432
v -0.342387 0.370341 0.065892
v -0.413300 0.380409 0.066372
v -0.379241 0.384508 0.067348
v -0.459545 0.375789 0.064950
v -0.342000 0.389043 0.068563
v -0.512815 0.374650 0.064343
v -0.336359 0.381571 0.075517
v -0.316798 0.390372 0.069781
v -0.532791 0.342893 0.088698
v -0.543448 0.379724 0.064946
v -0.577828 0.365865 0.068814
v -0.607573 0.339283 0.087813
v -0.562347 0.394505 0.080548
v -0.529611 0.404621 0.072736
v -0.570513 0.405113 0.072108
v -0.614005 0.381491 0.087486
v -0.625672 0.403959 0.071983
v -0.613568 0.356302 0.071784
v -0.649769 0.338244 0.086027
v -0.651307 0.351362 0.071924
v -0.665149 0.377421 0.088963
v -0.675057 0.407974 0.072611
v -0.699724 0.411129 0.073207
v -0.729405 0.401851 0.070119
v -0.743882 0.375389 0.088985
v -0.775330 0.396021 0.068448
v -0.724294 0.349206 0.069290
v -0.721876 0.336880 0.083958
v -0.811242 0.373152 0.088684
v -0.820739 0.392460 0.067352
v -0.792874 0.347899 0.067296
v -0.791680 0.335803 0.082527
v -0.865084 0.370881 0.088207
v -0.874469 0.389724 0.066785
v -0.860683 0.346952 0.066691
v -0.855160 0.334553 0.081287
v -0.913155 0.368283 0.087318
v -0.917973 0.386826 0.065862
v -0.903264 0.345812 0.065912
v -0.892370 0.333095 0.079933
v -0.958403 0.362911 0.084701
v -0.961364 0.381580 0.062722
v -0.947045 0.342090 0.063758
v -0.931462 0.329850 0.077265
v -0.991577 0.352652 0.080192
v -1.007627 0.369216 0.058661
v -0.980046 0.334352 0.061717
v -0.960553 0.323334 0.073541
v -0.893458 0.314106 0.064092
v -0.946554 0.313699 0.059307
v -0.987773 0.312430 0.067957
v -0.906387 0.298418 0.040161
v -1.006400 0.321897 0.059675
v -0.986818 0.295682 0.032352
v -1.015358 0.295289 0.058647
v -1.017557 0.337863 0.076135
v -1.029641 0.348805 0.059876
v -1.050945 0.329136 0.057819
v -1.035225 0.301728 0.054907
v -1.047918 0.315561 0.069026
v -1.068329 0.310112 0.058109
v -1.078734 0.290894 0.057314
v -1.059566 0.279176 0.043743
v -1.083318 0.280159 0.051863
v -1.034582 0.276809 0.042738
v -1.071474 0.267860 0.035675
v -1.083728 0.256354 0.027315
v -1.082718 0.257158 0.009888
v -1.054741 0.259573 0.010987
v -1.086494 0.254339 -0.018267
v -1.060197 0.255911 -0.018267
v -0.990072 0.285576 -0.018267
v -0.988765 0.288217 0.007477
v -0.954289 0.293789 -0.018267
v -0.952836 0.295857 0.008587
v -0.922724 0.290680 -0.018267
v -0.949327 0.302261 0.034339
v -0.920122 0.292838 0.015244
v -0.856679 0.289863 -0.018267
v -0.859858 0.300657 0.045997
v -0.789414 0.300758 0.049833
v -0.784784 0.288779 -0.018267
v -0.714010 0.300389 0.052165
v -0.711927 0.287658 -0.018267
v -0.373466 0.346879 0.062003
v -0.348998 0.341614 0.062834
v -0.342387 0.370341 0.065892
v -0.318648 0.338735 0.062909
v -0.316798 0.390372 0.069781
v -0.287462 0.338295 0.062747
v -0.267148 0.353692 0.064898
v -0.253412 0.340099 0.063255
v -0.212569 0.354399 0.063972
v -0.218171 0.342575 0.063540
v -0.185697 0.344880 0.064439
v -0.211887 0.303253 0.063171
v -0.215559 0.326657 0.063431
v -0.171735 0.293505 0.063637
v -0.125075 0.280028 0.063822
v -0.244849 0.385981 0.068110
v -0.177441 0.355074 0.063965
v 0.002162 0.355382 0.064074
v -0.072682 0.263172 0.063822
v -0.003155 0.237538 0.063822
v -0.177442 0.382562 0.067394
v 0.033555 0.220334 0.063822
v -0.177442 0.397423 0.070780
v 0.110198 0.241217 0.063822
v 0.052514 0.211665 0.063675
v 0.072700 0.205784 0.055018
v 0.104192 0.196515 0.041708
v 0.150929 0.222307 0.041708
v 0.159302 0.215208 0.040459
v 0.178086 0.276029 0.063822
v 0.209409 0.254099 0.041708
v 0.222652 0.245493 0.039413
v 0.201948 0.358068 0.064624
v 0.255830 0.278023 0.041708
v 0.274874 0.270341 0.039232
v 0.239406 0.306572 0.063822
v 0.323875 0.310476 0.041708
v 0.320201 0.291752 0.040716
v 0.318536 0.274014 0.038309
v 0.302151 0.265025 0.037364
v 0.334970 0.282677 0.039057
v 0.358914 0.294075 0.039763
v 0.375614 0.331202 0.041708
v 0.434909 0.322778 0.041611
v 0.321197 0.343551 0.063823
v 0.307575 0.378494 0.066131
v 0.379956 0.363997 0.063823
v 0.424642 0.346264 0.041708
v 0.201952 0.379175 0.067177
v 0.427072 0.375701 0.063822
v 0.004939 0.381870 0.067341
v 0.007217 0.397417 0.070779
v 0.201948 0.397393 0.070778
v 0.331314 0.397385 0.070767
v 0.008577 0.429259 0.077467
v 0.201948 0.429259 0.077467
v -0.177442 0.429259 0.077467
v 0.331315 0.429299 0.077442
v 0.374230 0.429527 0.077295
v -0.244849 0.396581 0.070526
v -0.248833 0.429259 0.077467
v -0.323627 0.429259 0.077467
v -0.342000 0.389043 0.068563
v -0.374036 0.429259 0.077467
v -0.379241 0.384508 0.067348
v -0.419450 0.429259 0.077467
v -0.413300 0.380409 0.066372
v -0.459545 0.375789 0.064950
v -0.468022 0.429259 0.077467
v -0.512815 0.374650 0.064343
v -0.529611 0.404621 0.072736
v -0.543448 0.379724 0.064946
v -0.540471 0.429259 0.077467
v -0.570513 0.405113 0.072108
v -0.631153 0.429259 0.077199
v -0.625672 0.403959 0.071983
v -0.675057 0.407974 0.072611
v -0.711120 0.429249 0.076153
v -0.699724 0.411129 0.073207
v -0.729405 0.401851 0.070119
v -0.782131 0.428950 0.074813
v -0.775330 0.396021 0.068448
v -0.820739 0.392460 0.067352
v -0.857039 0.427773 0.073676
v -0.874469 0.389724 0.066785
v -0.924634 0.424333 0.072648
v -0.917973 0.386826 0.065862
v -0.975926 0.416641 0.069892
v -0.961364 0.381580 0.062722
v -1.007627 0.369216 0.058661
v -1.022295 0.379195 0.058358
v -1.044442 0.395875 0.060078
v -2.000000 0.429951 -0.018267
v -1.966497 0.428974 -0.018267
v -1.969631 0.429225 -0.006805
v -1.928225 0.428981 -0.018267
v -1.923725 0.429334 0.005024
v -1.870549 0.429043 -0.018267
v -1.862651 0.429393 0.015751
v -1.814654 0.429222 -0.018267
v -1.813038 0.429167 0.022585
v -1.777596 0.438758 0.013564
v -1.777596 0.438758 -0.018267
v -1.736147 0.439434 0.010512
v -1.736147 0.439434 -0.018267
v -1.697406 0.436128 0.010460
v -1.697406 0.436137 -0.018267
v -1.668768 0.428614 0.011808
v -1.660346 0.424729 -0.018267
v -1.648900 0.416040 -0.004433
v -1.649202 0.416654 0.012962
v -1.644896 0.404292 0.000635
v -1.644761 0.404702 0.013326
v -1.647644 0.393389 0.013341
v -1.648484 0.392471 -0.004650
v -1.655184 0.384225 0.012828
v -1.652310 0.386430 -0.018267
v -1.669359 0.377118 0.011353
v -1.669359 0.377118 -0.018267
v -1.696977 0.371067 0.008376
v -1.696977 0.371067 -0.018267
v -1.734418 0.369075 0.002642
v -1.734337 0.369075 -0.018267
v -1.756793 0.374731 -0.002651
v -1.764862 0.378350 -0.018267
v -1.780241 0.386981 -0.004523
v -1.799895 0.386737 -0.018267
v 0.542745 0.106601 0.018917
v 0.533784 0.103050 0.014332
v 0.529471 0.101142 0.019028
v 0.529876 0.100835 0.000701
v 0.482553 0.088495 0.016532
v 0.485201 0.088791 -0.018267
v 0.531245 0.101229 -0.018267
v 0.384814 0.097756 0.001666
v 0.410201 0.088435 0.008540
v 0.410090 0.088753 -0.018267
v 0.387356 0.096598 -0.018267
v 0.352391 0.114993 -0.011251
v 0.350499 0.116502 -0.018267
v 1.963002 0.429653 -0.018267
v 1.959086 0.498665 -0.018267
v 1.955854 0.442061 -0.008630
v 1.935738 0.471176 0.028097
v 1.926951 0.437160 0.029656
v 1.941744 0.451580 0.011277
v 1.914811 0.446668 0.052531
v 1.890351 0.418384 0.070039
v 1.891638 0.393891 0.050228
v 1.857609 0.383872 0.081596
v 1.861360 0.360508 0.058557
v 1.838697 0.361072 0.091072
v 1.842027 0.330874 0.063474
v 1.845942 0.358692 0.098828
v 1.840986 0.312824 0.064704
v 1.861872 0.358602 0.109039
v 1.847806 0.282176 0.061369
v 1.867496 0.333171 0.100736
v 1.884848 0.358140 0.121204
v 1.859105 0.286155 0.076127
v 1.872549 0.228210 0.055695
v 1.318070 0.207717 0.022270
v 1.287549 0.214509 0.022051
v 1.267835 0.218969 0.008320
v 1.236302 0.232992 0.024151
v 1.245331 0.223111 -0.003810
v 1.230427 0.225352 -0.018267
v 1.208178 0.231104 -0.018267
v 1.152951 0.253877 0.024394
v 1.139906 0.248400 -0.018267
v 1.071807 0.270715 0.024804
v 1.064342 0.263615 -0.018267
v 0.985338 0.284793 0.024578
v 0.979452 0.278086 -0.018267
v 0.985808 0.318691 0.044953
v 0.934263 0.291727 0.024576
v 0.937963 0.322979 0.044749
v 0.932765 0.284960 -0.018267
v 0.883770 0.325677 0.044525
v 0.883363 0.294686 0.024323
v 0.884076 0.288536 -0.018267
v 0.843590 0.285286 -0.018267
v 0.838191 0.292646 0.022680
v 0.833155 0.324374 0.044346
v 0.823964 0.277790 -0.018267
v 0.800056 0.320049 0.044281
v 0.823488 0.336297 0.043638
v 0.785085 0.334409 0.040756
v 0.811156 0.284398 0.019667
v 0.798082 0.253838 -0.018267
v 0.778015 0.314319 0.044275
v 0.754588 0.336171 0.035817
v 0.752421 0.304491 0.044275
v 0.718492 0.333555 0.026830
v 0.783556 0.258855 0.016667
v 0.733517 0.283848 0.044275
v 0.685170 0.324655 0.021229
v 0.772450 0.224233 0.015757
v 0.784668 0.220771 -0.018267
v 0.669680 0.306005 0.020388
v 0.633998 0.309427 0.020138
v 0.731427 0.242588 0.043781
v 0.664034 0.262303 0.020183
v 0.774444 0.192205 0.015238
v 0.784954 0.191602 -0.018267
v 0.740432 0.199399 0.041531
v 0.791073 0.145859 0.014756
v 0.801072 0.143899 -0.018267
v 0.824375 0.095911 0.013994
v 0.833171 0.093956 -0.018267
v 0.786501 0.107260 0.034487
v 0.762018 0.150533 0.038403
v 0.760300 0.115685 0.032394
v 0.724924 0.148478 0.025022
v 0.713458 0.129362 0.027812
v 0.653644 0.148755 0.022416
v 0.688938 0.197680 0.020708
v 0.612424 0.165193 0.020495
v 0.589235 0.167616 0.019342
v 0.590440 0.143461 0.020022
v 0.580057 0.182916 0.019289
v 0.601696 0.304830 0.020016
v 0.566311 0.148977 0.016517
v 0.567519 0.122748 0.019674
v 0.561600 0.173545 0.016536
v 0.557578 0.203277 0.019288
v 0.570905 0.306748 0.020077
v 0.558694 0.171569 -0.018267
v 0.524366 0.220646 0.019224
v 0.542177 0.307256 0.020135
v 0.561899 0.145874 -0.018267
v 0.503491 0.301827 0.020140
v 0.543498 0.194286 -0.018267
v 0.555519 0.128352 0.016517
v 0.553048 0.126432 -0.018267
v 0.552454 0.112481 0.019395
v 0.543165 0.115474 0.000706
v 0.543165 0.115474 -0.018267
v 0.544115 0.115027 0.017626
v 0.542745 0.106601 0.018917
v 0.533386 0.107013 0.000706
v 0.533386 0.107013 -0.018267
v 0.531245 0.101229 -0.018267
v 0.529876 0.100835 0.000701
v 0.533978 0.107720 0.013186
v 0.533784 0.103050 0.014332
v 0.546038 0.195386 0.016595
v 0.515491 0.212766 0.016528
v 0.513586 0.211119 -0.018267
v 0.490132 0.232241 0.018963
v 0.466244 0.288424 0.020158
v 0.476276 0.224230 0.016082
v 0.473329 0.222820 -0.018267
v 0.445641 0.240432 0.017931
v 0.426828 0.268757 0.019679
v 0.384528 0.240007 0.015978
v 0.430126 0.231084 0.014476
v 0.425354 0.228539 -0.018267
v 0.376385 0.233142 0.011452
v 0.372652 0.229923 -0.018267
v -1.230841 0.266653 0.020707
v -1.296147 0.276607 0.023719
v -1.234884 0.294807 0.032148
v -1.192954 0.264003 0.021251
v -1.181584 0.318137 0.043682
v -1.296147 0.276607 0.023719
v -1.230841 0.266653 0.020707
v -1.227872 0.258829 0.028659
v -1.192954 0.264003 0.021251
v -1.188536 0.250730 0.030809
v -1.143237 0.261103 0.025968
v -1.143307 0.245071 0.034009
v -1.100330 0.244609 0.036227
v -1.083728 0.256354 0.027315
v -1.082718 0.257158 0.009888
v -1.145390 0.256504 0.003281
v -1.195181 0.261248 0.009187
v -1.086494 0.254339 -0.018267
v -1.199186 0.257766 -0.003194
v -1.145271 0.255594 -0.018267
v -1.199655 0.257387 -0.018267
v 0.247689 0.105132 0.058995
v 0.294588 0.098131 0.050627
v 0.245584 0.128868 0.045869
v 0.212820 0.114117 0.063913
v 0.210585 0.137940 0.046895
v 0.190356 0.124137 0.065344
v 0.188601 0.144284 0.047367
v 0.174262 0.134198 0.065650
v 0.148736 0.164627 0.045853
v 0.141803 0.155118 0.065810
v 0.104192 0.196515 0.041708
v 0.107672 0.175885 0.066274
v 0.072700 0.205784 0.055018
v 0.074863 0.194399 0.067515
v 0.052514 0.211665 0.063675
v 0.038873 0.212308 0.069207
v 1.553889 0.079216 -0.018267
v 1.507052 0.107283 -0.070805
v 1.528203 0.105567 -0.072051
v 1.578317 0.091517 -0.073895
v 1.557017 0.081343 -0.018267
v 1.959086 0.498665 -0.018267
v 1.963002 0.429653 -0.018267
v 1.955854 0.442061 -0.027904
v 1.926951 0.437160 -0.066190
v 1.935738 0.471176 -0.064631
v 1.941744 0.451580 -0.047812
v 1.914811 0.446668 -0.089065
v 1.890351 0.418384 -0.106573
v 1.891638 0.393891 -0.086762
v 1.857609 0.383872 -0.118130
v 1.861360 0.360508 -0.095092
v 1.838697 0.361072 -0.127606
v 1.842027 0.330874 -0.100008
v 1.845942 0.358692 -0.135362
v 1.840986 0.312824 -0.101238
v 1.861872 0.358602 -0.145574
v 1.847806 0.282176 -0.097903
v 1.867496 0.333171 -0.137271
v 1.884848 0.358140 -0.157739
v 1.859105 0.286155 -0.112661
v 1.872549 0.228210 -0.092229
v 0.813119 0.452591 0.053683
v 0.794962 0.467733 0.046003
v 0.795897 0.451449 0.055537
v 0.727184 0.446734 0.064594
v 0.747875 0.448237 0.061774
v 0.733163 0.474959 0.053272
v 0.706127 0.445011 0.067282
v 0.717727 0.467720 0.058015
v 0.699030 0.460178 0.063013
v 0.678095 0.452593 0.068055
v 0.693046 0.465129 0.055367
v 0.675349 0.458737 0.058042
v 0.683534 0.442664 0.070071
v 0.649677 0.443472 0.072184
v 0.647640 0.449540 0.062196
v 0.656284 0.437862 0.073143
v 0.620047 0.433710 0.074205
v 0.617932 0.439801 0.065737
v 0.629371 0.431399 0.075444
v 0.592646 0.423626 0.073710
v 0.585269 0.425706 0.066518
v 0.599992 0.422840 0.075597
v 0.630851 0.424819 0.078953
v 0.578789 0.418103 0.072779
v 0.564150 0.415887 0.066163
v 0.585624 0.418557 0.074329
v 0.570802 0.414074 0.072245
v 0.543934 0.405927 0.065287
v 0.543934 0.405927 0.065287
v 0.567229 0.407217 0.064889
v 0.582961 0.415740 0.074034
v 0.592546 0.409087 0.063943
v 0.600280 0.419033 0.076211
v 0.629315 0.412329 0.062096
v 0.657356 0.414524 0.060350
v 0.658516 0.429188 0.080096
v 0.685184 0.415566 0.059024
v 0.685995 0.431844 0.079710
v 0.708620 0.432765 0.078432
v 0.709174 0.415455 0.058115
v 0.729914 0.433374 0.077088
v 0.733273 0.415187 0.057225
v 0.751856 0.433790 0.075172
v 0.757534 0.414777 0.056323
v 0.771672 0.449837 0.058694
v 0.769136 0.469826 0.048531
v 0.778668 0.434152 0.072362
v 0.782795 0.414007 0.055342
v 0.801902 0.434426 0.069682
v 0.806169 0.412980 0.054471
v 0.824490 0.434916 0.066799
v 0.826569 0.411162 0.054061
v 0.844213 0.455128 0.047887
v 0.838045 0.453522 0.045653
v 0.866046 0.454331 0.036926
v 0.848584 0.435726 0.063575
v 0.854222 0.407659 0.053913
v 0.871146 0.457732 0.042868
v 0.893143 0.456142 0.027538
v 0.875684 0.419067 0.059243
v 0.901443 0.461479 0.036459
v 0.918711 0.458862 0.017105
v 0.880376 0.437623 0.058963
v 0.919942 0.442374 0.051633
v 0.940427 0.468560 0.024795
v 0.928770 0.428172 0.048232
v 0.958539 0.449734 0.042021
v 0.960310 0.436012 0.039242
v 0.994274 0.444941 0.021818
v 0.992690 0.461968 0.025027
v 1.030078 0.459106 -0.005833
v 0.992690 0.461968 -0.061561
v 1.030078 0.459106 -0.030701
v 0.994274 0.444941 -0.058352
v 0.958539 0.449734 -0.078555
v 0.960310 0.436012 -0.075776
v 0.928770 0.428172 -0.084766
v 0.919942 0.442374 -0.088167
v 0.940427 0.468560 -0.061329
v 0.875684 0.419067 -0.095777
v 0.901443 0.461479 -0.072993
v 0.918711 0.458862 -0.053639
v 0.893143 0.456142 -0.064072
v 0.880376 0.437623 -0.095497
v 0.871146 0.457732 -0.079402
v 0.866046 0.454331 -0.073460
v 0.848584 0.435726 -0.100109
v 0.854222 0.407659 -0.090447
v 0.826569 0.411162 -0.090595
v 0.844213 0.455128 -0.084421
v 0.838045 0.453522 -0.082187
v 0.813076 0.453037 -0.089821
v 0.824490 0.434916 -0.103333
v 0.806169 0.412980 -0.091005
v 0.801902 0.434426 -0.106216
v 0.782795 0.414007 -0.091876
v 0.795897 0.451449 -0.092071
v 0.791638 0.471177 -0.080327
v 0.778668 0.434152 -0.108896
v 0.757534 0.414777 -0.092857
v 0.771672 0.449837 -0.095228
v 0.778926 0.470568 -0.082675
v 0.751856 0.433790 -0.111706
v 0.733273 0.415187 -0.093759
v 0.729914 0.433374 -0.113622
v 0.709174 0.415455 -0.094650
v 0.747875 0.448237 -0.098308
v 0.759346 0.469085 -0.087455
v 0.727184 0.446734 -0.101128
v 0.733163 0.474959 -0.089806
v 0.717727 0.467720 -0.094549
v 0.706127 0.445011 -0.103816
v 0.699030 0.460178 -0.099547
v 0.678095 0.452593 -0.104589
v 0.693046 0.465129 -0.091901
v 0.675349 0.458737 -0.094576
v 0.683534 0.442664 -0.106605
v 0.708620 0.432765 -0.114966
v 0.685995 0.431844 -0.116244
v 0.671270 0.415045 -0.096221
v 0.658516 0.429188 -0.116630
v 0.629315 0.412329 -0.098630
v 0.656284 0.437862 -0.109677
v 0.630851 0.424819 -0.115487
v 0.649677 0.443472 -0.108718
v 0.647640 0.449540 -0.098730
v 0.629371 0.431399 -0.111978
v 0.620047 0.433710 -0.110739
v 0.617932 0.439801 -0.102271
v 0.599992 0.422840 -0.112131
v 0.592646 0.423626 -0.110244
v 0.585269 0.425706 -0.103052
v 0.600280 0.419033 -0.112745
v 0.592546 0.409087 -0.100477
v 0.578789 0.418103 -0.109313
v 0.564150 0.415887 -0.102697
v 0.585624 0.418557 -0.110863
v 0.570802 0.414074 -0.108779
v 0.543934 0.405927 -0.101821
v 0.582961 0.415740 -0.110568
v 0.567229 0.407217 -0.101423
v 0.543934 0.405927 -0.101821
v 0.832800 0.471639 0.034989
v 0.813119 0.452591 0.053683
v 0.838045 0.453522 0.045653
v 0.866046 0.454331 0.036926
v 0.860229 0.468586 0.026418
v 0.886995 0.467420 0.017517
v 0.893143 0.456142 0.027538
v 0.913345 0.467270 0.008243
v 0.918711 0.458862 0.017105
v 0.813076 0.453037 -0.089821
v 0.832800 0.471639 -0.071523
v 0.838045 0.453522 -0.082187
v 0.866046 0.454331 -0.073460
v 0.860229 0.468586 -0.062952
v 0.886995 0.467420 -0.054051
v 0.893143 0.456142 -0.064072
v 0.913345 0.467270 -0.044777
v 0.918711 0.458862 -0.053639
v 0.038873 0.212308 -0.105741
v 0.033555 0.220334 -0.100357
v 0.052514 0.211665 -0.100209
v -0.004995 0.228784 -0.107234
v -0.003155 0.237538 -0.100357
v -0.045617 0.238870 -0.108430
v -0.072682 0.263172 -0.100357
v -0.087281 0.240913 -0.110920
v -0.125075 0.280028 -0.100357
v -0.149621 0.235743 -0.115140
v -0.159973 0.246756 -0.114026
v -0.171735 0.293505 -0.100171
v -0.186384 0.220566 -0.059038
v -0.182469 0.204806 -0.061050
v -0.193783 0.266118 -0.107888
v -0.211887 0.303253 -0.099706
v -0.199087 0.207811 -0.018267
v -0.205912 0.182023 -0.018267
v -0.219943 0.241121 -0.018267
v -0.211678 0.248745 -0.058807
v -0.228359 0.278506 -0.102446
v -0.244191 0.266428 -0.059207
v -0.251835 0.260032 -0.018267
v -0.242859 0.309717 -0.098957
v -0.215559 0.326657 -0.099965
v -0.265210 0.290504 -0.097182
v -0.287088 0.279426 -0.060585
v -0.296900 0.273421 -0.018267
v -0.250984 0.325364 -0.109412
v -0.324661 0.283004 -0.059789
v -0.330411 0.277428 -0.018267
v -0.217364 0.334940 -0.105620
v -0.185697 0.344880 -0.100973
v -0.218171 0.342575 -0.100074
v -0.253412 0.340099 -0.099789
v -0.283201 0.318110 -0.111024
v -0.287462 0.338295 -0.099281
v -0.319175 0.292329 -0.089097
v -0.318424 0.312943 -0.110670
v -0.318648 0.338735 -0.099443
v -0.348998 0.341614 -0.099368
v -0.373558 0.308864 -0.107723
v -0.373466 0.346879 -0.098537
v -0.374663 0.293397 -0.084768
v -0.376731 0.286190 -0.059289
v -0.380775 0.281144 -0.018267
v -0.442284 0.305841 -0.102417
v -0.441094 0.287627 -0.057702
v -0.449420 0.284042 -0.018267
v -0.439740 0.292955 -0.077847
v -0.521248 0.290785 -0.064221
v -0.526702 0.285785 -0.018267
v -0.614653 0.286599 -0.018267
v -0.522970 0.302801 -0.095696
v -0.613611 0.300854 -0.091600
v -0.402020 0.335408 -0.098344
v -0.447688 0.319118 -0.097973
v -0.449990 0.351043 -0.123572
v -0.398145 0.361013 -0.120457
v -0.366081 0.370234 -0.116966
v -0.342387 0.370341 -0.102426
v -0.413300 0.380409 -0.102906
v -0.379241 0.384508 -0.103882
v -0.459545 0.375789 -0.101484
v -0.342000 0.389043 -0.105097
v -0.512815 0.374650 -0.100877
v -0.336359 0.381571 -0.112051
v -0.316798 0.390372 -0.106315
v -0.532791 0.342893 -0.125232
v -0.543448 0.379724 -0.101480
v -0.577828 0.365865 -0.105348
v -0.607573 0.339283 -0.124347
v -0.562347 0.394505 -0.117082
v -0.529611 0.404621 -0.109270
v -0.570513 0.405113 -0.108643
v -0.614005 0.381491 -0.124020
v -0.625672 0.403959 -0.108517
v -0.613568 0.356302 -0.108318
v -0.649769 0.338244 -0.122562
v -0.651307 0.351362 -0.108458
v -0.665149 0.377421 -0.125497
v -0.675057 0.407974 -0.109145
v -0.699724 0.411129 -0.109742
v -0.729405 0.401851 -0.106654
v -0.743882 0.375389 -0.125519
v -0.775330 0.396021 -0.104982
v -0.724294 0.349206 -0.105824
v -0.811242 0.373152 -0.125218
v -0.820739 0.392460 -0.103887
v -0.792874 0.347899 -0.103830
v -0.721876 0.336880 -0.120492
v -0.791680 0.335803 -0.119061
v -0.714010 0.300389 -0.088700
v -0.711927 0.287658 -0.018267
v -0.784784 0.288779 -0.018267
v -0.789414 0.300758 -0.086367
v -0.856679 0.289863 -0.018267
v -0.855160 0.334553 -0.117821
v -0.859858 0.300657 -0.082531
v -0.920122 0.292838 -0.051778
v -0.922724 0.290680 -0.018267
v -0.860683 0.346952 -0.103225
v -0.952836 0.295857 -0.045121
v -0.954289 0.293789 -0.018267
v -0.865084 0.370881 -0.124741
v -0.874469 0.389724 -0.103319
v -0.988765 0.288217 -0.044012
v -0.990072 0.285576 -0.018267
v -0.913155 0.368283 -0.123852
v -0.917973 0.386826 -0.102396
v -0.903264 0.345812 -0.102446
v -0.958403 0.362911 -0.121236
v -0.961364 0.381580 -0.099256
v -0.947045 0.342090 -0.100292
v -0.892370 0.333095 -0.116467
v -0.931462 0.329850 -0.113799
v -0.893458 0.314106 -0.100626
v -0.960553 0.323334 -0.110075
v -0.906387 0.298418 -0.076695
v -0.946554 0.313699 -0.095841
v -0.949327 0.302261 -0.070874
v -0.986818 0.295682 -0.068886
v -0.980046 0.334352 -0.098251
v -0.987773 0.312430 -0.104491
v -0.991577 0.352652 -0.116726
v -1.007627 0.369216 -0.095196
v -1.006400 0.321897 -0.096209
v -1.017557 0.337863 -0.112669
v -1.029641 0.348805 -0.096410
v -1.050945 0.329136 -0.094353
v -1.015358 0.295289 -0.095181
v -1.035225 0.301728 -0.091441
v -1.047918 0.315561 -0.105561
v -1.068329 0.310112 -0.094643
v -1.078734 0.290894 -0.093848
v -1.034582 0.276809 -0.079272
v -1.059566 0.279176 -0.080278
v -1.083318 0.280159 -0.088397
v -1.054741 0.259573 -0.047522
v -1.060197 0.255911 -0.018267
v -1.071474 0.267860 -0.072209
v -1.083728 0.256354 -0.063849
v -1.082718 0.257158 -0.046422
v -1.086494 0.254339 -0.018267
v 0.675349 0.458737 0.058042
v 0.648681 0.467167 0.067451
v 0.647640 0.449540 0.062196
v 0.629050 0.462736 0.070436
v 0.617932 0.439801 0.065737
v 0.608544 0.457924 0.072384
v 0.585269 0.425706 0.066518
v 0.584891 0.452264 0.073363
v 0.564150 0.415887 0.066163
v 0.543611 0.443717 0.074061
v 0.543934 0.405927 0.065287
v 0.515165 0.438950 0.074710
v 0.520556 0.390073 0.063822
v 0.478967 0.434614 0.075512
v 0.560078 0.393231 0.063978
v 0.567229 0.407217 0.064889
v 0.475377 0.384179 0.063822
v 0.428094 0.431045 0.076555
v 0.520850 0.364722 0.041708
v 0.600953 0.395505 0.064242
v 0.592546 0.409087 0.063943
v 0.629315 0.412329 0.062096
v 0.563851 0.368145 0.041708
v 0.637433 0.396173 0.064462
v 0.657356 0.414524 0.060350
v 0.603548 0.370027 0.041717
v 0.679274 0.396144 0.064106
v 0.685184 0.415566 0.059024
v 0.709174 0.415455 0.058115
v 0.637071 0.369995 0.041763
v 0.729920 0.394955 0.063509
v 0.733273 0.415187 0.057225
v 0.757534 0.414777 0.056323
v 0.677017 0.368923 0.041943
v 0.726295 0.365544 0.042803
v 0.770240 0.392736 0.063122
v 0.782795 0.414007 0.055342
v 0.762785 0.361387 0.043541
v 0.808773 0.389469 0.062802
v 0.806169 0.412980 0.054471
v 0.826569 0.411162 0.054061
v 0.851882 0.384886 0.062486
v 0.854222 0.407659 0.053913
v 0.842723 0.348962 0.043914
v 0.800077 0.356032 0.043841
v 0.823488 0.336297 0.043638
v 0.787482 0.344056 0.043731
v 0.785085 0.334409 0.040756
v 0.754588 0.336171 0.035817
v 0.752767 0.345845 0.043260
v 0.718492 0.333555 0.026830
v 0.708774 0.344359 0.041921
v 0.685170 0.324655 0.021229
v 0.676944 0.338687 0.041098
v 0.633998 0.309427 0.020138
v 0.630465 0.322963 0.041010
v 0.601696 0.304830 0.020016
v 0.600290 0.321309 0.041010
v 0.570905 0.306748 0.020077
v 0.570982 0.324365 0.041010
v 0.543369 0.325974 0.041010
v 0.542177 0.307256 0.020135
v 0.503491 0.301827 0.020140
v 0.501795 0.320946 0.041010
v 0.466244 0.288424 0.020158
v 0.474912 0.357496 0.041708
v 0.447859 0.301984 0.040990
v 0.426828 0.268757 0.019679
v 0.374229 0.396994 0.070402
v 0.401529 0.275324 0.039977
v 0.377583 0.280016 0.039261
v 0.384528 0.240007 0.015978
v 0.365822 0.249846 0.035835
v 0.356120 0.256867 0.036762
v 0.352999 0.234388 0.028755
v 0.346145 0.237706 0.028400
v 0.376385 0.233142 0.011452
v 0.340940 0.216920 0.020679
v 0.340996 0.217306 -0.018267
v 0.340940 0.216920 -0.018267
v 0.372652 0.229923 -0.018267
v -0.373466 0.346879 -0.098537
v -0.342387 0.370341 -0.102426
v -0.348998 0.341614 -0.099368
v -0.318648 0.338735 -0.099443
v -0.316798 0.390372 -0.106315
v -0.287462 0.338295 -0.099281
v -0.267148 0.353692 -0.101432
v -0.253412 0.340099 -0.099789
v -0.212569 0.354399 -0.100506
v -0.218171 0.342575 -0.100074
v -0.185697 0.344880 -0.100973
v -0.211887 0.303253 -0.099706
v -0.215559 0.326657 -0.099965
v -0.171735 0.293505 -0.100171
v -0.125075 0.280028 -0.100357
v -0.244849 0.385981 -0.104644
v -0.177441 0.355074 -0.100500
v 0.002162 0.355382 -0.100608
v -0.072682 0.263172 -0.100357
v -0.003155 0.237538 -0.100357
v -0.177442 0.382562 -0.103928
v 0.033555 0.220334 -0.100357
v -0.177442 0.397423 -0.107314
v 0.110198 0.241217 -0.100357
v 0.052514 0.211665 -0.100209
v 0.072700 0.205784 -0.091552
v 0.104192 0.196515 -0.078242
v 0.150929 0.222307 -0.078242
v 0.159302 0.215208 -0.076993
v 0.178086 0.276029 -0.100357
v 0.209409 0.254099 -0.078242
v 0.222652 0.245493 -0.075948
v 0.201948 0.358068 -0.101159
v 0.255830 0.278023 -0.078242
v 0.274874 0.270341 -0.075766
v 0.239406 0.306572 -0.100357
v 0.323875 0.310476 -0.078242
v 0.320201 0.291752 -0.077250
v 0.318536 0.274014 -0.074843
v 0.302151 0.265025 -0.073898
v 0.334970 0.282677 -0.075591
v 0.358914 0.294075 -0.076298
v 0.375614 0.331202 -0.078242
v 0.434909 0.322778 -0.078146
v 0.321197 0.343551 -0.100357
v 0.307575 0.378494 -0.102665
v 0.379956 0.363997 -0.100357
v 0.424642 0.346264 -0.078242
v 0.201952 0.379175 -0.103712
v 0.427072 0.375701 -0.100357
v 0.004939 0.381870 -0.103875
v 0.007217 0.397417 -0.107313
v 0.201948 0.397393 -0.107312
v 0.331314 0.397385 -0.107301
v 0.008577 0.429259 -0.114002
v 0.201948 0.429259 -0.114002
v -0.177442 0.429259 -0.114002
v 0.331315 0.429299 -0.113976
v 0.374230 0.429527 -0.113829
v -0.244849 0.396581 -0.107061
v -0.248833 0.429259 -0.114002
v -0.323627 0.429259 -0.114002
v -0.342000 0.389043 -0.105097
v -0.374036 0.429259 -0.114002
v -0.379241 0.384508 -0.103882
v -0.419450 0.429259 -0.114002
v -0.413300 0.380409 -0.102906
v -0.459545 0.375789 -0.101484
v -0.468022 0.429259 -0.114002
v -0.512815 0.374650 -0.100877
v -0.529611 0.404621 -0.109270
v -0.543448 0.379724 -0.101480
v -0.540471 0.429259 -0.114002
v -0.570513 0.405113 -0.108643
v -0.631153 0.429259 -0.113733
v -0.625672 0.403959 -0.108517
v -0.675057 0.407974 -0.109145
v -0.711120 0.429249 -0.112687
v -0.699724 0.411129 -0.109742
v -0.729405 0.401851 -0.106654
v -0.782131 0.428950 -0.111347
v -0.775330 0.396021 -0.104982
v -0.820739 0.392460 -0.103887
v -0.857039 0.427773 -0.110210
v -0.874469 0.389724 -0.103319
v -0.924634 0.424333 -0.109182
v -0.917973 0.386826 -0.102396
v -0.975926 0.416641 -0.106426
v -0.961364 0.381580 -0.099256
v -1.007627 0.369216 -0.095196
v -1.022295 0.379195 -0.094892
v -1.044442 0.395875 -0.096612
v 0.648681 0.467167 -0.103985
v 0.675349 0.458737 -0.094576
v 0.647640 0.449540 -0.098730
v 0.629050 0.462736 -0.106970
v 0.617932 0.439801 -0.102271
v 0.608544 0.457924 -0.108918
v 0.585269 0.425706 -0.103052
v 0.584891 0.452264 -0.109898
v 0.564150 0.415887 -0.102697
v 0.543611 0.443717 -0.110595
v 0.543934 0.405927 -0.101821
v 0.515165 0.438950 -0.111244
v 0.520556 0.390073 -0.100357
v 0.478967 0.434614 -0.112046
v 0.560078 0.393231 -0.100512
v 0.567229 0.407217 -0.101423
v 0.475377 0.384179 -0.100357
v 0.428094 0.431045 -0.113089
v 0.520850 0.364722 -0.078242
v 0.600953 0.395505 -0.100776
v 0.592546 0.409087 -0.100477
v 0.629315 0.412329 -0.098630
v 0.563851 0.368145 -0.078242
v 0.637433 0.396173 -0.100996
v 0.657356 0.414524 -0.096884
v 0.603548 0.370027 -0.078251
v 0.679274 0.396144 -0.100640
v 0.685184 0.415566 -0.095558
v 0.709174 0.415455 -0.094650
v 0.637071 0.369995 -0.078297
v 0.729920 0.394955 -0.100043
v 0.733273 0.415187 -0.093759
v 0.757534 0.414777 -0.092857
v 0.677017 0.368923 -0.078477
v 0.726295 0.365544 -0.079337
v 0.770240 0.392736 -0.099656
v 0.782795 0.414007 -0.091876
v 0.762785 0.361387 -0.080075
v 0.808773 0.389469 -0.099337
v 0.806169 0.412980 -0.091005
v 0.826569 0.411162 -0.090595
v 0.851882 0.384886 -0.099020
v 0.854222 0.407659 -0.090447
v 0.842723 0.348962 -0.080448
v 0.800077 0.356032 -0.080376
v 0.823488 0.336297 -0.080172
v 0.787482 0.344056 -0.080265
v 0.785085 0.334409 -0.077290
v 0.754588 0.336171 -0.072351
v 0.752767 0.345845 -0.079794
v 0.718492 0.333555 -0.063365
v 0.708774 0.344359 -0.078455
v 0.685170 0.324655 -0.057763
v 0.676944 0.338687 -0.077632
v 0.633998 0.309427 -0.056672
v 0.630465 0.322963 -0.077545
v 0.601696 0.304830 -0.056550
v 0.600290 0.321309 -0.077545
v 0.570905 0.306748 -0.056612
v 0.570982 0.324365 -0.077545
v 0.543369 0.325974 -0.077545
v 0.542177 0.307256 -0.056669
v 0.503491 0.301827 -0.056675
v 0.501795 0.320946 -0.077545
v 0.466244 0.288424 -0.056692
v 0.474912 0.357496 -0.078242
v 0.447859 0.301984 -0.077525
v 0.426828 0.268757 -0.056213
v 0.374229 0.396994 -0.106936
v 0.401529 0.275324 -0.076511
v 0.377583 0.280016 -0.075795
v 0.384528 0.240007 -0.052512
v 0.365822 0.249846 -0.072369
v 0.356120 0.256867 -0.073297
v 0.352999 0.234388 -0.065289
v 0.346145 0.237706 -0.064935
v 0.376385 0.233142 -0.047987
v 0.340940 0.216920 -0.057214
v 0.340996 0.217306 -0.018267
v 0.340940 0.216920 -0.018267
v 0.372652 0.229923 -0.018267
v 0.234803 0.089851 0.018654
v 0.235938 0.123536 -0.018267
v 0.224601 0.125258 0.021483
v 0.245737 0.088893 -0.018267
v 0.234803 0.089851 -0.055189
v 0.224601 0.125258 -0.058017
v 0.235938 0.123536 -0.018267
v 0.245737 0.088893 -0.018267
v 0.134111 0.458015 -0.065260
v 0.125939 0.451112 -0.078213
v 0.136665 0.458665 -0.078213
v 0.122634 0.450930 -0.067393
v 0.104622 0.447252 -0.078213
v 0.104032 0.448128 -0.068200
v 0.060834 0.447991 -0.068158
v -0.016468 0.448419 -0.067904
v -0.134750 0.448645 -0.078213
v -0.093030 0.448848 -0.065856
v -0.134201 0.449517 -0.065587
v -0.150435 0.452348 -0.064797
v -0.153261 0.452485 -0.078213
v -0.160145 0.458956 -0.063049
v -0.162340 0.459523 -0.078213
v -1.648484 0.392471 -0.004650
v -1.560460 0.386430 -0.018267
v -1.652310 0.386430 -0.018267
v -1.560677 0.392471 -0.004650
v -1.644896 0.404292 0.000635
v -1.560804 0.404292 0.000635
v -1.560683 0.416040 -0.004433
v -1.648900 0.416040 -0.004433
v -1.560464 0.422319 -0.018267
v -1.660346 0.424729 -0.018267
v -1.764862 0.378350 -0.018267
v -1.780241 0.386981 -0.032012
v -1.799895 0.386737 -0.018267
v -1.756793 0.374731 -0.033883
v -1.734337 0.369075 -0.018267
v -1.734418 0.369075 -0.039176
v -1.696977 0.371067 -0.018267
v -1.696977 0.371067 -0.044911
v -1.669359 0.377118 -0.018267
v -1.669359 0.377118 -0.047887
v -1.652310 0.386430 -0.018267
v -1.655184 0.384225 -0.049362
v -1.648484 0.392471 -0.031884
v -1.647644 0.393389 -0.049875
v -1.644896 0.404292 -0.037170
v -1.644761 0.404702 -0.049861
v -1.649202 0.416654 -0.049496
v -1.648900 0.416040 -0.032102
v -1.668768 0.428614 -0.048342
v -1.660346 0.424729 -0.018267
v -1.697406 0.436137 -0.018267
v -1.697406 0.436128 -0.046994
v -1.736147 0.439434 -0.018267
v -1.736147 0.439434 -0.047046
v -1.777596 0.438758 -0.018267
v -1.777596 0.438758 -0.050098
v -1.814654 0.429222 -0.018267
v -1.813038 0.429167 -0.059120
v -1.862651 0.429393 -0.052285
v -1.870549 0.429043 -0.018267
v -1.923725 0.429334 -0.041558
v -1.928225 0.428981 -0.018267
v -1.969631 0.429225 -0.029729
v -1.966497 0.428974 -0.018267
v -2.000000 0.429951 -0.018267
v -1.648900 0.416040 -0.032102
v -1.560464 0.422319 -0.018267
v -1.660346 0.424729 -0.018267
v -1.560683 0.416040 -0.032102
v -1.644896 0.404292 -0.037170
v -1.560804 0.404292 -0.037170
v -1.560677 0.392471 -0.031884
v -1.648484 0.392471 -0.031884
v -1.560460 0.386430 -0.018267
v -1.652310 0.386430 -0.018267
v 1.557017 0.081343 -0.018267
v 1.578317 0.091517 0.037361
v 1.528203 0.105567 0.035516
v 1.507052 0.107283 0.034271
v 1.553889 0.079216 -0.018267
v 0.323006 0.078380 0.023246
v 0.306814 0.112526 0.033117
v 0.294588 0.098131 0.050627
v 0.276337 0.147708 0.055354
v 0.298625 0.143571 0.034340
v 0.245584 0.128868 0.045869
v 0.300514 0.172679 0.033949
v 0.274634 0.191162 0.057804
v 0.316378 0.197328 0.029440
v 0.248456 0.178754 0.047404
v 0.294229 0.225918 0.057857
v 0.340940 0.216920 0.020679
v 0.272340 0.232197 0.044266
v 0.320245 0.252814 0.057708
v 0.346145 0.237706 0.028400
v 0.302151 0.265025 0.037364
v 0.335264 0.265479 0.057472
v 0.356120 0.256867 0.036762
v 0.318536 0.274014 0.038309
v 0.334970 0.282677 0.039057
v 0.348437 0.275346 0.056340
v 0.377583 0.280016 0.039261
v 0.358914 0.294075 0.039763
v 0.368682 0.288478 0.052965
v 0.434909 0.322778 0.041611
v 0.291630 0.269624 0.046705
v 0.320201 0.291752 0.040716
v 0.274874 0.270341 0.039232
v 0.251351 0.238429 0.055148
v 0.222652 0.245493 0.039413
v 0.207774 0.200345 0.059690
v 0.159302 0.215208 0.040459
v 0.178155 0.171248 0.059889
v 0.104192 0.196515 0.041708
v 0.210585 0.137940 0.046895
v 0.148736 0.164627 0.045853
v 0.188601 0.144284 0.047367
v 0.306855 0.112496 -0.018267
v 0.323006 0.078380 0.023246
v 0.324028 0.077419 -0.018267
v 0.306814 0.112526 0.033117
v 0.298855 0.143527 -0.018267
v 0.298625 0.143571 0.034340
v 0.300514 0.172679 0.033949
v 0.300785 0.172484 -0.018267
v 0.316378 0.197328 0.029440
v 0.316633 0.197025 -0.018267
v 0.340940 0.216920 0.020679
v 0.340940 0.216920 -0.018267
v 0.542745 0.106601 -0.055452
v 0.529471 0.101142 -0.055563
v 0.533784 0.103050 -0.050866
v 0.529876 0.100835 -0.037235
v 0.482553 0.088495 -0.053066
v 0.485201 0.088791 -0.018267
v 0.531245 0.101229 -0.018267
v 0.384814 0.097756 -0.038200
v 0.410090 0.088753 -0.018267
v 0.410201 0.088435 -0.045074
v 0.387356 0.096598 -0.018267
v 0.352391 0.114993 -0.025283
v 0.350499 0.116502 -0.018267
v 1.318070 0.207717 -0.058804
v 1.267835 0.218969 -0.044855
v 1.287549 0.214509 -0.058585
v 1.236302 0.232992 -0.060685
v 1.245331 0.223111 -0.032725
v 1.230427 0.225352 -0.018267
v 1.208178 0.231104 -0.018267
v 1.152951 0.253877 -0.060928
v 1.139906 0.248400 -0.018267
v 1.071807 0.270715 -0.061338
v 1.064342 0.263615 -0.018267
v 0.985338 0.284793 -0.061112
v 0.979452 0.278086 -0.018267
v 0.985808 0.318691 -0.081487
v 0.934263 0.291727 -0.061111
v 0.937963 0.322979 -0.081283
v 0.932765 0.284960 -0.018267
v 0.883770 0.325677 -0.081059
v 0.883363 0.294686 -0.060857
v 0.884076 0.288536 -0.018267
v 0.843590 0.285286 -0.018267
v 0.838191 0.292646 -0.059214
v 0.833155 0.324374 -0.080880
v 0.823964 0.277790 -0.018267
v 0.800056 0.320049 -0.080815
v 0.823488 0.336297 -0.080172
v 0.785085 0.334409 -0.077290
v 0.811156 0.284398 -0.056201
v 0.798082 0.253838 -0.018267
v 0.778015 0.314319 -0.080809
v 0.754588 0.336171 -0.072351
v 0.752421 0.304491 -0.080809
v 0.718492 0.333555 -0.063365
v 0.783556 0.258855 -0.053201
v 0.733517 0.283848 -0.080809
v 0.685170 0.324655 -0.057763
v 0.772450 0.224233 -0.052291
v 0.784668 0.220771 -0.018267
v 0.669680 0.306005 -0.056922
v 0.633998 0.309427 -0.056672
v 0.731427 0.242588 -0.080315
v 0.664034 0.262303 -0.056717
v 0.774444 0.192205 -0.051772
v 0.784954 0.191602 -0.018267
v 0.740432 0.199399 -0.078065
v 0.791073 0.145859 -0.051290
v 0.801072 0.143899 -0.018267
v 0.824375 0.095911 -0.050528
v 0.833171 0.093956 -0.018267
v 0.786501 0.107260 -0.071021
v 0.762018 0.150533 -0.074937
v 0.760300 0.115685 -0.068928
v 0.724924 0.148478 -0.061556
v 0.713458 0.129362 -0.064346
v 0.653644 0.148755 -0.058950
v 0.688938 0.197680 -0.057242
v 0.612424 0.165193 -0.057029
v 0.589235 0.167616 -0.055876
v 0.590440 0.143461 -0.056556
v 0.580057 0.182916 -0.055823
v 0.601696 0.304830 -0.056550
v 0.566311 0.148977 -0.053051
v 0.567519 0.122748 -0.056208
v 0.561600 0.173545 -0.053070
v 0.557578 0.203277 -0.055822
v 0.570905 0.306748 -0.056612
v 0.558694 0.171569 -0.018267
v 0.561899 0.145874 -0.018267
v 0.543498 0.194286 -0.018267
v 0.555519 0.128352 -0.053051
v 0.553048 0.126432 -0.018267
v 0.552454 0.112481 -0.055930
v 0.546038 0.195386 -0.053130
v 0.544115 0.115027 -0.054161
v 0.542745 0.106601 -0.055452
v 0.543165 0.115474 -0.037240
v 0.543165 0.115474 -0.018267
v 0.533978 0.107720 -0.049720
v 0.533784 0.103050 -0.050866
v 0.529876 0.100835 -0.037235
v 0.533386 0.107013 -0.037240
v 0.533386 0.107013 -0.018267
v 0.531245 0.101229 -0.018267
v 0.524366 0.220646 -0.055758
v 0.542177 0.307256 -0.056669
v 0.503491 0.301827 -0.056675
v 0.515491 0.212766 -0.053063
v 0.513586 0.211119 -0.018267
v 0.490132 0.232241 -0.055497
v 0.466244 0.288424 -0.056692
v 0.476276 0.224230 -0.052616
v 0.473329 0.222820 -0.018267
v 0.445641 0.240432 -0.054465
v 0.426828 0.268757 -0.056213
v 0.384528 0.240007 -0.052512
v 0.430126 0.231084 -0.051010
v 0.425354 0.228539 -0.018267
v 0.376385 0.233142 -0.047987
v 0.372652 0.229923 -0.018267
v -1.230841 0.266653 -0.057242
v -1.234884 0.294807 -0.068682
v -1.296147 0.276607 -0.060253
v -1.192954 0.264003 -0.057785
v -1.181584 0.318137 -0.080216
v -1.296147 0.276607 -0.060253
v -1.227872 0.258829 -0.065193
v -1.230841 0.266653 -0.057242
v -1.192954 0.264003 -0.057785
v -1.188536 0.250730 -0.067343
v -1.143237 0.261103 -0.062502
v -1.143307 0.245071 -0.070544
v -1.100330 0.244609 -0.072762
v -1.083728 0.256354 -0.063849
v -1.082718 0.257158 -0.046422
v -1.145390 0.256504 -0.039815
v -1.195181 0.261248 -0.045721
v -1.086494 0.254339 -0.018267
v -1.199186 0.257766 -0.033340
v -1.145271 0.255594 -0.018267
v -1.199655 0.257387 -0.018267
v 0.074863 0.194399 -0.104049
v 0.038873 0.212308 -0.105741
v 0.052514 0.211665 -0.100209
v 0.072700 0.205784 -0.091552
v 0.107672 0.175885 -0.102809
v 0.104192 0.196515 -0.078242
v 0.141803 0.155118 -0.102344
v 0.148736 0.164627 -0.082387
v 0.174262 0.134198 -0.102185
v 0.188601 0.144284 -0.083901
v 0.190356 0.124137 -0.101878
v 0.210585 0.137940 -0.083429
v 0.212820 0.114117 -0.100447
v 0.245584 0.128868 -0.082403
v 0.247689 0.105132 -0.095529
v 0.294588 0.098131 -0.087162
v 0.306814 0.112526 -0.069651
v 0.323006 0.078380 -0.059780
v 0.294588 0.098131 -0.087162
v 0.276337 0.147708 -0.091888
v 0.298625 0.143571 -0.070874
v 0.245584 0.128868 -0.082403
v 0.300514 0.172679 -0.070483
v 0.274634 0.191162 -0.094338
v 0.316378 0.197328 -0.065974
v 0.248456 0.178754 -0.083939
v 0.294229 0.225918 -0.094391
v 0.340940 0.216920 -0.057214
v 0.272340 0.232197 -0.080800
v 0.320245 0.252814 -0.094242
v 0.346145 0.237706 -0.064935
v 0.302151 0.265025 -0.073898
v 0.335264 0.265479 -0.094007
v 0.356120 0.256867 -0.073297
v 0.318536 0.274014 -0.074843
v 0.334970 0.282677 -0.075591
v 0.348437 0.275346 -0.092874
v 0.377583 0.280016 -0.075795
v 0.358914 0.294075 -0.076298
v 0.368682 0.288478 -0.089499
v 0.434909 0.322778 -0.078146
v 0.291630 0.269624 -0.083239
v 0.320201 0.291752 -0.077250
v 0.274874 0.270341 -0.075766
v 0.251351 0.238429 -0.091682
v 0.222652 0.245493 -0.075948
v 0.207774 0.200345 -0.096224
v 0.159302 0.215208 -0.076993
v 0.178155 0.171248 -0.096424
v 0.104192 0.196515 -0.078242
v 0.210585 0.137940 -0.083429
v 0.148736 0.164627 -0.082387
v 0.188601 0.144284 -0.083901
v 0.323006 0.078380 -0.059780
v 0.306855 0.112496 -0.018267
v 0.324028 0.077419 -0.018267
v 0.306814 0.112526 -0.069651
v 0.298855 0.143527 -0.018267
v 0.298625 0.143571 -0.070874
v 0.300514 0.172679 -0.070483
v 0.300785 0.172484 -0.018267
v 0.316378 0.197328 -0.065974
v 0.316633 0.197025 -0.018267
v 0.340940 0.216920 -0.057214
v 0.340940 0.216920 -0.018267
v 0.564196 0.317356 0.028806
v 0.586590 0.314799 0.028851
v 0.570313 0.308922 0.020646
v 0.557149 0.310924 0.020559
v 0.544278 0.317375 0.028807
v 0.544613 0.311705 0.020646
v 0.532141 0.308400 0.020559
v 0.525032 0.311588 0.028811
v 0.513653 0.297242 0.020603
v 0.506594 0.300362 0.028822
v 0.497762 0.279198 0.020646
v 0.487864 0.278192 0.028851
v 0.502964 0.263207 0.028844
v 0.510131 0.265950 0.020646
v 0.524789 0.252394 0.028814
v 0.529684 0.256311 0.020646
v 0.544912 0.245702 0.028806
v 0.541766 0.253306 0.020646
v 0.550086 0.255848 0.028806
v 0.547146 0.265903 0.020581
v 0.555530 0.264746 0.028806
v 0.561894 0.272257 0.028733
v 0.570313 0.308922 0.020646
v 0.586590 0.314799 0.028851
v 0.586590 0.314799 -0.065386
v 0.564196 0.317356 -0.065340
v 0.570313 0.308922 -0.057180
v 0.557149 0.310924 -0.057093
v 0.544278 0.317375 -0.065341
v 0.544613 0.311705 -0.057180
v 0.532141 0.308400 -0.057093
v 0.525032 0.311588 -0.065345
v 0.513653 0.297242 -0.057137
v 0.506594 0.300362 -0.065356
v 0.497762 0.279198 -0.057180
v 0.487864 0.278192 -0.065385
v 0.502964 0.263207 -0.065378
v 0.510131 0.265950 -0.057180
v 0.524789 0.252394 -0.065348
v 0.529684 0.256311 -0.057180
v 0.544912 0.245702 -0.065340
v 0.541766 0.253306 -0.057180
v 0.550086 0.255848 -0.065340
v 0.547146 0.265903 -0.057115
v 0.555530 0.264746 -0.065340
v 0.561894 0.272257 -0.065268
v 0.570313 0.308922 -0.057180
v 0.586590 0.314799 -0.065386
v 0.134023 0.456538 -0.104596
v 0.124047 0.451058 0.001402
v 0.134048 0.456533 0.001402
v 0.122941 0.449794 -0.110904
v 0.104372 0.447159 0.001402
v 0.104343 0.447160 -0.113394
v -0.134575 0.448609 -0.111848
v -0.134605 0.448609 0.001402
v -0.151223 0.451666 -0.109249
v -0.151256 0.451666 0.001402
v 0.180875 0.129370 -0.018267
v 0.224601 0.125258 0.021483
v 0.235938 0.123536 -0.018267
v 0.180875 0.129370 0.018051
v 0.175041 0.118902 0.016460
v 0.171542 0.112441 -0.018267
v 0.180875 0.129370 -0.018267
v 0.175041 0.118902 -0.052994
v 0.171542 0.112441 -0.018267
v 0.180875 0.129370 -0.054585
v 0.224601 0.125258 -0.058017
v 0.235938 0.123536 -0.018267
v -1.560464 0.422319 -0.018267
v -1.560419 0.404065 -0.018267
v -1.560683 0.416040 -0.004433
v -1.560804 0.404292 0.000635
v -1.560677 0.392471 -0.004650
v -1.560460 0.386430 -0.018267
v -1.560464 0.422319 -0.018267
v -1.560683 0.416040 -0.032102
v -1.560419 0.404065 -0.018267
v -1.560804 0.404292 -0.037170
v -1.560677 0.392471 -0.031884
v -1.560460 0.386430 -0.018267
v 1.601511 0.440737 0.021392
v 1.636778 0.451440 0.007861
v 1.623452 0.465474 0.016482
v 1.591875 0.457496 0.030707
v 1.544159 0.428024 0.039350
v 1.540789 0.447738 0.048277
v 1.479287 0.440655 0.058041
v 1.476978 0.420496 0.049142
v 1.413025 0.435768 0.062150
v 1.400071 0.415977 0.051328
v 1.330142 0.412667 0.051329
v 1.308969 0.430423 0.063697
v 1.293552 0.413955 0.053202
v 1.209394 0.418942 0.056818
v 1.184799 0.427868 0.060104
v 1.186565 0.413469 0.053259
v 1.105708 0.417974 0.051745
v 1.105534 0.428405 0.055308
v 1.023993 0.429992 0.051742
v 1.182936 0.389298 0.072097
v 1.264702 0.398158 0.056409
v 1.018864 0.422973 0.050057
v 0.946632 0.432127 0.049716
v 0.928770 0.428172 0.048232
v 1.098005 0.399335 0.068995
v 1.008599 0.408196 0.064853
v 1.092442 0.367438 0.053146
v 1.180487 0.349462 0.052117
v 1.003159 0.385005 0.053635
v 1.244228 0.350769 0.051426
v 0.923090 0.398263 0.053865
v 1.261509 0.377194 0.069927
v 1.298175 0.350249 0.050854
v 1.323739 0.382190 0.055889
v 1.321882 0.366363 0.066267
v 1.381739 0.345135 0.060400
v 1.358561 0.364269 0.056056
v 0.922116 0.415377 0.061029
v 0.883229 0.403674 0.053907
v 0.875684 0.419067 0.059243
v 0.854222 0.407659 0.053913
v 1.323739 0.382190 0.055889
v 1.358561 0.364269 0.056056
v 1.398651 0.360708 0.053626
v 1.381739 0.345135 0.060400
v 1.428750 0.328190 0.061535
v 1.444910 0.345367 0.052076
v 1.520178 0.289499 0.058076
v 1.538253 0.309969 0.045646
v 1.397066 0.293551 0.057205
v 1.589580 0.256721 0.053980
v 1.615790 0.276713 0.041172
v 1.485484 0.258337 0.056344
v 1.551113 0.229523 0.054709
v 1.660921 0.219628 0.050257
v 1.698886 0.234580 0.039042
v 1.607841 0.203326 0.053275
v 1.693642 0.198816 0.049474
v 1.739285 0.204751 0.039042
v 1.653102 0.181671 0.052066
v 1.716024 0.181216 0.049363
v 1.769215 0.174503 0.039042
v 1.691751 0.163004 0.050982
v 1.734285 0.156390 0.049360
v 1.800687 0.121755 0.039042
v 1.735424 0.141700 0.049688
v 1.801064 0.100323 0.039042
v 1.777955 0.089748 0.039042
v 1.726315 0.131185 0.051355
v 1.731626 0.093239 0.039042
v 1.675145 0.144537 0.056805
v 1.653712 0.110547 0.039042
v 1.631399 0.161354 0.060415
v 1.572047 0.134302 0.039042
v 1.580854 0.182209 0.063515
v 1.507280 0.155118 0.039042
v 1.520605 0.206622 0.064859
v 1.436059 0.176613 0.034857
v 1.457563 0.231580 0.064712
v 1.369375 0.195060 0.025818
v 1.374476 0.262898 0.063595
v 1.318070 0.207717 0.022270
v 1.317009 0.323065 0.056517
v 1.298175 0.350249 0.050854
v 1.244228 0.350769 0.051426
v 1.306822 0.285671 0.062960
v 1.287549 0.214509 0.022051
v 1.236302 0.232992 0.024151
v 1.236134 0.307105 0.062567
v 1.180487 0.349462 0.052117
v 1.152951 0.253877 0.024394
v 1.163603 0.326656 0.062275
v 1.092442 0.367438 0.053146
v 1.071807 0.270715 0.024804
v 1.086542 0.344090 0.061757
v 0.985808 0.318691 0.044953
v 0.999963 0.363046 0.061841
v 1.003159 0.385005 0.053635
v 0.923090 0.398263 0.053865
v 0.903299 0.378105 0.062198
v 0.883229 0.403674 0.053907
v 0.851882 0.384886 0.062486
v 0.854222 0.407659 0.053913
v 0.892949 0.338973 0.044184
v 0.937963 0.322979 0.044749
v 0.842723 0.348962 0.043914
v 0.883770 0.325677 0.044525
v 0.823488 0.336297 0.043638
v 0.833155 0.324374 0.044346
v 1.636778 0.451440 -0.044396
v 1.601511 0.440737 -0.057926
v 1.623452 0.465474 -0.053016
v 1.591875 0.457496 -0.067241
v 1.544159 0.428024 -0.075884
v 1.540789 0.447738 -0.084811
v 1.479287 0.440655 -0.094575
v 1.476978 0.420496 -0.085676
v 1.413025 0.435768 -0.098684
v 1.400071 0.415977 -0.087862
v 1.330142 0.412667 -0.087863
v 1.308969 0.430423 -0.100232
v 1.293552 0.413955 -0.089737
v 1.209394 0.418942 -0.093352
v 1.184799 0.427868 -0.096639
v 1.186565 0.413469 -0.089793
v 1.105708 0.417974 -0.088279
v 1.105534 0.428405 -0.091842
v 1.023993 0.429992 -0.088277
v 1.182936 0.389298 -0.108631
v 1.264702 0.398158 -0.092943
v 1.018864 0.422973 -0.086591
v 0.946632 0.432127 -0.086250
v 0.928770 0.428172 -0.084766
v 1.098005 0.399335 -0.105529
v 1.008599 0.408196 -0.101388
v 1.092442 0.367438 -0.089680
v 1.180487 0.349462 -0.088651
v 1.003159 0.385005 -0.090169
v 1.244228 0.350769 -0.087960
v 0.923090 0.398263 -0.090399
v 1.261509 0.377194 -0.106461
v 1.298175 0.350249 -0.087388
v 1.323739 0.382190 -0.092424
v 1.321882 0.366363 -0.102801
v 1.381739 0.345135 -0.096934
v 1.358561 0.364269 -0.092591
v 0.922116 0.415377 -0.097563
v 0.883229 0.403674 -0.090442
v 0.875684 0.419067 -0.095777
v 0.854222 0.407659 -0.090447
v 1.323739 0.382190 -0.092424
v 1.398651 0.360708 -0.090160
v 1.358561 0.364269 -0.092591
v 1.381739 0.345135 -0.096934
v 1.428750 0.328190 -0.098069
v 1.444910 0.345367 -0.088610
v 1.520178 0.289499 -0.094610
v 1.538253 0.309969 -0.082180
v 1.397066 0.293551 -0.093739
v 1.589580 0.256721 -0.090514
v 1.615790 0.276713 -0.077707
v 1.485484 0.258337 -0.092878
v 1.551113 0.229523 -0.091243
v 1.660921 0.219628 -0.086791
v 1.698886 0.234580 -0.075576
v 1.607841 0.203326 -0.089810
v 1.693642 0.198816 -0.086008
v 1.739285 0.204751 -0.075576
v 1.653102 0.181671 -0.088600
v 1.716024 0.181216 -0.085897
v 1.769215 0.174503 -0.075576
v 1.691751 0.163004 -0.087516
v 1.734285 0.156390 -0.085894
v 1.800687 0.121755 -0.075576
v 1.735424 0.141700 -0.086222
v 1.801064 0.100323 -0.075576
v 1.777955 0.089748 -0.075576
v 1.726315 0.131185 -0.087889
v 1.731626 0.093239 -0.075576
v 1.675145 0.144537 -0.093339
v 1.653712 0.110547 -0.075576
v 1.631399 0.161354 -0.096949
v 1.572047 0.134302 -0.075576
v 1.580854 0.182209 -0.100049
v 1.507280 0.155118 -0.075576
v 1.520605 0.206622 -0.101393
v 1.436059 0.176613 -0.071392
v 1.457563 0.231580 -0.101246
v 1.369375 0.195060 -0.062352
v 1.374476 0.262898 -0.100129
v 1.318070 0.207717 -0.058804
v 1.317009 0.323065 -0.093051
v 1.298175 0.350249 -0.087388
v 1.244228 0.350769 -0.087960
v 1.306822 0.285671 -0.099494
v 1.287549 0.214509 -0.058585
v 1.236302 0.232992 -0.060685
v 1.236134 0.307105 -0.099101
v 1.180487 0.349462 -0.088651
v 1.152951 0.253877 -0.060928
v 1.163603 0.326656 -0.098809
v 1.092442 0.367438 -0.089680
v 1.071807 0.270715 -0.061338
v 1.086542 0.344090 -0.098292
v 0.985808 0.318691 -0.081487
v 0.999963 0.363046 -0.098375
v 1.003159 0.385005 -0.090169
v 0.923090 0.398263 -0.090399
v 0.903299 0.378105 -0.098732
v 0.883229 0.403674 -0.090442
v 0.851882 0.384886 -0.099020
v 0.854222 0.407659 -0.090447
v 0.892949 0.338973 -0.080718
v 0.937963 0.322979 -0.081283
v 0.842723 0.348962 -0.080448
v 0.883770 0.325677 -0.081059
v 0.823488 0.336297 -0.080172
v 0.833155 0.324374 -0.080880
v 0.412987 0.251647 -0.018267
v 0.418126 0.234441 -0.018267
v 0.415823 0.251604 0.000369
v 0.420963 0.234398 0.000369
v 0.511386 0.246305 0.001932
v 0.441266 0.218706 -0.018267
v 0.511141 0.229432 0.001932
v 0.522655 0.238416 -0.018267
v 0.522411 0.221543 -0.018267
v 0.444103 0.218663 0.000369
v 0.457321 0.199976 -0.018267
v 0.509656 0.215689 0.001932
v 0.520926 0.207800 -0.018267
v 0.460158 0.199933 0.000369
v 0.460405 0.173298 -0.018267
v 0.504692 0.200505 0.001932
v 0.515962 0.192616 -0.018267
v 0.490343 0.176084 0.001932
v 0.501623 0.168696 -0.018267
v 0.463242 0.173255 0.000369
v 0.471078 0.149685 0.001581
v 0.481438 0.144030 -0.018267
v 0.456178 0.122595 -0.018267
v 0.453326 0.149461 0.000018
v 0.450284 0.149475 -0.018267
v 0.447858 0.130182 -0.001288
v 0.436198 0.132583 -0.002851
v 0.431748 0.132009 -0.018267
v 0.434160 0.115063 -0.009051
v 0.444706 0.100530 -0.018267
v 0.420118 0.107393 -0.018267
v 0.420451 0.120779 -0.010353
v 0.408286 0.114980 -0.018267
v 0.412987 0.251647 -0.018267
v 0.415823 0.251604 -0.036903
v 0.418126 0.234441 -0.018267
v 0.420963 0.234398 -0.036903
v 0.511386 0.246305 -0.038466
v 0.441266 0.218706 -0.018267
v 0.511141 0.229432 -0.038466
v 0.522655 0.238416 -0.018267
v 0.522411 0.221543 -0.018267
v 0.444103 0.218663 -0.036903
v 0.457321 0.199976 -0.018267
v 0.509656 0.215689 -0.038466
v 0.520926 0.207800 -0.018267
v 0.460158 0.199933 -0.036903
v 0.460405 0.173298 -0.018267
v 0.504692 0.200505 -0.038466
v 0.515962 0.192616 -0.018267
v 0.490343 0.176084 -0.038466
v 0.501623 0.168696 -0.018267
v 0.463242 0.173255 -0.036903
v 0.471078 0.149685 -0.038115
v 0.481438 0.144030 -0.018267
v 0.456178 0.122595 -0.018267
v 0.453326 0.149461 -0.036552
v 0.450284 0.149475 -0.018267
v 0.447858 0.130182 -0.035246
v 0.436198 0.132583 -0.033684
v 0.431748 0.132009 -0.018267
v 0.434160 0.115063 -0.027483
v 0.444706 0.100530 -0.018267
v 0.420118 0.107393 -0.018267
v 0.420451 0.120779 -0.026181
v 0.408286 0.114980 -0.018267
v 0.175041 0.118902 0.016460
v 0.224601 0.125258 0.021483
v 0.180875 0.129370 0.018051
v 0.191960 0.092344 0.014858
v 0.171542 0.112441 -0.018267
v 0.234803 0.089851 0.018654
v 0.184271 0.092262 -0.018267
v 0.175041 0.118902 -0.052994
v 0.180875 0.129370 -0.054585
v 0.224601 0.125258 -0.058017
v 0.191960 0.092344 -0.051392
v 0.171542 0.112441 -0.018267
v 0.234803 0.089851 -0.055189
v 0.184271 0.092262 -0.018267
v -1.544867 0.442978 0.026661
v -1.511136 0.468060 0.020978
v -1.519266 0.471669 0.015940
v -1.549103 0.457217 0.019371
v -1.583019 0.452132 0.019790
v -1.552674 0.464427 -0.018267
v -1.584534 0.458920 -0.018267
v -1.537720 0.428863 0.033601
v -1.496635 0.462507 0.028602
v -1.590037 0.416287 0.033158
v -1.622380 0.454996 0.015396
v -1.618976 0.459633 -0.018267
v -1.645345 0.466793 -0.018267
v -1.601825 0.430493 0.029684
v -1.684470 0.462218 0.004684
v -1.652889 0.465411 0.001338
v -1.638423 0.440550 0.025068
v -1.649202 0.416654 0.012962
v -1.644761 0.404702 0.013326
v -1.668768 0.428614 0.011808
v -1.595458 0.397758 0.034266
v -1.647644 0.393389 0.013341
v -1.684313 0.445306 0.021792
v -1.697406 0.436128 0.010460
v -1.616876 0.381267 0.032813
v -1.655184 0.384225 0.012828
v -1.735697 0.446020 0.019457
v -1.736147 0.439434 0.010512
v -1.777596 0.438758 0.013564
v -1.735874 0.462795 0.002307
v -1.778066 0.441638 0.019691
v -1.813038 0.429167 0.022585
v -1.779913 0.460532 0.002634
v -1.831651 0.455265 0.003740
v -1.862651 0.429393 0.015751
v -1.871687 0.451134 0.001248
v -1.838144 0.472166 -0.018267
v -1.923725 0.429334 0.005024
v -1.925216 0.444377 -0.004202
v -1.875688 0.466422 -0.018267
v -1.927552 0.455279 -0.018267
v -1.965918 0.437462 -0.010392
v -1.969631 0.429225 -0.006805
v -1.971724 0.441755 -0.018267
v -2.000000 0.429951 -0.018267
v -1.582903 0.397424 0.036141
v -1.591773 0.370450 0.033518
v -1.559972 0.382297 0.037310
v -1.625024 0.360311 0.028305
v -1.577487 0.346289 0.019203
v -1.518956 0.394095 0.038909
v -1.646018 0.372265 0.027544
v -1.669359 0.377118 0.011353
v -1.685457 0.364979 0.021062
v -1.696977 0.371067 0.008376
v -1.677062 0.347952 0.020309
v -1.733237 0.365069 0.014202
v -1.734418 0.369075 0.002642
v -1.736784 0.343904 0.009789
v -1.761089 0.376617 0.005354
v -1.756793 0.374731 -0.002651
v -1.780241 0.386981 -0.004523
v -1.778523 0.345619 -0.001122
v -1.807882 0.351873 -0.010140
v -1.799895 0.386737 -0.018267
v -1.742398 0.334151 -0.018267
v -1.779376 0.342455 -0.018267
v -1.698083 0.328478 -0.018267
v -1.808469 0.351050 -0.018267
v -1.679802 0.335441 0.001031
v -1.646647 0.323149 -0.018267
v -1.642571 0.332186 0.002251
v -1.601391 0.318993 -0.018267
v -1.594760 0.326899 0.000428
v -1.550648 0.314787 -0.018267
v -1.546709 0.323036 -0.001057
v -1.505693 0.338887 -0.018267
v -1.536714 0.338486 0.015241
v -1.506210 0.344474 0.002275
v -1.538413 0.366614 0.028056
v -1.509971 0.361468 0.022951
v -1.510328 0.381817 0.031125
v -1.472678 0.370088 0.024179
v -1.467976 0.351074 0.002816
v -1.467096 0.345241 -0.018267
v -1.457408 0.395352 0.030576
v -1.436285 0.351256 0.002419
v -1.435862 0.345203 -0.018267
v -1.439470 0.370668 0.023759
v -1.400761 0.347739 0.001531
v -1.401212 0.341626 -0.018267
v -1.374054 0.332883 -0.018267
v -1.401165 0.366284 0.021735
v -1.412081 0.403662 0.029226
v -1.463590 0.407238 0.038780
v -1.419841 0.416907 0.037001
v -1.488037 0.434812 0.030391
v -1.428095 0.447461 0.023815
v -1.432353 0.474267 0.020857
v -1.399271 0.433249 0.029087
v -1.399737 0.449338 0.005617
v -1.409676 0.469694 0.002915
v -1.393401 0.423199 0.034254
v -1.373059 0.441416 0.011141
v -1.381703 0.409057 0.026372
v -1.359108 0.431268 0.028913
v -1.368699 0.354808 0.017022
v -1.346573 0.418814 0.020629
v -1.372320 0.338818 0.000057
v -1.340632 0.388900 0.024464
v -1.349290 0.334442 0.009127
v -1.355920 0.319847 -0.003654
v -1.359164 0.312137 -0.018267
v -1.346699 0.314143 0.001792
v -1.352670 0.297036 -0.009051
v -1.358642 0.279929 -0.018267
v -1.321576 0.312279 -0.018267
v -1.318466 0.323532 -0.004634
v -1.283800 0.338510 -0.018267
v -1.315356 0.337283 0.010609
v -1.282804 0.345311 -0.001855
v -1.243361 0.354174 -0.018267
v -1.281809 0.388417 0.021131
v -1.281809 0.356255 0.015727
v -1.243236 0.358879 -0.001728
v -1.243111 0.367982 0.014902
v -1.281809 0.405336 0.021111
v -1.193332 0.389122 0.018470
v -1.193332 0.373752 0.011718
v -1.193332 0.365626 -0.002774
v -1.193332 0.361495 -0.018267
v -1.134544 0.376140 0.009929
v -1.134544 0.368431 -0.003395
v -1.134544 0.364461 -0.018267
v -1.134544 0.389464 0.017638
v -1.193332 0.405336 0.020744
v -1.134544 0.405336 0.020596
v -1.193332 0.425926 0.014045
v -1.134544 0.425926 0.014045
v -1.281809 0.426163 0.013905
v -1.193332 0.440241 -0.003395
v -1.134544 0.440241 -0.003395
v -1.134544 0.444211 -0.018267
v -1.193332 0.443200 -0.018267
v -1.281809 0.443215 -0.018267
v -1.281809 0.440241 -0.003395
v -1.309666 0.444117 -0.018267
v -1.309666 0.440241 -0.003395
v -1.320380 0.454725 -0.018267
v -1.322095 0.427616 0.013042
v -1.322428 0.449569 0.003615
v -1.369419 0.447411 -0.018267
v -1.338924 0.439351 0.020215
v -1.385518 0.453569 -0.018267
v -1.511136 0.468060 -0.057512
v -1.544867 0.442978 -0.063195
v -1.519266 0.471669 -0.052475
v -1.549103 0.457217 -0.055905
v -1.583019 0.452132 -0.056325
v -1.552674 0.464427 -0.018267
v -1.584534 0.458920 -0.018267
v -1.537720 0.428863 -0.070135
v -1.496635 0.462507 -0.065136
v -1.590037 0.416287 -0.069692
v -1.622380 0.454996 -0.051930
v -1.618976 0.459633 -0.018267
v -1.645345 0.466793 -0.018267
v -1.601825 0.430493 -0.066218
v -1.684470 0.462218 -0.041219
v -1.652889 0.465411 -0.037872
v -1.638423 0.440550 -0.061603
v -1.649202 0.416654 -0.049496
v -1.644761 0.404702 -0.049861
v -1.668768 0.428614 -0.048342
v -1.595458 0.397758 -0.070801
v -1.647644 0.393389 -0.049875
v -1.684313 0.445306 -0.058327
v -1.697406 0.436128 -0.046994
v -1.735697 0.446020 -0.055991
v -1.736147 0.439434 -0.047046
v -1.777596 0.438758 -0.050098
v -1.735874 0.462795 -0.038841
v -1.778066 0.441638 -0.056225
v -1.813038 0.429167 -0.059120
v -1.779913 0.460532 -0.039168
v -1.831651 0.455265 -0.040275
v -1.862651 0.429393 -0.052285
v -1.871687 0.451134 -0.037782
v -1.838144 0.472166 -0.018267
v -1.923725 0.429334 -0.041558
v -1.925216 0.444377 -0.032332
v -1.875688 0.466422 -0.018267
v -1.927552 0.455279 -0.018267
v -1.965918 0.437462 -0.026143
v -1.969631 0.429225 -0.029729
v -1.971724 0.441755 -0.018267
v -2.000000 0.429951 -0.018267
v -1.582903 0.397424 -0.072675
v -1.616876 0.381267 -0.069347
v -1.655184 0.384225 -0.049362
v -1.559972 0.382297 -0.073844
v -1.646018 0.372265 -0.064078
v -1.669359 0.377118 -0.047887
v -1.591773 0.370450 -0.070052
v -1.625024 0.360311 -0.064839
v -1.685457 0.364979 -0.057596
v -1.696977 0.371067 -0.044911
v -1.677062 0.347952 -0.056843
v -1.733237 0.365069 -0.050736
v -1.734418 0.369075 -0.039176
v -1.736784 0.343904 -0.046323
v -1.761089 0.376617 -0.041889
v -1.756793 0.374731 -0.033883
v -1.780241 0.386981 -0.032012
v -1.778523 0.345619 -0.035412
v -1.807882 0.351873 -0.026395
v -1.799895 0.386737 -0.018267
v -1.742398 0.334151 -0.018267
v -1.779376 0.342455 -0.018267
v -1.698083 0.328478 -0.018267
v -1.808469 0.351050 -0.018267
v -1.679802 0.335441 -0.037565
v -1.646647 0.323149 -0.018267
v -1.821072 0.355464 -0.022307
v -1.821520 0.355101 -0.018267
v -1.834261 0.359056 -0.018267
v -1.642571 0.332186 -0.038785
v -1.601391 0.318993 -0.018267
v -1.594760 0.326899 -0.036962
v -1.550648 0.314787 -0.018267
v -1.577487 0.346289 -0.055737
v -1.546709 0.323036 -0.035477
v -1.505693 0.338887 -0.018267
v -1.506210 0.344474 -0.038809
v -1.536714 0.338486 -0.051775
v -1.538413 0.366614 -0.064590
v -1.467976 0.351074 -0.039350
v -1.467096 0.345241 -0.018267
v -1.509971 0.361468 -0.059485
v -1.472678 0.370088 -0.060713
v -1.510328 0.381817 -0.067659
v -1.518956 0.394095 -0.075443
v -1.457408 0.395352 -0.067110
v -1.488037 0.434812 -0.066925
v -1.463590 0.407238 -0.075314
v -1.432353 0.474267 -0.057391
v -1.428095 0.447461 -0.060349
v -1.419841 0.416907 -0.073535
v -1.439470 0.370668 -0.060293
v -1.412081 0.403662 -0.065760
v -1.436285 0.351256 -0.038954
v -1.435862 0.345203 -0.018267
v -1.401165 0.366284 -0.058269
v -1.400761 0.347739 -0.038066
v -1.401212 0.341626 -0.018267
v -1.374054 0.332883 -0.018267
v -1.368699 0.354808 -0.053557
v -1.372320 0.338818 -0.036591
v -1.355920 0.319847 -0.032880
v -1.359164 0.312137 -0.018267
v -1.349290 0.334442 -0.045661
v -1.381703 0.409057 -0.062906
v -1.340632 0.388900 -0.060999
v -1.346699 0.314143 -0.038326
v -1.352670 0.297036 -0.027483
v -1.358642 0.279929 -0.018267
v -1.321576 0.312279 -0.018267
v -1.318466 0.323532 -0.031900
v -1.283800 0.338510 -0.018267
v -1.315356 0.337283 -0.047144
v -1.282804 0.345311 -0.034679
v -1.243361 0.354174 -0.018267
v -1.281809 0.356255 -0.052261
v -1.243236 0.358879 -0.034806
v -1.281809 0.388417 -0.057666
v -1.243111 0.367982 -0.051436
v -1.193332 0.365626 -0.033760
v -1.193332 0.361495 -0.018267
v -1.193332 0.373752 -0.048252
v -1.134544 0.368431 -0.033139
v -1.134544 0.364461 -0.018267
v -1.134544 0.376140 -0.046463
v -1.193332 0.389122 -0.055004
v -1.134544 0.389464 -0.054172
v -1.281809 0.405336 -0.057645
v -1.193332 0.405336 -0.057278
v -1.134544 0.405336 -0.057130
v -1.193332 0.425926 -0.050579
v -1.134544 0.425926 -0.050579
v -1.346573 0.418814 -0.057163
v -1.193332 0.440241 -0.033139
v -1.134544 0.440241 -0.033139
v -1.134544 0.444211 -0.018267
v -1.193332 0.443200 -0.018267
v -1.281809 0.426163 -0.050439
v -1.281809 0.440241 -0.033139
v -1.281809 0.443215 -0.018267
v -1.309666 0.444117 -0.018267
v -1.309666 0.440241 -0.033139
v -1.320380 0.454725 -0.018267
v -1.322095 0.427616 -0.049576
v -1.322428 0.449569 -0.040149
v -1.369419 0.447411 -0.018267
v -1.338924 0.439351 -0.056749
v -1.373059 0.441416 -0.047675
v -1.359108 0.431268 -0.065447
v -1.385518 0.453569 -0.018267
v -1.393401 0.423199 -0.070789
v -1.399271 0.433249 -0.065621
v -1.399737 0.449338 -0.042151
v -1.409676 0.469694 -0.039449
v 0.827080 0.071672 0.035509
v 0.824375 0.095911 0.013994
v 0.786501 0.107260 0.034487
v 0.760300 0.115685 0.032394
v 0.766168 0.072322 0.051553
v 0.739717 0.085574 0.051417
v 0.713458 0.129362 0.027812
v 0.703322 0.097253 0.052099
v 0.657094 0.106658 0.053608
v 0.653644 0.148755 0.022416
v 0.624466 0.109699 0.053924
v 0.626855 0.061168 0.038549
v 0.612424 0.165193 0.020495
v 0.590440 0.143461 0.020022
v 0.598790 0.100820 0.053668
v 0.567519 0.122748 0.019674
v 0.600823 0.066549 0.037857
v 0.571346 0.092435 0.050024
v 0.552454 0.112481 0.019395
v 0.543452 0.084996 0.047056
v 0.542745 0.106601 0.018917
v 0.529471 0.101142 0.019028
v 0.352391 0.114993 -0.011251
v 0.377857 0.089510 0.009810
v 0.384814 0.097756 0.001666
v 0.357563 0.098153 -0.006933
v 0.373478 0.081230 0.005349
v 0.366100 0.073451 -0.018267
v 0.355528 0.098733 -0.018267
v 0.350499 0.116502 -0.018267
v 1.186565 0.413469 0.053259
v 1.264702 0.398158 0.056409
v 1.209394 0.418942 0.056818
v 1.270540 0.405013 0.060193
v 1.293552 0.413955 0.053202
v 1.323739 0.382190 0.055889
v 1.339506 0.388518 0.061881
v 1.330142 0.412667 0.051329
v 1.398651 0.360708 0.053626
v 1.399774 0.395548 0.052846
v 1.389963 0.377300 0.063138
v 1.452001 0.362769 0.065429
v 1.444910 0.345367 0.052076
v 1.458021 0.383911 0.053845
v 1.513590 0.347472 0.068257
v 1.538253 0.309969 0.045646
v 1.532508 0.373175 0.054441
v 1.601453 0.325492 0.075801
v 1.608857 0.365277 0.055729
v 1.615790 0.276713 0.041172
v 1.692092 0.361566 0.058308
v 1.724665 0.298570 0.093645
v 1.754732 0.373586 0.060828
v 1.702201 0.239312 0.042198
v 1.698886 0.234580 0.039042
v 1.757371 0.272257 0.088736
v 1.740601 0.211583 0.045362
v 1.739285 0.204751 0.039042
v 1.769215 0.174503 0.039042
v 1.780730 0.326292 0.098353
v 1.780250 0.176670 0.050325
v 1.800687 0.121755 0.039042
v 1.787997 0.246820 0.083923
v 1.803465 0.309885 0.096132
v 1.859105 0.286155 0.076127
v 1.867496 0.333171 0.100736
v 1.884848 0.358140 0.121204
v 1.823076 0.214123 0.078228
v 1.872549 0.228210 0.055695
v 1.898461 0.160086 0.048417
v 1.806888 0.350709 0.092633
v 1.861872 0.358602 0.109039
v 1.845942 0.358692 0.098828
v 1.838697 0.361072 0.091072
v 1.791838 0.352300 0.084799
v 1.803761 0.369324 0.077755
v 1.799171 0.391160 0.061047
v 1.827748 0.392932 0.071298
v 1.857609 0.383872 0.081596
v 1.829922 0.412782 0.054229
v 1.849682 0.415053 0.064821
v 1.890351 0.418384 0.070039
v 1.856050 0.437418 0.040032
v 1.869156 0.443355 0.047566
v 1.914811 0.446668 0.052531
v 1.881809 0.464010 0.026822
v 1.874464 0.458553 0.018708
v 1.935738 0.471176 0.028097
v 1.875121 0.138625 0.070415
v 1.917921 0.095278 0.043784
v 1.815185 0.126956 0.056692
v 1.899367 0.086800 0.066758
v 1.813216 0.098609 0.056188
v 1.801064 0.100323 0.039042
v 1.782355 0.080290 0.052780
v 1.777955 0.089748 0.039042
v 1.731626 0.093239 0.039042
v 1.730514 0.083588 0.050678
v 1.653712 0.110547 0.039042
v 1.652134 0.102574 0.050155
v 1.572047 0.134302 0.039042
v 1.571612 0.126389 0.049327
v 1.578317 0.091517 0.037361
v 1.528203 0.105567 0.035516
v 1.507280 0.155118 0.039042
v 1.504133 0.147640 0.047925
v 1.436059 0.176613 0.034857
v 1.507052 0.107283 0.034271
v 1.426617 0.169543 0.043581
v 1.369375 0.195060 0.025818
v 1.369603 0.184910 0.039223
v 1.318070 0.207717 0.022270
v 1.465655 0.091565 0.009436
v 1.313073 0.197825 0.031813
v 1.365662 0.162236 0.015088
v 1.413600 0.132496 0.012434
v 1.454150 0.079445 -0.018267
v 1.401512 0.120120 -0.018267
v 1.357037 0.148720 -0.018267
v 1.319886 0.182958 0.012421
v 1.316417 0.170981 -0.018267
v 1.301467 0.187910 0.008126
v 1.292183 0.181284 -0.018267
v 1.283333 0.201325 0.021022
v 1.267835 0.218969 0.008320
v 1.260690 0.201327 0.005059
v 1.242353 0.200217 -0.018267
v 1.245331 0.223111 -0.003810
v 1.230427 0.225352 -0.018267
v 1.479287 0.440655 0.058041
v 1.540789 0.447738 0.048277
v 1.520468 0.480255 0.019180
v 1.413025 0.435768 0.062150
v 1.461670 0.473437 0.028011
v 1.403976 0.469660 0.030042
v 1.308969 0.430423 0.063697
v 1.308875 0.467403 0.029453
v 1.396229 0.458028 -0.018267
v 1.308847 0.453922 -0.018267
v 1.227298 0.453600 -0.018267
v 1.223347 0.468763 0.026742
v 1.184799 0.427868 0.060104
v 1.155324 0.457382 -0.018267
v 1.155318 0.473304 0.023139
v 1.105534 0.428405 0.055308
v 1.103364 0.478264 0.019407
v 1.023993 0.429992 0.051742
v 1.061529 0.468984 -0.000540
v 1.030078 0.459106 -0.005833
v 0.994274 0.444941 0.021818
v 1.075425 0.481032 0.017206
v 0.981886 0.441617 0.043310
v 0.946632 0.432127 0.049716
v 0.960310 0.436012 0.039242
v 0.928770 0.428172 0.048232
v -1.199186 0.257766 -0.003194
v -1.210475 0.304253 -0.018267
v -1.199655 0.257387 -0.018267
v -1.209815 0.304311 -0.000047
v -1.212158 0.335478 -0.016695
v -1.195181 0.261248 0.009187
v -1.211559 0.335468 0.001388
v -1.204708 0.371148 -0.016599
v -1.206066 0.304620 0.017896
v -1.192954 0.264003 0.021251
v -1.181584 0.318137 0.043682
v -1.207567 0.335467 0.021783
v -1.202571 0.373885 0.002604
v -1.177865 0.407551 -0.018267
v -1.200213 0.374560 0.023559
v -1.179423 0.407498 0.002799
v -1.153320 0.438787 -0.018267
v -1.182227 0.408003 0.023812
v -1.155210 0.438788 0.003059
v -1.119949 0.476021 -0.018267
v -1.159369 0.438792 0.024385
v -1.121774 0.476122 0.003383
v 0.166963 0.081674 0.032948
v 0.153159 0.097488 0.034837
v 0.159370 0.087321 0.024746
v 0.157827 0.094370 0.043461
v 0.130973 0.118854 0.044149
v 0.173680 0.091391 0.041190
v 0.178368 0.085576 -0.018267
v 0.177708 0.116156 0.020232
v 0.177782 0.086303 0.029384
v 0.177708 0.116156 -0.018267
v 0.177226 0.116550 0.033261
v 0.204441 0.104535 0.017159
v 0.207505 0.103524 -0.018267
v 0.173855 0.119302 0.044306
v 0.242379 0.088042 0.012797
v 0.242379 0.088739 -0.018267
v 0.206756 0.103931 0.042173
v 0.245415 0.090910 0.038167
v 0.212820 0.114117 0.063913
v 0.190356 0.124137 0.065344
v 0.247689 0.105132 0.058995
v 0.174262 0.134198 0.065650
v 0.282355 0.085531 0.031971
v 0.294588 0.098131 0.050627
v 0.165059 0.126303 0.051816
v 0.163266 0.103707 0.052124
v 0.138631 0.144902 0.056819
v 0.141803 0.155118 0.065810
v 0.135588 0.128435 0.061858
v 0.132050 0.118876 0.052746
v 0.100818 0.138121 0.054648
v 0.100497 0.137404 0.045897
v 0.103328 0.148687 0.063966
v 0.068958 0.152749 0.055094
v 0.068804 0.151868 0.046172
v 0.105690 0.164552 0.058227
v 0.107672 0.175885 0.066274
v 0.070715 0.164141 0.064906
v 0.031421 0.164324 0.055159
v 0.031274 0.163315 0.046206
v 0.072721 0.180459 0.059586
v 0.074863 0.194399 0.067515
v 0.033292 0.177095 0.065916
v 0.035996 0.193932 0.060522
v 0.038873 0.212308 0.069207
v -0.008641 0.203803 0.059115
v -0.004995 0.228784 0.070699
v -0.015915 0.185725 0.067110
v -0.047077 0.208465 0.057836
v -0.045617 0.238870 0.071895
v -0.020588 0.167569 0.054776
v -0.020958 0.166103 0.046206
v -0.056680 0.185105 0.067706
v -0.064260 0.155986 0.054503
v -0.064909 0.153523 0.046206
v -0.076621 0.180669 0.067731
v -0.086566 0.139380 0.054598
v -0.088528 0.137862 0.046206
v -0.103713 0.147546 0.055863
v -0.104222 0.145352 0.046130
v -0.104073 0.173303 0.066653
v -0.132474 0.145369 0.054506
v -0.131325 0.144319 0.043782
v -0.097177 0.186979 0.063310
v -0.166276 0.125319 0.038466
v -0.162238 0.125441 0.030427
v -0.141743 0.159950 0.061218
v -0.139850 0.172553 0.058610
v -0.082646 0.207774 0.057692
v -0.087281 0.240913 0.074386
v -0.127600 0.200041 0.054550
v -0.149621 0.235743 0.078606
v -0.149149 0.194558 0.037378
v -0.182469 0.204806 0.024516
v -0.163577 0.163626 0.040052
v -0.171030 0.186880 0.012108
v -0.205912 0.182023 -0.018267
v -0.182455 0.181291 -0.018267
v -0.177867 0.139940 0.041993
v -0.181744 0.156527 0.015357
v -0.190480 0.152176 -0.018267
v -0.190083 0.108557 0.014243
v -0.182869 0.111711 0.008699
v -0.191661 0.105668 -0.018267
v -0.207066 0.096311 -0.018267
v -0.202420 0.123674 0.017954
v -0.221003 0.110418 -0.018267
v -0.164066 0.163300 -0.018267
v -0.182869 0.111711 0.008699
v -0.191661 0.105668 -0.018267
v -0.154998 0.169326 0.011870
v -0.162238 0.125441 0.030427
v -0.135074 0.179324 -0.018267
v -0.134409 0.179803 0.036782
v -0.131325 0.144319 0.043782
v -0.102429 0.188287 -0.018267
v -0.104222 0.145352 0.046130
v -0.102429 0.188287 0.043893
v -0.088528 0.137862 0.046206
v -0.042437 0.199291 -0.018267
v -0.064909 0.153523 0.046206
v -0.042437 0.199291 0.043961
v 0.037923 0.203564 -0.018267
v -0.020958 0.166103 0.046206
v 0.037923 0.203564 0.044246
v 0.031274 0.163315 0.046206
v 0.089404 0.185765 -0.018267
v 0.068804 0.151868 0.046172
v 0.089404 0.185765 0.045090
v 0.100497 0.137404 0.045897
v 0.144211 0.155239 0.042320
v 0.130973 0.118854 0.044149
v 0.143715 0.155056 -0.018267
v 0.153159 0.097488 0.034837
v 0.165692 0.136650 0.028887
v 0.159370 0.087321 0.024746
v 0.167780 0.133943 0.017773
v 0.168079 0.133556 -0.018267
v 0.161645 0.083149 0.014710
v 0.161970 0.082553 -0.018267
v 0.824375 0.095911 -0.050528
v 0.827080 0.071672 -0.072044
v 0.786501 0.107260 -0.071021
v 0.766168 0.072322 -0.088087
v 0.760300 0.115685 -0.068928
v 0.739717 0.085574 -0.087951
v 0.713458 0.129362 -0.064346
v 0.703322 0.097253 -0.088633
v 0.657094 0.106658 -0.090143
v 0.653644 0.148755 -0.058950
v 0.624466 0.109699 -0.090458
v 0.626855 0.061168 -0.075083
v 0.612424 0.165193 -0.057029
v 0.590440 0.143461 -0.056556
v 0.598790 0.100820 -0.090202
v 0.600823 0.066549 -0.074391
v 0.567519 0.122748 -0.056208
v 0.571346 0.092435 -0.086558
v 0.552454 0.112481 -0.055930
v 0.543452 0.084996 -0.083590
v 0.542745 0.106601 -0.055452
v 0.529471 0.101142 -0.055563
v 0.352391 0.114993 -0.025283
v 0.384814 0.097756 -0.038200
v 0.377857 0.089510 -0.046344
v 0.357563 0.098153 -0.029601
v 0.373478 0.081230 -0.041883
v 0.355528 0.098733 -0.018267
v 0.350499 0.116502 -0.018267
v 0.366100 0.073451 -0.018267
v 1.881809 0.464010 -0.063356
v 1.935738 0.471176 -0.064631
v 1.914811 0.446668 -0.089065
v 1.856050 0.437418 -0.076566
v 1.874464 0.458553 -0.055242
v 1.869156 0.443355 -0.084100
v 1.890351 0.418384 -0.106573
v 1.849682 0.415053 -0.101356
v 1.829922 0.412782 -0.090763
v 1.857609 0.383872 -0.118130
v 1.827748 0.392932 -0.107832
v 1.799171 0.391160 -0.097581
v 1.838697 0.361072 -0.127606
v 1.803761 0.369324 -0.114289
v 1.754732 0.373586 -0.097362
v 1.791838 0.352300 -0.121334
v 1.806888 0.350709 -0.129167
v 1.845942 0.358692 -0.135362
v 1.861872 0.358602 -0.145574
v 1.884848 0.358140 -0.157739
v 1.780730 0.326292 -0.134887
v 1.867496 0.333171 -0.137271
v 1.724665 0.298570 -0.130180
v 1.692092 0.361566 -0.094842
v 1.803465 0.309885 -0.132666
v 1.859105 0.286155 -0.112661
v 1.757371 0.272257 -0.125271
v 1.787997 0.246820 -0.120457
v 1.823076 0.214123 -0.114762
v 1.872549 0.228210 -0.092229
v 1.898461 0.160086 -0.084952
v 1.740601 0.211583 -0.081896
v 1.875121 0.138625 -0.106949
v 1.917921 0.095278 -0.080319
v 1.780250 0.176670 -0.086859
v 1.815185 0.126956 -0.093226
v 1.899367 0.086800 -0.103292
v 1.800687 0.121755 -0.075576
v 1.769215 0.174503 -0.075576
v 1.739285 0.204751 -0.075576
v 1.698886 0.234580 -0.075576
v 1.813216 0.098609 -0.092722
v 1.801064 0.100323 -0.075576
v 1.702201 0.239312 -0.078733
v 1.615790 0.276713 -0.077707
v 1.601453 0.325492 -0.112336
v 1.608857 0.365277 -0.092264
v 1.538253 0.309969 -0.082180
v 1.532508 0.373175 -0.090976
v 1.513590 0.347472 -0.104791
v 1.444910 0.345367 -0.088610
v 1.458021 0.383911 -0.090379
v 1.452001 0.362769 -0.101963
v 1.398651 0.360708 -0.090160
v 1.399774 0.395548 -0.089380
v 1.389963 0.377300 -0.099672
v 1.339506 0.388518 -0.098415
v 1.330142 0.412667 -0.087863
v 1.323739 0.382190 -0.092424
v 1.293552 0.413955 -0.089737
v 1.270540 0.405013 -0.096727
v 1.264702 0.398158 -0.092943
v 1.209394 0.418942 -0.093352
v 1.186565 0.413469 -0.089793
v 1.782355 0.080290 -0.089315
v 1.777955 0.089748 -0.075576
v 1.730514 0.083588 -0.087212
v 1.731626 0.093239 -0.075576
v 1.653712 0.110547 -0.075576
v 1.652134 0.102574 -0.086689
v 1.572047 0.134302 -0.075576
v 1.571612 0.126389 -0.085861
v 1.578317 0.091517 -0.073895
v 1.528203 0.105567 -0.072051
v 1.507280 0.155118 -0.075576
v 1.504133 0.147640 -0.084459
v 1.436059 0.176613 -0.071392
v 1.507052 0.107283 -0.070805
v 1.426617 0.169543 -0.080115
v 1.369375 0.195060 -0.062352
v 1.369603 0.184910 -0.075757
v 1.318070 0.207717 -0.058804
v 1.465655 0.091565 -0.045970
v 1.313073 0.197825 -0.068347
v 1.365662 0.162236 -0.051622
v 1.413600 0.132496 -0.048968
v 1.454150 0.079445 -0.018267
v 1.401512 0.120120 -0.018267
v 1.357037 0.148720 -0.018267
v 1.319886 0.182958 -0.048955
v 1.316417 0.170981 -0.018267
v 1.301467 0.187910 -0.044660
v 1.292183 0.181284 -0.018267
v 1.283333 0.201325 -0.057556
v 1.267835 0.218969 -0.044855
v 1.260690 0.201327 -0.041593
v 1.242353 0.200217 -0.018267
v 1.245331 0.223111 -0.032725
v 1.230427 0.225352 -0.018267
v 0.946632 0.432127 -0.086250
v 0.928770 0.428172 -0.084766
v 0.960310 0.436012 -0.075776
v 0.981886 0.441617 -0.079844
v 1.023993 0.429992 -0.088277
v 0.994274 0.444941 -0.058352
v 1.075425 0.481032 -0.053740
v 1.103364 0.478264 -0.055941
v 1.105534 0.428405 -0.091842
v 1.061529 0.468984 -0.035994
v 1.030078 0.459106 -0.030701
v 1.155318 0.473304 -0.059673
v 1.184799 0.427868 -0.096639
v 1.223347 0.468763 -0.063276
v 1.155324 0.457382 -0.018267
v 1.227298 0.453600 -0.018267
v 1.308969 0.430423 -0.100232
v 1.308875 0.467403 -0.065987
v 1.308847 0.453922 -0.018267
v 1.396229 0.458028 -0.018267
v 1.403976 0.469660 -0.066576
v 1.413025 0.435768 -0.098684
v 1.461670 0.473437 -0.064545
v 1.479287 0.440655 -0.094575
v 1.520468 0.480255 -0.055714
v 1.540789 0.447738 -0.084811
v -1.210475 0.304253 -0.018267
v -1.199186 0.257766 -0.033340
v -1.199655 0.257387 -0.018267
v -1.209815 0.304311 -0.036487
v -1.195181 0.261248 -0.045721
v -1.212158 0.335478 -0.019839
v -1.206066 0.304620 -0.054430
v -1.192954 0.264003 -0.057785
v -1.181584 0.318137 -0.080216
v -1.211559 0.335468 -0.037923
v -1.204708 0.371148 -0.019935
v -1.207567 0.335467 -0.058317
v -1.202571 0.373885 -0.039138
v -1.177865 0.407551 -0.018267
v -1.200213 0.374560 -0.060093
v -1.179423 0.407498 -0.039334
v -1.153320 0.438787 -0.018267
v -1.182227 0.408003 -0.060346
v -1.155210 0.438788 -0.039593
v -1.119949 0.476021 -0.018267
v -1.159369 0.438792 -0.060919
v -1.121774 0.476122 -0.039917
v 0.159370 0.087321 -0.061280
v 0.153159 0.097488 -0.071372
v 0.166963 0.081674 -0.069483
v 0.177708 0.116156 -0.056767
v 0.178368 0.085576 -0.018267
v 0.177782 0.086303 -0.065918
v 0.177708 0.116156 -0.018267
v 0.157827 0.094370 -0.079995
v 0.130973 0.118854 -0.080683
v 0.173680 0.091391 -0.077724
v 0.177226 0.116550 -0.069796
v 0.204441 0.104535 -0.053693
v 0.207505 0.103524 -0.018267
v 0.173855 0.119302 -0.080840
v 0.242379 0.088042 -0.049331
v 0.242379 0.088739 -0.018267
v 0.206756 0.103931 -0.078707
v 0.245415 0.090910 -0.074701
v 0.212820 0.114117 -0.100447
v 0.190356 0.124137 -0.101878
v 0.247689 0.105132 -0.095529
v 0.174262 0.134198 -0.102185
v 0.282355 0.085531 -0.068505
v 0.294588 0.098131 -0.087162
v 0.165059 0.126303 -0.088350
v 0.138631 0.144902 -0.093354
v 0.141803 0.155118 -0.102344
v 0.163266 0.103707 -0.088658
v 0.135588 0.128435 -0.098393
v 0.132050 0.118876 -0.089280
v 0.100818 0.138121 -0.091183
v 0.100497 0.137404 -0.082431
v 0.103328 0.148687 -0.100500
v 0.068958 0.152749 -0.091628
v 0.068804 0.151868 -0.082706
v 0.105690 0.164552 -0.094761
v 0.107672 0.175885 -0.102809
v 0.070715 0.164141 -0.101441
v 0.072721 0.180459 -0.096121
v 0.074863 0.194399 -0.104049
v 0.031421 0.164324 -0.091693
v 0.031274 0.163315 -0.082740
v 0.033292 0.177095 -0.102450
v 0.035996 0.193932 -0.097056
v 0.038873 0.212308 -0.105741
v -0.008641 0.203803 -0.095649
v -0.004995 0.228784 -0.107234
v -0.015915 0.185725 -0.103644
v -0.020588 0.167569 -0.091311
v -0.020958 0.166103 -0.082740
v -0.047077 0.208465 -0.094370
v -0.045617 0.238870 -0.108430
v -0.056680 0.185105 -0.104240
v -0.064260 0.155986 -0.091037
v -0.064909 0.153523 -0.082740
v -0.076621 0.180669 -0.104266
v -0.086566 0.139380 -0.091132
v -0.088528 0.137862 -0.082740
v -0.097177 0.186979 -0.099844
v -0.103713 0.147546 -0.092397
v -0.104222 0.145352 -0.082664
v -0.104073 0.173303 -0.103188
v -0.132474 0.145369 -0.091040
v -0.131325 0.144319 -0.080316
v -0.166276 0.125319 -0.075000
v -0.162238 0.125441 -0.066961
v -0.141743 0.159950 -0.097752
v -0.139850 0.172553 -0.095144
v -0.177867 0.139940 -0.078528
v -0.190083 0.108557 -0.050777
v -0.182869 0.111711 -0.045233
v -0.191661 0.105668 -0.018267
v -0.207066 0.096311 -0.018267
v -0.202420 0.123674 -0.054488
v -0.221003 0.110418 -0.018267
v -0.190480 0.152176 -0.018267
v -0.181744 0.156527 -0.051891
v -0.182455 0.181291 -0.018267
v -0.163577 0.163626 -0.076587
v -0.171030 0.186880 -0.048643
v -0.205912 0.182023 -0.018267
v -0.182469 0.204806 -0.061050
v -0.149149 0.194558 -0.073912
v -0.149621 0.235743 -0.115140
v -0.127600 0.200041 -0.091084
v -0.087281 0.240913 -0.110920
v -0.082646 0.207774 -0.094226
v 0.168079 0.133556 -0.018267
v 0.161645 0.083149 -0.051244
v 0.161970 0.082553 -0.018267
v 0.167780 0.133943 -0.054307
v 0.159370 0.087321 -0.061280
v 0.143715 0.155056 -0.018267
v 0.165692 0.136650 -0.065421
v 0.153159 0.097488 -0.071372
v 0.144211 0.155239 -0.078854
v 0.130973 0.118854 -0.080683
v 0.089404 0.185765 -0.018267
v 0.100497 0.137404 -0.082431
v 0.089404 0.185765 -0.081624
v 0.068804 0.151868 -0.082706
v 0.037923 0.203564 -0.080780
v 0.031274 0.163315 -0.082740
v 0.037923 0.203564 -0.018267
v -0.020958 0.166103 -0.082740
v -0.042437 0.199291 -0.080495
v -0.042437 0.199291 -0.018267
v -0.064909 0.153523 -0.082740
v -0.102429 0.188287 -0.080427
v -0.088528 0.137862 -0.082740
v -0.102429 0.188287 -0.018267
v -0.104222 0.145352 -0.082664
v -0.134409 0.179803 -0.073316
v -0.131325 0.144319 -0.080316
v -0.135074 0.179324 -0.018267
v -0.162238 0.125441 -0.066961
v -0.154998 0.169326 -0.048404
v -0.164066 0.163300 -0.018267
v -0.182869 0.111711 -0.045233
v -0.191661 0.105668 -0.018267
v -0.975926 0.416641 0.069892
v -1.048477 0.416760 0.061783
v -1.044442 0.395875 0.060078
v -0.976017 0.425544 0.067886
v -0.924634 0.424333 0.072648
v -1.036151 0.436111 0.062463
v -0.924570 0.433454 0.068450
v -0.857039 0.427773 0.073676
v -0.976041 0.433973 0.065751
v -0.976022 0.450665 0.061472
v -1.008693 0.453876 0.059297
v -0.976092 0.465704 0.054775
v -0.924508 0.442105 0.064845
v -0.857036 0.438818 0.067676
v -0.782131 0.428950 0.074813
v -0.924409 0.458162 0.059612
v -0.857034 0.448946 0.062830
v -0.782130 0.441887 0.066935
v -0.711120 0.429249 0.076153
v -0.857035 0.465133 0.058183
v -0.782118 0.453670 0.060670
v -0.711120 0.443242 0.065958
v -0.631153 0.429259 0.077199
v -0.711127 0.456056 0.058005
v -0.782130 0.471954 0.055401
v -0.631150 0.443835 0.064303
v -0.540471 0.429259 0.077467
v -0.631150 0.457557 0.054560
v -0.540457 0.457393 0.052703
v -0.540473 0.443870 0.062300
v -0.468022 0.429259 0.077467
v -0.468021 0.456658 0.049241
v -0.468018 0.444157 0.059967
v -0.419450 0.429259 0.077467
v -0.419449 0.444250 0.058534
v -0.374036 0.429259 0.077467
v -0.419449 0.457205 0.047049
v -0.374036 0.444321 0.057303
v -0.323627 0.429259 0.077467
v -0.323628 0.444411 0.056046
v -0.186335 0.462500 -0.075645
v -0.248834 0.444553 -0.090893
v -0.248837 0.461906 -0.076880
v -0.323633 0.461157 -0.079006
v -0.177441 0.444632 -0.089985
v -0.177442 0.429259 -0.114002
v 0.008519 0.444676 -0.089990
v 0.008577 0.429259 -0.114002
v -0.248833 0.429259 -0.114002
v 0.151657 0.444788 -0.090176
v 0.201948 0.429259 -0.114002
v -0.323628 0.444411 -0.092580
v -0.374037 0.460293 -0.080922
v -0.323627 0.429259 -0.114002
v 0.331317 0.445346 -0.091074
v 0.151634 0.462809 -0.075938
v 0.331315 0.429299 -0.113976
v -0.374036 0.444321 -0.093837
v -0.374036 0.429259 -0.114002
v -0.419449 0.457205 -0.083583
v -0.419449 0.444250 -0.095068
v -0.419450 0.429259 -0.114002
v -0.468021 0.456658 -0.085775
v -0.468018 0.444157 -0.096501
v -0.468022 0.429259 -0.114002
v -0.540473 0.443870 -0.098834
v -0.540457 0.457393 -0.089238
v -0.540471 0.429259 -0.114002
v -0.631150 0.443835 -0.100837
v -0.631150 0.457557 -0.091094
v -0.631153 0.429259 -0.113733
v -0.711127 0.456056 -0.094539
v -0.711120 0.443242 -0.102492
v -0.711120 0.429249 -0.112687
v -0.782118 0.453670 -0.097205
v -0.782130 0.471954 -0.091936
v -0.782130 0.441887 -0.103469
v -0.782131 0.428950 -0.111347
v -0.857035 0.465133 -0.094717
v -0.857034 0.448946 -0.099364
v -0.924409 0.458162 -0.096146
v -0.857036 0.438818 -0.104210
v -0.857039 0.427773 -0.110210
v -0.924508 0.442105 -0.101379
v -0.924570 0.433454 -0.104984
v -0.924634 0.424333 -0.109182
v -0.976022 0.450665 -0.098006
v -0.976092 0.465704 -0.091309
v -1.008693 0.453876 -0.095831
v -1.036151 0.436111 -0.098997
v -0.976041 0.433973 -0.102286
v -0.976017 0.425544 -0.104420
v -1.048477 0.416760 -0.098317
v -0.975926 0.416641 -0.106426
v -1.044442 0.395875 -0.096612
v -1.027185 0.467530 0.065326
v -1.036151 0.436111 0.062463
v -1.008693 0.453876 0.059297
v -1.061471 0.441000 0.065402
v -1.048477 0.416760 0.061783
v -1.074285 0.412109 0.063913
v -1.044442 0.395875 0.060078
v -1.067772 0.385549 0.061487
v -1.079964 0.445934 0.046849
v -1.035572 0.478039 0.049936
v -1.107116 0.415549 0.043780
v -1.118564 0.381895 0.041851
v -1.098962 0.463295 0.050874
v -1.135001 0.433109 0.047787
v -1.107496 0.472720 0.039852
v -1.113170 0.477067 0.037629
v -1.159369 0.438792 0.024385
v -1.150030 0.435249 0.037542
v -1.182227 0.408003 0.023812
v -1.163566 0.400721 0.044561
v -1.172486 0.406199 0.035776
v -1.200213 0.374560 0.023559
v -1.124251 0.365163 0.041653
v -1.191481 0.368041 0.035074
v -1.207567 0.335467 0.021783
v -1.178694 0.361314 0.042955
v -1.136478 0.345785 0.042233
v -1.156846 0.332032 0.042809
v -1.196236 0.335468 0.034799
v -1.206066 0.304620 0.017896
v -1.181584 0.318137 0.043682
v -1.181660 0.332369 0.043370
v -1.036151 0.436111 -0.098997
v -1.027185 0.467530 -0.101860
v -1.008693 0.453876 -0.095831
v -1.061471 0.441000 -0.101936
v -1.048477 0.416760 -0.098317
v -1.074285 0.412109 -0.100447
v -1.044442 0.395875 -0.096612
v -1.067772 0.385549 -0.098021
v -1.079964 0.445934 -0.083383
v -1.035572 0.478039 -0.086470
v -1.107116 0.415549 -0.080314
v -1.118564 0.381895 -0.078385
v -1.098962 0.463295 -0.087409
v -1.135001 0.433109 -0.084321
v -1.107496 0.472720 -0.076386
v -1.113170 0.477067 -0.074163
v -1.150030 0.435249 -0.074076
v -1.159369 0.438792 -0.060919
v -1.182227 0.408003 -0.060346
v -1.163566 0.400721 -0.081095
v -1.172486 0.406199 -0.072310
v -1.200213 0.374560 -0.060093
v -1.124251 0.365163 -0.078187
v -1.191481 0.368041 -0.071608
v -1.207567 0.335467 -0.058317
v -1.178694 0.361314 -0.079489
v -1.136478 0.345785 -0.078767
v -1.156846 0.332032 -0.079343
v -1.196236 0.335468 -0.071334
v -1.206066 0.304620 -0.054430
v -1.181584 0.318137 -0.080216
v -1.181660 0.332369 -0.079904
v 0.543611 0.443717 0.074061
v 0.584891 0.452264 0.073363
v 0.542132 0.463508 0.063833
v 0.515165 0.438950 0.074710
v 0.478995 0.454021 0.061406
v 0.478967 0.434614 0.075512
v 0.428145 0.448972 0.058685
v 0.428094 0.431045 0.076555
v 0.374230 0.429527 0.077295
v 0.428190 0.466922 0.045364
v 0.374259 0.446144 0.055700
v 0.331315 0.429299 0.077442
v 0.374294 0.464178 0.042144
v 0.331317 0.445346 0.054539
v 0.201948 0.429259 0.077467
v 0.201949 0.444828 0.053708
v 0.008577 0.429259 0.077467
v 0.329957 0.464340 0.039218
v 0.201949 0.463234 0.039466
v 0.008431 0.461600 0.039228
v 0.008519 0.444676 0.053456
v -0.177442 0.429259 0.077467
v -0.177441 0.444632 0.053451
v -0.177442 0.462500 0.039110
v -0.248837 0.461906 0.040346
v -0.248834 0.444553 0.054358
v -0.248833 0.429259 0.077467
v -0.323633 0.461157 0.042472
v -0.374037 0.460293 0.044388
v 0.584891 0.452264 -0.109898
v 0.543611 0.443717 -0.110595
v 0.542132 0.463508 -0.100368
v 0.515165 0.438950 -0.111244
v 0.478995 0.454021 -0.097941
v 0.478967 0.434614 -0.112046
v 0.428145 0.448972 -0.095219
v 0.428094 0.431045 -0.113089
v 0.374230 0.429527 -0.113829
v 0.428190 0.466922 -0.081899
v 0.374294 0.464178 -0.078678
v 0.331327 0.463649 -0.076934
v 0.374259 0.446144 -0.092235
v 0.638721 0.251751 0.028980
v 0.619529 0.231052 0.039340
v 0.619461 0.230923 0.029093
v 0.638878 0.251657 0.039501
v 0.627730 0.254019 0.046377
v 0.629242 0.275722 0.054265
v 0.648734 0.269248 0.039508
v 0.648528 0.269251 0.028980
v 0.656549 0.288594 0.028981
v 0.656841 0.288845 0.039371
v 0.659274 0.309135 0.028981
v 0.639374 0.285222 0.050164
v 0.659740 0.309378 0.039180
v 0.659315 0.324809 0.029093
v 0.659959 0.325537 0.039513
v 0.647677 0.296186 0.044932
v 0.654227 0.309761 0.041648
v 0.649378 0.320512 0.039313
v 0.659315 0.324809 0.029093
v 0.649409 0.320362 0.028981
v 0.633756 0.315036 0.039326
v 0.633508 0.314866 0.028981
v 0.614415 0.312335 0.039336
v 0.612869 0.312018 0.028981
v 0.614755 0.283714 0.051147
v 0.586094 0.314978 0.039340
v 0.586590 0.314799 0.028851
v 0.564196 0.317356 0.028806
v 0.601215 0.289453 0.048044
v 0.615252 0.265425 0.039412
v 0.627730 0.254019 0.046377
v 0.607109 0.272723 0.039400
v 0.620090 0.252592 0.039363
v 0.619529 0.231052 0.039340
v 0.620285 0.252598 0.028980
v 0.619461 0.230923 0.029093
v 0.615451 0.265648 0.028980
v 0.607369 0.273027 0.028981
v 0.595187 0.278364 0.028981
v 0.594952 0.278133 0.039357
v 0.582131 0.280019 0.028981
v 0.582618 0.293513 0.046325
v 0.581899 0.279871 0.039318
v 0.571017 0.277578 0.039305
v 0.570561 0.277548 0.028974
v 0.564355 0.294606 0.046054
v 0.564172 0.317249 0.039349
v 0.552981 0.282649 0.041143
v 0.544395 0.317300 0.039384
v 0.544278 0.317375 0.028807
v 0.551148 0.293950 0.046175
v 0.525095 0.311553 0.039563
v 0.525032 0.311588 0.028811
v 0.506594 0.300362 0.028822
v 0.532163 0.291031 0.046275
v 0.506670 0.300448 0.040073
v 0.487864 0.278192 0.028851
v 0.488641 0.278791 0.041579
v 0.512580 0.286306 0.044979
v 0.538606 0.281798 0.041809
v 0.519910 0.274567 0.041825
v 0.503272 0.263495 0.041088
v 0.487864 0.278192 0.028851
v 0.502964 0.263207 0.028844
v 0.525005 0.252695 0.039645
v 0.524789 0.252394 0.028814
v 0.536155 0.265440 0.039922
v 0.544860 0.245793 0.039177
v 0.544912 0.245702 0.028806
v 0.550086 0.255848 0.028806
v 0.544912 0.245702 0.028806
v 0.549938 0.255941 0.039273
v 0.555530 0.264746 0.028806
v 0.555474 0.264869 0.039295
v 0.546602 0.276071 0.040233
v 0.561884 0.272063 0.039304
v 0.561894 0.272257 0.028733
v 0.620285 0.252598 -0.065515
v 0.619529 0.231052 -0.075875
v 0.619461 0.230923 -0.065627
v 0.620090 0.252592 -0.075897
v 0.627730 0.254019 -0.082911
v 0.615252 0.265425 -0.075947
v 0.615451 0.265648 -0.065515
v 0.607369 0.273027 -0.065515
v 0.629242 0.275722 -0.090799
v 0.607109 0.272723 -0.075934
v 0.595187 0.278364 -0.065515
v 0.614755 0.283714 -0.087681
v 0.594952 0.278133 -0.075892
v 0.582131 0.280019 -0.065515
v 0.601215 0.289453 -0.084578
v 0.581899 0.279871 -0.075852
v 0.614415 0.312335 -0.075870
v 0.582618 0.293513 -0.082859
v 0.571017 0.277578 -0.075840
v 0.570561 0.277548 -0.065508
v 0.586094 0.314978 -0.075874
v 0.564355 0.294606 -0.082588
v 0.561884 0.272063 -0.075838
v 0.561894 0.272257 -0.065268
v 0.555530 0.264746 -0.065340
v 0.552981 0.282649 -0.077677
v 0.555474 0.264869 -0.075830
v 0.546602 0.276071 -0.076767
v 0.549938 0.255941 -0.075807
v 0.550086 0.255848 -0.065340
v 0.536155 0.265440 -0.076456
v 0.544860 0.245793 -0.075711
v 0.544912 0.245702 -0.065340
v 0.524789 0.252394 -0.065348
v 0.544912 0.245702 -0.065340
v 0.525005 0.252695 -0.076180
v 0.502964 0.263207 -0.065378
v 0.538606 0.281798 -0.078343
v 0.519910 0.274567 -0.078359
v 0.503272 0.263495 -0.077622
v 0.487864 0.278192 -0.065385
v 0.488641 0.278791 -0.078113
v 0.512580 0.286306 -0.081513
v 0.532163 0.291031 -0.082809
v 0.551148 0.293950 -0.082709
v 0.506670 0.300448 -0.076607
v 0.487864 0.278192 -0.065385
v 0.506594 0.300362 -0.065356
v 0.525095 0.311553 -0.076097
v 0.525032 0.311588 -0.065345
v 0.544278 0.317375 -0.065341
v 0.544395 0.317300 -0.075918
v 0.564196 0.317356 -0.065340
v 0.564172 0.317249 -0.075883
v 0.586590 0.314799 -0.065386
v 0.612869 0.312018 -0.065515
v 0.633508 0.314866 -0.065515
v 0.633756 0.315036 -0.075860
v 0.649409 0.320362 -0.065515
v 0.639374 0.285222 -0.086698
v 0.649378 0.320512 -0.075848
v 0.659315 0.324809 -0.065627
v 0.659959 0.325537 -0.076048
v 0.654227 0.309761 -0.078182
v 0.647677 0.296186 -0.081466
v 0.659740 0.309378 -0.075714
v 0.659315 0.324809 -0.065627
v 0.659274 0.309135 -0.065515
v 0.656841 0.288845 -0.075905
v 0.656549 0.288594 -0.065515
v 0.648734 0.269248 -0.076042
v 0.648528 0.269251 -0.065515
v 0.638721 0.251751 -0.065515
v 0.638878 0.251657 -0.076036
v 0.627730 0.254019 -0.082911
v 0.619529 0.231052 -0.075875
v 0.619461 0.230923 -0.065627
v -1.083318 0.280159 0.051863
v -1.100330 0.244609 0.036227
v -1.083728 0.256354 0.027315
v -1.103187 0.274431 0.064500
v -1.100584 0.287732 0.071761
v -1.078734 0.290894 0.057314
v -1.141884 0.271859 0.057513
v -1.143307 0.245071 0.034009
v -1.087367 0.313014 0.081158
v -1.068329 0.310112 0.058109
v -1.050945 0.329136 0.057819
v -1.184021 0.268000 0.048603
v -1.188536 0.250730 0.030809
v -1.145552 0.307442 0.069053
v -1.226809 0.269626 0.041493
v -1.227872 0.258829 0.028659
v -1.296147 0.276607 0.023719
v -1.183225 0.292791 0.060032
v -1.228100 0.282136 0.048538
v -1.234884 0.294807 0.032148
v -1.181584 0.318137 0.043682
v -1.156846 0.332032 0.042809
v -1.120405 0.321938 0.074590
v -1.136478 0.345785 0.042233
v -1.104264 0.337606 0.077111
v -1.068400 0.336610 0.087086
v -1.100895 0.351583 0.074867
v -1.124251 0.365163 0.041653
v -1.051616 0.357168 0.087681
v -1.029641 0.348805 0.059876
v -1.102808 0.362897 0.069275
v -1.042111 0.375294 0.084446
v -1.007627 0.369216 0.058661
v -1.022295 0.379195 0.058358
v -1.106175 0.368379 0.063227
v -1.118564 0.381895 0.041851
v -1.067772 0.385549 0.061487
v -1.041362 0.384519 0.076231
v -1.044442 0.395875 0.060078
v -1.083318 0.280159 -0.088397
v -1.083728 0.256354 -0.063849
v -1.100330 0.244609 -0.072762
v -1.103187 0.274431 -0.101035
v -1.100584 0.287732 -0.108295
v -1.078734 0.290894 -0.093848
v -1.141884 0.271859 -0.094048
v -1.143307 0.245071 -0.070544
v -1.087367 0.313014 -0.117693
v -1.068329 0.310112 -0.094643
v -1.050945 0.329136 -0.094353
v -1.184021 0.268000 -0.085137
v -1.188536 0.250730 -0.067343
v -1.145552 0.307442 -0.105587
v -1.226809 0.269626 -0.078027
v -1.227872 0.258829 -0.065193
v -1.296147 0.276607 -0.060253
v -1.228100 0.282136 -0.085073
v -1.234884 0.294807 -0.068682
v -1.183225 0.292791 -0.096566
v -1.181584 0.318137 -0.080216
v -1.156846 0.332032 -0.079343
v -1.120405 0.321938 -0.111124
v -1.136478 0.345785 -0.078767
v -1.104264 0.337606 -0.113645
v -1.068400 0.336610 -0.123621
v -1.100895 0.351583 -0.111401
v -1.124251 0.365163 -0.078187
v -1.051616 0.357168 -0.124216
v -1.029641 0.348805 -0.096410
v -1.102808 0.362897 -0.105809
v -1.042111 0.375294 -0.120980
v -1.007627 0.369216 -0.095196
v -1.022295 0.379195 -0.094892
v -1.106175 0.368379 -0.099762
v -1.118564 0.381895 -0.078385
v -1.067772 0.385549 -0.098021
v -1.041362 0.384519 -0.112765
v -1.044442 0.395875 -0.096612
v -1.821072 0.355464 -0.014227
v -1.821520 0.355101 -0.018267
v -1.834261 0.359056 -0.018267
v 0.151350 0.436896 -0.101806
v 0.161377 0.468182 -0.099064
v 0.175981 0.447637 -0.087611
v 0.142595 0.449512 -0.112342
v 0.134488 0.431656 -0.109484
v 0.134023 0.456538 -0.104596
v 0.152121 0.475877 -0.088901
v 0.130808 0.443478 -0.117546
v 0.122941 0.449794 -0.110904
v 0.110703 0.429590 -0.112615
v 0.110918 0.441165 -0.119563
v 0.104343 0.447160 -0.113394
v -0.138577 0.442670 -0.117909
v -0.134575 0.448609 -0.111848
v -0.143699 0.430893 -0.111299
v -0.151223 0.451666 -0.109249
v -0.156735 0.445505 -0.115434
v -0.162895 0.432352 -0.109664
v -0.189922 0.440494 -0.101328
v -0.194895 0.478481 -0.094125
v -0.218788 0.451172 -0.091708
v -0.214283 0.468958 -0.092978
v -0.251861 0.456071 -0.084557
v 1.949619 0.111850 0.037040
v 1.898461 0.160086 0.048417
v 1.917921 0.095278 0.043784
v 1.974671 0.035326 0.001404
v 1.993310 0.124777 -0.018267
v 1.989191 0.124709 0.001040
v 1.941016 0.198849 0.044307
v 1.872549 0.228210 0.055695
v 1.978531 0.120879 0.017547
v 1.927753 0.286467 0.048206
v 1.847806 0.282176 0.061369
v 1.979740 0.219941 0.025970
v 1.902959 0.362898 0.049723
v 1.840986 0.312824 0.064704
v 1.842027 0.330874 0.063474
v 1.861360 0.360508 0.058557
v 1.891638 0.393891 0.050228
v 1.966279 0.320320 0.028953
v 1.995961 0.229089 0.001277
v 2.000000 0.230891 -0.018267
v 1.939952 0.403522 0.029416
v 1.926951 0.437160 0.029656
v 1.985229 0.334166 0.001599
v 1.989819 0.336928 -0.018267
v 1.959242 0.417981 0.002630
v 1.941744 0.451580 0.011277
v 1.967689 0.416500 -0.018267
v 1.948799 0.450422 0.001200
v 1.963002 0.429653 -0.018267
v 1.955854 0.442061 -0.008630
v 1.856050 0.437418 -0.076566
v 1.854340 0.468191 -0.046944
v 1.874464 0.458553 -0.055242
v 1.837110 0.452553 -0.069592
v 1.662710 0.462193 -0.029974
v 1.636778 0.451440 -0.044396
v 1.829922 0.412782 -0.090763
v 1.809238 0.436598 -0.089018
v 1.799171 0.391160 -0.097581
v 1.770977 0.422156 -0.099013
v 1.601511 0.440737 -0.057926
v 1.754732 0.373586 -0.097362
v 1.728044 0.410952 -0.102001
v 1.692092 0.361566 -0.094842
v 1.664085 0.401388 -0.102318
v 1.544159 0.428024 -0.075884
v 1.608857 0.365277 -0.092264
v 1.595025 0.397466 -0.100110
v 1.532508 0.373175 -0.090976
v 1.523474 0.396300 -0.097020
v 1.476978 0.420496 -0.085676
v 1.458021 0.383911 -0.090379
v 1.458081 0.398471 -0.094015
v 1.400071 0.415977 -0.087862
v 1.399774 0.395548 -0.089380
v 1.397120 0.404459 -0.091107
v 1.330142 0.412667 -0.087863
v 1.854340 0.468191 0.010410
v 1.856050 0.437418 0.040032
v 1.874464 0.458553 0.018708
v 1.662710 0.462193 -0.006560
v 1.837110 0.452553 0.033058
v 1.636778 0.451440 0.007861
v 1.829922 0.412782 0.054229
v 1.809238 0.436598 0.052483
v 1.799171 0.391160 0.061047
v 1.770977 0.422156 0.062478
v 1.601511 0.440737 0.021392
v 1.754732 0.373586 0.060828
v 1.728044 0.410952 0.065467
v 1.692092 0.361566 0.058308
v 1.664085 0.401388 0.065784
v 1.544159 0.428024 0.039350
v 1.608857 0.365277 0.055729
v 1.595025 0.397466 0.063575
v 1.532508 0.373175 0.054441
v 1.523474 0.396300 0.060486
v 1.476978 0.420496 0.049142
v 1.458021 0.383911 0.053845
v 1.458081 0.398471 0.057481
v 1.400071 0.415977 0.051328
v 1.399774 0.395548 0.052846
v 1.397120 0.404459 0.054573
v 1.330142 0.412667 0.051329
v 1.898461 0.160086 -0.084952
v 1.949619 0.111850 -0.073575
v 1.917921 0.095278 -0.080319
v 1.993310 0.124777 -0.018267
v 1.974671 0.035326 -0.037938
v 1.989191 0.124709 -0.037574
v 1.941016 0.198849 -0.080841
v 1.872549 0.228210 -0.092229
v 1.978531 0.120879 -0.054081
v 1.927753 0.286467 -0.084740
v 1.847806 0.282176 -0.097903
v 1.979740 0.219941 -0.062504
v 1.902959 0.362898 -0.086258
v 1.840986 0.312824 -0.101238
v 1.842027 0.330874 -0.100008
v 1.861360 0.360508 -0.095092
v 1.891638 0.393891 -0.086762
v 1.966279 0.320320 -0.065487
v 1.995961 0.229089 -0.037811
v 2.000000 0.230891 -0.018267
v 1.939952 0.403522 -0.065950
v 1.926951 0.437160 -0.066190
v 1.985229 0.334166 -0.038134
v 1.989819 0.336928 -0.018267
v 1.959242 0.417981 -0.039164
v 1.941744 0.451580 -0.047812
v 1.967689 0.416500 -0.018267
v 1.948799 0.450422 -0.037734
v 1.963002 0.429653 -0.018267
v 1.955854 0.442061 -0.027904
vt 0.50439453125 0.709228515625
vt 0.51025390625 0.709716796875
vt 0.50244140625 0.713623046875
vt 0.4853515625 0.716064453125
vt 0.486572265625 0.720947265625
vt 0.468017578125 0.720458984375
vt 0.45654296875 0.73193359375
vt 0.450439453125 0.72119140625
vt 0.433837890625 0.738525390625
vt 0.42529296875 0.7177734375
vt 0.420166015625 0.721923828125
vt 0.413330078125 0.7431640625
vt 0.40380859375 0.698974609375
vt 0.408935546875 0.694091796875
vt 0.404541015625 0.7294921875
vt 0.395263671875 0.745849609375
vt 0.392822265625 0.68310546875
vt 0.39892578125 0.67333984375
vt 0.380615234375 0.693359375
vt 0.390869140625 0.708984375
vt 0.388916015625 0.73388671875
vt 0.376708984375 0.71630859375
vt 0.367919921875 0.69970703125
vt 0.38134765625 0.747802734375
vt 0.39208984375 0.7572021484375
vt 0.37158203125 0.738037109375
vt 0.35888671875 0.72216796875
vt 0.3505859375 0.70458984375
vt 0.377197265625 0.7557373046875
vt 0.343017578125 0.7236328125
vt 0.337646484375 0.705810546875
vt 0.390625 0.7615966796875
vt 0.402587890625 0.767822265625
vt 0.390380859375 0.765869140625
vt 0.3759765625 0.7637939453125
vt 0.36328125 0.751953125
vt 0.361328125 0.7625732421875
vt 0.34716796875 0.73681640625
vt 0.347900390625 0.75
vt 0.34765625 0.762451171875
vt 0.33447265625 0.7626953125
vt 0.323974609375 0.74755859375
vt 0.323486328125 0.7655029296875
vt 0.322509765625 0.735595703125
vt 0.32080078125 0.724365234375
vt 0.317138671875 0.70654296875
vt 0.29296875 0.723876953125
vt 0.2880859375 0.706787109375
vt 0.294189453125 0.73291015625
vt 0.25830078125 0.726806640625
vt 0.255126953125 0.706787109375
vt 0.217041015625 0.705810546875
vt 0.293701171875 0.744873046875
vt 0.258056640625 0.741455078125
vt 0.2183837890625 0.73828125
vt 0.311279296875 0.758544921875
vt 0.291259765625 0.75048828125
vt 0.2890625 0.7679443359375
vt 0.311279296875 0.7730712890625
vt 0.324951171875 0.7786865234375
vt 0.334716796875 0.77734375
vt 0.3046875 0.783935546875
vt 0.3193359375 0.7867431640625
vt 0.28466796875 0.7818603515625
vt 0.333740234375 0.7886962890625
vt 0.26171875 0.78076171875
vt 0.3359375 0.7843017578125
vt 0.34521484375 0.7880859375
vt 0.25341796875 0.7628173828125
vt 0.2486572265625 0.7816162109375
vt 0.2337646484375 0.7747802734375
vt 0.22119140625 0.760009765625
vt 0.2392578125 0.7886962890625
vt 0.253662109375 0.7940673828125
vt 0.2359619140625 0.79443359375
vt 0.217041015625 0.7825927734375
vt 0.2122802734375 0.794189453125
vt 0.2181396484375 0.7698974609375
vt 0.2027587890625 0.7589111328125
vt 0.20166015625 0.7672119140625
vt 0.1953125 0.7806396484375
vt 0.1912841796875 0.795654296875
vt 0.181396484375 0.795166015625
vt 0.167724609375 0.793212890625
vt 0.1617431640625 0.779052734375
vt 0.1480712890625 0.791015625
vt 0.1700439453125 0.76513671875
vt 0.17138671875 0.7569580078125
vt 0.1328125 0.77783203125
vt 0.1287841796875 0.789794921875
vt 0.1405029296875 0.763916015625
vt 0.1409912109375 0.7557373046875
vt 0.10986328125 0.7772216796875
vt 0.10601806640625 0.7889404296875
vt 0.1112060546875 0.7637939453125
vt 0.113525390625 0.7557373046875
vt 0.08941650390625 0.7774658203125
vt 0.08758544921875 0.78955078125
vt 0.0927734375 0.76416015625
vt 0.097412109375 0.756103515625
vt 0.07000732421875 0.7769775390625
vt 0.068603515625 0.789306640625
vt 0.07366943359375 0.7640380859375
vt 0.08038330078125 0.7562255859375
vt 0.055267333984375 0.7747802734375
vt 0.047576904296875 0.787353515625
vt 0.05908203125 0.7625732421875
vt 0.06756591796875 0.75537109375
vt 0.09600830078125 0.745849609375
vt 0.07257080078125 0.746826171875
vt 0.0548095703125 0.7530517578125
vt 0.08941650390625 0.734619140625
vt 0.046875 0.7591552734375
vt 0.0531005859375 0.735595703125
vt 0.041015625 0.748291015625
vt 0.043121337890625 0.7701416015625
vt 0.0367431640625 0.77783203125
vt 0.026153564453125 0.7696533203125
vt 0.032684326171875 0.7523193359375
vt 0.0284423828125 0.761962890625
vt 0.0182037353515625 0.7607421875
vt 0.0130157470703125 0.75244140625
vt 0.01983642578125 0.7431640625
vt 0.00982666015625 0.747802734375
vt 0.0303802490234375 0.739990234375
vt 0.013427734375 0.737548828125
vt 0.006443023681640625 0.73291015625
vt 0.00749969482421875 0.725341796875
vt 0.020050048828125 0.7255859375
vt 0.00749969482421875 0.712646484375
vt 0.0181121826171875 0.712646484375
vt 0.05047607421875 0.713134765625
vt 0.05133056640625 0.724365234375
vt 0.06622314453125 0.7119140625
vt 0.06756591796875 0.7236328125
vt 0.08001708984375 0.7099609375
vt 0.070068359375 0.735107421875
vt 0.08233642578125 0.724365234375
vt 0.10955810546875 0.707275390625
vt 0.11016845703125 0.735107421875
vt 0.1412353515625 0.7353515625
vt 0.1417236328125 0.70556640625
vt 0.1744384765625 0.736328125
vt 0.1741943359375 0.705078125
vt 0.341796875 0.7752685546875
vt 0.353515625 0.772705078125
vt 0.356689453125 0.7864990234375
vt 0.367919921875 0.7713623046875
vt 0.369140625 0.796142578125
vt 0.3828125 0.7711181640625
vt 0.392333984375 0.7784423828125
vt 0.39892578125 0.77197265625
vt 0.418212890625 0.7786865234375
vt 0.41552734375 0.7730712890625
vt 0.430908203125 0.774169921875
vt 0.41845703125 0.7542724609375
vt 0.416748046875 0.7655029296875
vt 0.4375 0.749755859375
vt 0.459716796875 0.743408203125
vt 0.403076171875 0.7939453125
vt 0.434814453125 0.779052734375
vt 0.52001953125 0.7791748046875
vt 0.484619140625 0.7353515625
vt 0.517578125 0.72314453125
vt 0.434814453125 0.792236328125
vt 0.53466796875 0.71484375
vt 0.434814453125 0.7994384765625
vt 0.5712890625 0.724853515625
vt 0.5439453125 0.710693359375
vt 0.5537109375 0.70703125
vt 0.56982421875 0.700927734375
vt 0.591796875 0.713134765625
vt 0.595703125 0.709716796875
vt 0.603515625 0.741455078125
vt 0.61962890625 0.72802734375
vt 0.6259765625 0.723876953125
vt 0.61474609375 0.780517578125
vt 0.6416015625 0.739501953125
vt 0.65087890625 0.735595703125
vt 0.6328125 0.755859375
vt 0.67431640625 0.754638671875
vt 0.67236328125 0.745849609375
vt 0.67138671875 0.7373046875
vt 0.66357421875 0.73291015625
vt 0.67919921875 0.741455078125
vt 0.69091796875 0.746826171875
vt 0.69873046875 0.7642822265625
vt 0.72705078125 0.7603759765625
vt 0.67138671875 0.7734375
vt 0.6650390625 0.7901611328125
vt 0.69921875 0.783203125
vt 0.7216796875 0.771484375
vt 0.61474609375 0.7906494140625
vt 0.7216796875 0.7890625
vt 0.521484375 0.7918701171875
vt 0.5224609375 0.7994384765625
vt 0.61474609375 0.7994384765625
vt 0.67626953125 0.7994384765625
vt 0.52294921875 0.8150634765625
vt 0.61474609375 0.8150634765625
vt 0.434814453125 0.8150634765625
vt 0.67626953125 0.8150634765625
vt 0.6962890625 0.8150634765625
vt 0.403076171875 0.799072265625
vt 0.401123046875 0.8150634765625
vt 0.365966796875 0.8150634765625
vt 0.357177734375 0.79541015625
vt 0.34228515625 0.8150634765625
vt 0.33984375 0.7930908203125
vt 0.321044921875 0.8150634765625
vt 0.32373046875 0.7911376953125
vt 0.302001953125 0.788818359375
vt 0.298095703125 0.8150634765625
vt 0.27685546875 0.7882080078125
vt 0.26904296875 0.8031005859375
vt 0.262451171875 0.790771484375
vt 0.26416015625 0.8150634765625
vt 0.250244140625 0.80322265625
vt 0.22216796875 0.8150634765625
vt 0.224609375 0.802734375
vt 0.2017822265625 0.8046875
vt 0.185302734375 0.8150634765625
vt 0.1904296875 0.8062744140625
vt 0.1766357421875 0.8016357421875
vt 0.15234375 0.8150634765625
vt 0.1551513671875 0.7989501953125
vt 0.1337890625 0.7974853515625
vt 0.11761474609375 0.8150634765625
vt 0.1083984375 0.7962646484375
vt 0.08697509765625 0.8150634765625
vt 0.087890625 0.79736328125
vt 0.06317138671875 0.8150634765625
vt 0.06658935546875 0.7974853515625
vt 0.043365478515625 0.7972412109375
vt 0.037872314453125 0.803955078125
vt 0.03057861328125 0.8150634765625
vt 0.08660888671875 0.514404296875
vt 0.099609375 0.514404296875
vt 0.098388671875 0.518798828125
vt 0.114501953125 0.514404296875
vt 0.1162109375 0.5234375
vt 0.1368408203125 0.514404296875
vt 0.139892578125 0.527587890625
vt 0.1585693359375 0.514404296875
vt 0.1591796875 0.5302734375
vt 0.17333984375 0.526611328125
vt 0.17333984375 0.514404296875
vt 0.189453125 0.525390625
vt 0.189453125 0.514404296875
vt 0.20458984375 0.525390625
vt 0.20458984375 0.514404296875
vt 0.216064453125 0.52587890625
vt 0.2196044921875 0.514404296875
vt 0.22509765625 0.519775390625
vt 0.224853515625 0.5263671875
vt 0.22998046875 0.521728515625
vt 0.2298583984375 0.526611328125
vt 0.234375 0.526611328125
vt 0.2347412109375 0.51953125
vt 0.2388916015625 0.5263671875
vt 0.237548828125 0.514404296875
vt 0.2449951171875 0.525634765625
vt 0.2449951171875 0.514404296875
vt 0.255859375 0.524658203125
vt 0.255859375 0.514404296875
vt 0.270263671875 0.5224609375
vt 0.270263671875 0.514404296875
vt 0.279052734375 0.520263671875
vt 0.282470703125 0.514404296875
vt 0.2890625 0.519775390625
vt 0.29638671875 0.514404296875
vt 0.716796875 0.00439453125
vt 0.712890625 0.005859375
vt 0.7109375 0.00390625
vt 0.7109375 0.01123046875
vt 0.6923828125 0.0048828125
vt 0.693359375 0.0185546875
vt 0.7119140625 0.0185546875
vt 0.65380859375 0.0107421875
vt 0.6640625 0.00830078125
vt 0.6640625 0.0185546875
vt 0.65478515625 0.0185546875
vt 0.6396484375 0.01611328125
vt 0.638671875 0.0185546875
vt 0.498291015625 0.19384765625
vt 0.498291015625 0.220703125
vt 0.493896484375 0.19873046875
vt 0.47802734375 0.2109375
vt 0.47509765625 0.197265625
vt 0.484375 0.20263671875
vt 0.46533203125 0.20166015625
vt 0.4541015625 0.1904296875
vt 0.460205078125 0.1796875
vt 0.442626953125 0.17529296875
vt 0.4501953125 0.1650390625
vt 0.43505859375 0.166015625
vt 0.44384765625 0.15283203125
vt 0.430908203125 0.16455078125
vt 0.44287109375 0.14599609375
vt 0.423828125 0.16357421875
vt 0.44287109375 0.1337890625
vt 0.425048828125 0.15283203125
vt 0.413818359375 0.16162109375
vt 0.435546875 0.134765625
vt 0.439208984375 0.11083984375
vt 0.399658203125 0.41357421875
vt 0.387451171875 0.41357421875
vt 0.3798828125 0.408203125
vt 0.366455078125 0.41357421875
vt 0.37109375 0.40283203125
vt 0.365234375 0.39697265625
vt 0.3564453125 0.39697265625
vt 0.333251953125 0.41357421875
vt 0.328857421875 0.39697265625
vt 0.30126953125 0.41357421875
vt 0.299072265625 0.39697265625
vt 0.267333984375 0.41357421875
vt 0.265869140625 0.39697265625
vt 0.264892578125 0.42919921875
vt 0.2470703125 0.4130859375
vt 0.24609375 0.427734375
vt 0.248291015625 0.39697265625
vt 0.224609375 0.42431640625
vt 0.2271728515625 0.41015625
vt 0.2305908203125 0.39453125
vt 0.2166748046875 0.39111328125
vt 0.2095947265625 0.4052734375
vt 0.2052001953125 0.41943359375
vt 0.210205078125 0.388671875
vt 0.1925048828125 0.416015625
vt 0.2010498046875 0.423828125
vt 0.1861572265625 0.42138671875
vt 0.199462890625 0.39990234375
vt 0.20166015625 0.380859375
vt 0.18408203125 0.4130859375
vt 0.174072265625 0.42138671875
vt 0.1744384765625 0.408203125
vt 0.1595458984375 0.42041015625
vt 0.18896484375 0.388671875
vt 0.167236328125 0.39990234375
vt 0.1463623046875 0.4169921875
vt 0.183837890625 0.37451171875
vt 0.1971435546875 0.3701171875
vt 0.140380859375 0.40966796875
vt 0.1265869140625 0.41162109375
vt 0.165283203125 0.3837890625
vt 0.1376953125 0.39306640625
vt 0.1829833984375 0.361328125
vt 0.1964111328125 0.35986328125
vt 0.166748046875 0.3662109375
vt 0.1854248046875 0.341796875
vt 0.1988525390625 0.341796875
vt 0.191650390625 0.3193359375
vt 0.20458984375 0.31982421875
vt 0.1767578125 0.3271484375
vt 0.1715087890625 0.34619140625
vt 0.1676025390625 0.33203125
vt 0.1566162109375 0.34716796875
vt 0.1513671875 0.34033203125
vt 0.1302490234375 0.349609375
vt 0.1455078125 0.36767578125
vt 0.115478515625 0.35693359375
vt 0.10650634765625 0.357421875
vt 0.1082763671875 0.3486328125
vt 0.10296630859375 0.36328125
vt 0.114013671875 0.41015625
vt 0.0987548828125 0.34912109375
vt 0.103759765625 0.33935546875
vt 0.095703125 0.35888671875
vt 0.09442138671875 0.37158203125
vt 0.102294921875 0.41162109375
vt 0.08404541015625 0.35302734375
vt 0.08203125 0.3798828125
vt 0.09130859375 0.4130859375
vt 0.08551025390625 0.3447265625
vt 0.076171875 0.41259765625
vt 0.07916259765625 0.35986328125
vt 0.09881591796875 0.3388671875
vt 0.08575439453125 0.33740234375
vt 0.10186767578125 0.3330078125
vt 0.09246826171875 0.33203125
vt 0.0853271484375 0.33203125
vt 0.09881591796875 0.33203125
vt 0.100341796875 0.32861328125
vt 0.09234619140625 0.32666015625
vt 0.08514404296875 0.32666015625
vt 0.0850830078125 0.32470703125
vt 0.09228515625 0.32421875
vt 0.0968017578125 0.3271484375
vt 0.0975341796875 0.32568359375
vt 0.08953857421875 0.36865234375
vt 0.078125 0.37744140625
vt 0.0701904296875 0.3662109375
vt 0.0689697265625 0.38623046875
vt 0.061309814453125 0.40869140625
vt 0.0631103515625 0.3837890625
vt 0.05755615234375 0.3720703125
vt 0.051727294921875 0.3916015625
vt 0.044921875 0.40234375
vt 0.0276031494140625 0.3916015625
vt 0.045318603515625 0.3876953125
vt 0.041046142578125 0.37548828125
vt 0.0242767333984375 0.388671875
vt 0.0213623046875 0.37744140625
vt 0.0184783935546875 0.0048828125
vt 0.044036865234375 0.00390625
vt 0.022247314453125 0.01611328125
vt 0.00390625 0.0068359375
vt 0.00390625 0.0302734375
vt 0.42138671875 0.47216796875
vt 0.42333984375 0.4453125
vt 0.427734375 0.4443359375
vt 0.424072265625 0.43017578125
vt 0.430419921875 0.42822265625
vt 0.425537109375 0.41064453125
vt 0.432373046875 0.41064453125
vt 0.43212890625 0.39404296875
vt 0.42626953125 0.38818359375
vt 0.419677734375 0.3876953125
vt 0.41650390625 0.41162109375
vt 0.419189453125 0.4306640625
vt 0.408447265625 0.3876953125
vt 0.4140625 0.43212890625
vt 0.408447265625 0.4111328125
vt 0.408447265625 0.43212890625
vt 0.08807373046875 0.22705078125
vt 0.106689453125 0.2255859375
vt 0.08758544921875 0.2373046875
vt 0.07421875 0.2294921875
vt 0.073974609375 0.24072265625
vt 0.0653076171875 0.23291015625
vt 0.0654296875 0.2431640625
vt 0.058746337890625 0.236328125
vt 0.049957275390625 0.2509765625
vt 0.045562744140625 0.2431640625
vt 0.03204345703125 0.2626953125
vt 0.031707763671875 0.25
vt 0.0183258056640625 0.2626953125
vt 0.0183868408203125 0.255859375
vt 0.0095367431640625 0.2626953125
vt 0.00390625 0.26171875
vt 1.53515625 0.31396484375
vt 1.517578125 0.33203125
vt 1.525390625 0.3349609375
vt 1.5478515625 0.3359375
vt 1.537109375 0.31494140625
vt 1.498046875 0.220703125
vt 1.498046875 0.19384765625
vt 1.4931640625 0.19873046875
vt 1.474609375 0.197265625
vt 1.4775390625 0.2109375
vt 1.484375 0.20263671875
vt 1.46484375 0.20166015625
vt 1.4541015625 0.1904296875
vt 1.4599609375 0.1796875
vt 1.4423828125 0.17529296875
vt 1.4501953125 0.1650390625
vt 1.4345703125 0.166015625
vt 1.443359375 0.15283203125
vt 1.4306640625 0.16455078125
vt 1.4423828125 0.14599609375
vt 1.423828125 0.16357421875
vt 1.4423828125 0.1337890625
vt 1.4248046875 0.15283203125
vt 1.4130859375 0.16162109375
vt 1.435546875 0.134765625
vt 1.4384765625 0.11083984375
vt 0.22705078125 0.09619140625
vt 0.2113037109375 0.10595703125
vt 0.2152099609375 0.09228515625
vt 0.17041015625 0.07275390625
vt 0.18359375 0.0791015625
vt 0.1676025390625 0.09423828125
vt 0.1568603515625 0.06640625
vt 0.1593017578125 0.0849609375
vt 0.148681640625 0.0751953125
vt 0.13671875 0.064453125
vt 0.142578125 0.07958984375
vt 0.1319580078125 0.0712890625
vt 0.142578125 0.05908203125
vt 0.12017822265625 0.0517578125
vt 0.11572265625 0.05859375
vt 0.125732421875 0.04931640625
vt 0.1029052734375 0.03857421875
vt 0.0985107421875 0.044921875
vt 0.109619140625 0.0390625
vt 0.08673095703125 0.0263671875
vt 0.07965087890625 0.0283203125
vt 0.09197998046875 0.02734375
vt 0.1123046875 0.03466796875
vt 0.07861328125 0.02001953125
vt 0.06781005859375 0.01708984375
vt 0.083251953125 0.021484375
vt 0.0740966796875 0.015625
vt 0.056365966796875 0.00634765625
vt 0.0576171875 0.00390625
vt 0.07330322265625 0.00830078125
vt 0.08197021484375 0.01953125
vt 0.090576171875 0.0126953125
vt 0.093017578125 0.02490234375
vt 0.1156005859375 0.02001953125
vt 0.134521484375 0.0263671875
vt 0.1297607421875 0.04296875
vt 0.153076171875 0.03271484375
vt 0.147216796875 0.05029296875
vt 0.161865234375 0.0556640625
vt 0.1689453125 0.03857421875
vt 0.1756591796875 0.06103515625
vt 0.1845703125 0.044921875
vt 0.1898193359375 0.06640625
vt 0.2000732421875 0.05078125
vt 0.1990966796875 0.0859375
vt 0.192626953125 0.10107421875
vt 0.207275390625 0.07275390625
vt 0.2161865234375 0.056640625
vt 0.22265625 0.07763671875
vt 0.231201171875 0.06103515625
vt 0.23779296875 0.08203125
vt 0.2445068359375 0.064453125
vt 0.2491455078125 0.10302734375
vt 0.2445068359375 0.10400390625
vt 0.263427734375 0.1123046875
vt 0.254150390625 0.0859375
vt 0.26318359375 0.06689453125
vt 0.267822265625 0.1083984375
vt 0.28173828125 0.12109375
vt 0.27587890625 0.07763671875
vt 0.288818359375 0.115234375
vt 0.298583984375 0.130859375
vt 0.276123046875 0.09130859375
vt 0.30322265625 0.09912109375
vt 0.315673828125 0.12646484375
vt 0.3115234375 0.0908203125
vt 0.3291015625 0.109375
vt 0.3330078125 0.1005859375
vt 0.357421875 0.11279296875
vt 0.352294921875 0.12353515625
vt 0.38525390625 0.13037109375
vt 0.35205078125 0.19189453125
vt 0.38525390625 0.185546875
vt 0.35693359375 0.203125
vt 0.32861328125 0.20556640625
vt 0.332275390625 0.21484375
vt 0.310791015625 0.2236328125
vt 0.302490234375 0.21533203125
vt 0.315673828125 0.1884765625
vt 0.276611328125 0.23681640625
vt 0.288330078125 0.19873046875
vt 0.298828125 0.18359375
vt 0.28125 0.19287109375
vt 0.2763671875 0.22314453125
vt 0.267578125 0.2060546875
vt 0.262939453125 0.2021484375
vt 0.2548828125 0.2294921875
vt 0.264404296875 0.24755859375
vt 0.2464599609375 0.25146484375
vt 0.2490234375 0.212890625
vt 0.2442626953125 0.2119140625
vt 0.2274169921875 0.220703125
vt 0.23876953125 0.234375
vt 0.2333984375 0.25537109375
vt 0.223876953125 0.2392578125
vt 0.21875 0.2607421875
vt 0.2159423828125 0.22509765625
vt 0.2083740234375 0.2099609375
vt 0.2088623046875 0.24462890625
vt 0.203125 0.26708984375
vt 0.2001953125 0.23193359375
vt 0.19970703125 0.21435546875
vt 0.19189453125 0.25146484375
vt 0.1878662109375 0.27392578125
vt 0.177978515625 0.2578125
vt 0.172607421875 0.2802734375
vt 0.18505859375 0.2392578125
vt 0.1871337890625 0.22119140625
vt 0.1722412109375 0.24609375
vt 0.1685791015625 0.22509765625
vt 0.16064453125 0.234375
vt 0.1590576171875 0.25341796875
vt 0.1505126953125 0.2451171875
vt 0.1390380859375 0.25634765625
vt 0.1441650390625 0.24072265625
vt 0.1339111328125 0.24951171875
vt 0.145263671875 0.26123046875
vt 0.16455078125 0.263671875
vt 0.150390625 0.27001953125
vt 0.1480712890625 0.291015625
vt 0.13330078125 0.2783203125
vt 0.1204833984375 0.3017578125
vt 0.12890625 0.27197265625
vt 0.1163330078125 0.28759765625
vt 0.12322998046875 0.27001953125
vt 0.11834716796875 0.26318359375
vt 0.1134033203125 0.283203125
vt 0.106689453125 0.2841796875
vt 0.10198974609375 0.2783203125
vt 0.09649658203125 0.2958984375
vt 0.09130859375 0.29736328125
vt 0.0841064453125 0.29541015625
vt 0.09765625 0.29833984375
vt 0.09588623046875 0.310546875
vt 0.08355712890625 0.3037109375
vt 0.07293701171875 0.3076171875
vt 0.08807373046875 0.30224609375
vt 0.079345703125 0.30859375
vt 0.0621337890625 0.3193359375
vt 0.0869140625 0.3046875
vt 0.0789794921875 0.31591796875
vt 0.06353759765625 0.3212890625
vt 0.8115234375 0.0185546875
vt 0.794921875 0.00390625
vt 0.8125 0.00390625
vt 0.83203125 0.00390625
vt 0.8310546875 0.01611328125
vt 0.85107421875 0.0166015625
vt 0.85205078125 0.00390625
vt 0.87158203125 0.013671875
vt 0.87158203125 0.00390625
vt 0.7197265625 0.373046875
vt 0.701171875 0.388671875
vt 0.7001953125 0.373046875
vt 0.6796875 0.373046875
vt 0.6806640625 0.3857421875
vt 0.662109375 0.38330078125
vt 0.6611328125 0.37255859375
vt 0.64404296875 0.380859375
vt 0.64404296875 0.37255859375
vt 1.50390625 0.709228515625
vt 1.501953125 0.713623046875
vt 1.509765625 0.709716796875
vt 1.4853515625 0.716064453125
vt 1.486328125 0.720947265625
vt 1.4677734375 0.720458984375
vt 1.4560546875 0.73193359375
vt 1.4501953125 0.72119140625
vt 1.43359375 0.738525390625
vt 1.4248046875 0.7177734375
vt 1.419921875 0.721923828125
vt 1.4130859375 0.7431640625
vt 1.4033203125 0.698974609375
vt 1.408203125 0.694091796875
vt 1.404296875 0.7294921875
vt 1.39453125 0.745849609375
vt 1.392578125 0.68310546875
vt 1.3984375 0.67333984375
vt 1.3798828125 0.693359375
vt 1.390625 0.708984375
vt 1.388671875 0.73388671875
vt 1.3759765625 0.71630859375
vt 1.3671875 0.69970703125
vt 1.380859375 0.747802734375
vt 1.3916015625 0.7572021484375
vt 1.37109375 0.738037109375
vt 1.3583984375 0.72216796875
vt 1.3505859375 0.70458984375
vt 1.376953125 0.7557373046875
vt 1.3427734375 0.7236328125
vt 1.3369140625 0.705810546875
vt 1.390625 0.7615966796875
vt 1.40234375 0.767822265625
vt 1.3896484375 0.765869140625
vt 1.3759765625 0.7637939453125
vt 1.36328125 0.751953125
vt 1.361328125 0.7625732421875
vt 1.3466796875 0.73681640625
vt 1.34765625 0.75
vt 1.34765625 0.762451171875
vt 1.333984375 0.7626953125
vt 1.3232421875 0.74755859375
vt 1.3232421875 0.7655029296875
vt 1.322265625 0.735595703125
vt 1.3203125 0.724365234375
vt 1.31640625 0.70654296875
vt 1.29296875 0.744873046875
vt 1.29296875 0.723876953125
vt 1.2880859375 0.706787109375
vt 1.2939453125 0.73291015625
vt 1.2578125 0.726806640625
vt 1.2548828125 0.706787109375
vt 1.216796875 0.705810546875
vt 1.2578125 0.741455078125
vt 1.2177734375 0.73828125
vt 1.310546875 0.758544921875
vt 1.291015625 0.75048828125
vt 1.2890625 0.7679443359375
vt 1.310546875 0.7730712890625
vt 1.32421875 0.7786865234375
vt 1.333984375 0.77734375
vt 1.3046875 0.783935546875
vt 1.3193359375 0.7867431640625
vt 1.2841796875 0.7818603515625
vt 1.3330078125 0.7886962890625
vt 1.26171875 0.78076171875
vt 1.3359375 0.7843017578125
vt 1.3447265625 0.7880859375
vt 1.2529296875 0.7628173828125
vt 1.248046875 0.7816162109375
vt 1.2333984375 0.7747802734375
vt 1.220703125 0.760009765625
vt 1.2392578125 0.7886962890625
vt 1.2529296875 0.7940673828125
vt 1.2353515625 0.79443359375
vt 1.216796875 0.7825927734375
vt 1.2119140625 0.794189453125
vt 1.2177734375 0.7698974609375
vt 1.2021484375 0.7589111328125
vt 1.201171875 0.7672119140625
vt 1.1953125 0.7806396484375
vt 1.1904296875 0.795654296875
vt 1.1806640625 0.795166015625
vt 1.1669921875 0.793212890625
vt 1.1611328125 0.779052734375
vt 1.1474609375 0.791015625
vt 1.169921875 0.76513671875
vt 1.1328125 0.77783203125
vt 1.1279296875 0.789794921875
vt 1.1396484375 0.763916015625
vt 1.1708984375 0.7569580078125
vt 1.140625 0.7557373046875
vt 1.173828125 0.736328125
vt 1.173828125 0.705078125
vt 1.1416015625 0.70556640625
vt 1.140625 0.7353515625
vt 1.109375 0.707275390625
vt 1.11328125 0.7557373046875
vt 1.109375 0.735107421875
vt 1.08203125 0.724365234375
vt 1.0791015625 0.7099609375
vt 1.1103515625 0.7637939453125
vt 1.0673828125 0.7236328125
vt 1.0654296875 0.7119140625
vt 1.109375 0.7772216796875
vt 1.10546875 0.7889404296875
vt 1.05078125 0.724365234375
vt 1.0498046875 0.713134765625
vt 1.0888671875 0.7774658203125
vt 1.0869140625 0.78955078125
vt 1.0927734375 0.76416015625
vt 1.0693359375 0.7769775390625
vt 1.068359375 0.789306640625
vt 1.0732421875 0.7640380859375
vt 1.0966796875 0.756103515625
vt 1.080078125 0.7562255859375
vt 1.095703125 0.745849609375
vt 1.0673828125 0.75537109375
vt 1.0888671875 0.734619140625
vt 1.072265625 0.746826171875
vt 1.0693359375 0.735107421875
vt 1.052734375 0.735595703125
vt 1.05859375 0.7625732421875
vt 1.0546875 0.7530517578125
vt 1.0546875 0.7747802734375
vt 1.046875 0.787353515625
vt 1.046875 0.7591552734375
vt 1.04296875 0.7701416015625
vt 1.0361328125 0.77783203125
vt 1.025390625 0.7696533203125
vt 1.041015625 0.748291015625
vt 1.0322265625 0.7523193359375
vt 1.0283203125 0.761962890625
vt 1.017578125 0.7607421875
vt 1.0126953125 0.75244140625
vt 1.0302734375 0.739990234375
vt 1.01953125 0.7431640625
vt 1.009765625 0.747802734375
vt 1.01953125 0.7255859375
vt 1.017578125 0.712646484375
vt 1.0126953125 0.737548828125
vt 1.005859375 0.73291015625
vt 1.0068359375 0.725341796875
vt 1.0068359375 0.712646484375
vt 0.83544921875 0.833740234375
vt 0.822265625 0.8372802734375
vt 0.82275390625 0.8284912109375
vt 0.8134765625 0.834716796875
vt 0.80908203125 0.8232421875
vt 0.8037109375 0.8319091796875
vt 0.79443359375 0.815673828125
vt 0.79296875 0.8287353515625
vt 0.78466796875 0.8106689453125
vt 0.7744140625 0.8238525390625
vt 0.775390625 0.8055419921875
vt 0.76123046875 0.821044921875
vt 0.76513671875 0.7972412109375
vt 0.74462890625 0.818359375
vt 0.783203125 0.8001708984375
vt 0.7861328125 0.8070068359375
vt 0.744140625 0.7935791015625
vt 0.72119140625 0.8160400390625
vt 0.7666015625 0.78125
vt 0.8017578125 0.802978515625
vt 0.79736328125 0.80908203125
vt 0.81396484375 0.8125
vt 0.78662109375 0.784423828125
vt 0.81884765625 0.80517578125
vt 0.8271484375 0.81494140625
vt 0.8046875 0.787109375
vt 0.837890625 0.8070068359375
vt 0.83984375 0.8167724609375
vt 0.85107421875 0.81787109375
vt 0.81982421875 0.788818359375
vt 0.86181640625 0.808837890625
vt 0.8623046875 0.8189697265625
vt 0.873046875 0.8201904296875
vt 0.8388671875 0.790283203125
vt 0.86181640625 0.7916259765625
vt 0.88037109375 0.8099365234375
vt 0.884765625 0.821533203125
vt 0.87939453125 0.7919921875
vt 0.8984375 0.8114013671875
vt 0.8955078125 0.822998046875
vt 0.9052734375 0.8238525390625
vt 0.91845703125 0.812744140625
vt 0.91845703125 0.82421875
vt 0.91845703125 0.79345703125
vt 0.8974609375 0.79248046875
vt 0.91064453125 0.78564453125
vt 0.892578125 0.78564453125
vt 0.89208984375 0.7806396484375
vt 0.87744140625 0.778076171875
vt 0.8759765625 0.7838134765625
vt 0.8603515625 0.772705078125
vt 0.85498046875 0.7806396484375
vt 0.845703125 0.765625
vt 0.83984375 0.7760009765625
vt 0.82275390625 0.755126953125
vt 0.81884765625 0.7664794921875
vt 0.8076171875 0.7513427734375
vt 0.80517578125 0.763916015625
vt 0.79296875 0.7506103515625
vt 0.79150390625 0.7637939453125
vt 0.7783203125 0.763427734375
vt 0.779296875 0.75
vt 0.76123046875 0.746826171875
vt 0.7587890625 0.760009765625
vt 0.744140625 0.739990234375
vt 0.74560546875 0.777099609375
vt 0.7333984375 0.75048828125
vt 0.72509765625 0.73095703125
vt 0.6962890625 0.7991943359375
vt 0.71142578125 0.738525390625
vt 0.7001953125 0.7412109375
vt 0.7041015625 0.71728515625
vt 0.6943359375 0.72705078125
vt 0.68994140625 0.730712890625
vt 0.6875 0.72021484375
vt 0.6845703125 0.721923828125
vt 0.7001953125 0.71337890625
vt 0.6806640625 0.712158203125
vt 0.6845703125 0.694580078125
vt 0.6845703125 0.694580078125
vt 0.69970703125 0.69873046875
vt 1.341796875 0.7752685546875
vt 1.3564453125 0.7864990234375
vt 1.353515625 0.772705078125
vt 1.3671875 0.7713623046875
vt 1.369140625 0.796142578125
vt 1.3828125 0.7711181640625
vt 1.3916015625 0.7784423828125
vt 1.3984375 0.77197265625
vt 1.41796875 0.7786865234375
vt 1.4150390625 0.7730712890625
vt 1.4306640625 0.774169921875
vt 1.41796875 0.7542724609375
vt 1.416015625 0.7655029296875
vt 1.4375 0.749755859375
vt 1.458984375 0.743408203125
vt 1.40234375 0.7939453125
vt 1.4345703125 0.779052734375
vt 1.51953125 0.7791748046875
vt 1.484375 0.7353515625
vt 1.517578125 0.72314453125
vt 1.4345703125 0.792236328125
vt 1.5341796875 0.71484375
vt 1.4345703125 0.7994384765625
vt 1.5712890625 0.724853515625
vt 1.5439453125 0.710693359375
vt 1.5537109375 0.70703125
vt 1.5693359375 0.700927734375
vt 1.591796875 0.713134765625
vt 1.595703125 0.709716796875
vt 1.603515625 0.741455078125
vt 1.619140625 0.72802734375
vt 1.6259765625 0.723876953125
vt 1.6142578125 0.780517578125
vt 1.6416015625 0.739501953125
vt 1.650390625 0.735595703125
vt 1.6328125 0.755859375
vt 1.673828125 0.754638671875
vt 1.671875 0.745849609375
vt 1.6708984375 0.7373046875
vt 1.6630859375 0.73291015625
vt 1.6787109375 0.741455078125
vt 1.6904296875 0.746826171875
vt 1.6982421875 0.7642822265625
vt 1.7265625 0.7603759765625
vt 1.6708984375 0.7734375
vt 1.6650390625 0.7901611328125
vt 1.69921875 0.783203125
vt 1.7216796875 0.771484375
vt 1.6142578125 0.7906494140625
vt 1.7216796875 0.7890625
vt 1.521484375 0.7918701171875
vt 1.5224609375 0.7994384765625
vt 1.6142578125 0.7994384765625
vt 1.67578125 0.7994384765625
vt 1.5224609375 0.8150634765625
vt 1.6142578125 0.8150634765625
vt 1.4345703125 0.8150634765625
vt 1.67578125 0.8150634765625
vt 1.6962890625 0.8150634765625
vt 1.40234375 0.799072265625
vt 1.400390625 0.8150634765625
vt 1.365234375 0.8150634765625
vt 1.3564453125 0.79541015625
vt 1.341796875 0.8150634765625
vt 1.33984375 0.7930908203125
vt 1.3203125 0.8150634765625
vt 1.3232421875 0.7911376953125
vt 1.3017578125 0.788818359375
vt 1.2978515625 0.8150634765625
vt 1.2763671875 0.7882080078125
vt 1.2685546875 0.8031005859375
vt 1.26171875 0.790771484375
vt 1.263671875 0.8150634765625
vt 1.25 0.80322265625
vt 1.2216796875 0.8150634765625
vt 1.224609375 0.802734375
vt 1.201171875 0.8046875
vt 1.1845703125 0.8150634765625
vt 1.1904296875 0.8062744140625
vt 1.17578125 0.8016357421875
vt 1.15234375 0.8150634765625
vt 1.154296875 0.7989501953125
vt 1.1337890625 0.7974853515625
vt 1.1171875 0.8150634765625
vt 1.1083984375 0.7962646484375
vt 1.0869140625 0.8150634765625
vt 1.087890625 0.79736328125
vt 1.0625 0.8150634765625
vt 1.06640625 0.7974853515625
vt 1.04296875 0.7972412109375
vt 1.037109375 0.803955078125
vt 1.0302734375 0.8150634765625
vt 1.822265625 0.8372802734375
vt 1.8349609375 0.833740234375
vt 1.822265625 0.8284912109375
vt 1.8134765625 0.834716796875
vt 1.80859375 0.8232421875
vt 1.8037109375 0.8319091796875
vt 1.7939453125 0.815673828125
vt 1.79296875 0.8287353515625
vt 1.7841796875 0.8106689453125
vt 1.7744140625 0.8238525390625
vt 1.775390625 0.8055419921875
vt 1.7607421875 0.821044921875
vt 1.7646484375 0.7972412109375
vt 1.744140625 0.818359375
vt 1.783203125 0.8001708984375
vt 1.7861328125 0.8070068359375
vt 1.744140625 0.7935791015625
vt 1.720703125 0.8160400390625
vt 1.7666015625 0.78125
vt 1.8017578125 0.802978515625
vt 1.796875 0.80908203125
vt 1.8134765625 0.8125
vt 1.7861328125 0.784423828125
vt 1.818359375 0.80517578125
vt 1.8271484375 0.81494140625
vt 1.8046875 0.787109375
vt 1.837890625 0.8070068359375
vt 1.83984375 0.8167724609375
vt 1.8505859375 0.81787109375
vt 1.8193359375 0.788818359375
vt 1.861328125 0.808837890625
vt 1.8623046875 0.8189697265625
vt 1.873046875 0.8201904296875
vt 1.8388671875 0.790283203125
vt 1.861328125 0.7916259765625
vt 1.8798828125 0.8099365234375
vt 1.884765625 0.821533203125
vt 1.87890625 0.7919921875
vt 1.8984375 0.8114013671875
vt 1.8955078125 0.822998046875
vt 1.9052734375 0.8238525390625
vt 1.91796875 0.812744140625
vt 1.91796875 0.82421875
vt 1.91796875 0.79345703125
vt 1.8974609375 0.79248046875
vt 1.91015625 0.78564453125
vt 1.892578125 0.78564453125
vt 1.8916015625 0.7806396484375
vt 1.876953125 0.778076171875
vt 1.8759765625 0.7838134765625
vt 1.8603515625 0.772705078125
vt 1.8544921875 0.7806396484375
vt 1.845703125 0.765625
vt 1.83984375 0.7760009765625
vt 1.822265625 0.755126953125
vt 1.818359375 0.7664794921875
vt 1.8076171875 0.7513427734375
vt 1.8046875 0.763916015625
vt 1.79296875 0.7506103515625
vt 1.791015625 0.7637939453125
vt 1.7783203125 0.763427734375
vt 1.779296875 0.75
vt 1.7607421875 0.746826171875
vt 1.7587890625 0.760009765625
vt 1.744140625 0.739990234375
vt 1.7451171875 0.777099609375
vt 1.7333984375 0.75048828125
vt 1.724609375 0.73095703125
vt 1.6962890625 0.7991943359375
vt 1.7109375 0.738525390625
vt 1.7001953125 0.7412109375
vt 1.7041015625 0.71728515625
vt 1.6943359375 0.72705078125
vt 1.689453125 0.730712890625
vt 1.6875 0.72021484375
vt 1.6845703125 0.721923828125
vt 1.7001953125 0.71337890625
vt 1.6806640625 0.712158203125
vt 1.6845703125 0.694580078125
vt 1.6845703125 0.694580078125
vt 1.69921875 0.69873046875
vt 0.6875 0.2685546875
vt 0.69873046875 0.27880859375
vt 0.6865234375 0.2802734375
vt 0.69873046875 0.26806640625
vt 1.6875 0.2685546875
vt 1.6865234375 0.2802734375
vt 1.6982421875 0.27880859375
vt 1.6982421875 0.26806640625
vt 0.315673828125 0.072265625
vt 0.31494140625 0.0712890625
vt 0.31591796875 0.0712890625
vt 0.314697265625 0.07177734375
vt 0.313232421875 0.0712890625
vt 0.313232421875 0.07177734375
vt 0.309814453125 0.07177734375
vt 0.303955078125 0.07177734375
vt 0.294677734375 0.0712890625
vt 0.298095703125 0.072265625
vt 0.294921875 0.072265625
vt 0.29345703125 0.072265625
vt 0.29345703125 0.0712890625
vt 0.292724609375 0.072265625
vt 0.29248046875 0.0712890625
vt 0.533203125 0.017578125
vt 0.53564453125 0.00390625
vt 0.53564453125 0.01806640625
vt 0.533203125 0.00390625
vt 0.53125 0.01708984375
vt 0.53125 0.00390625
vt 0.529296875 0.00390625
vt 0.529296875 0.01806640625
vt 0.52685546875 0.00390625
vt 0.52685546875 0.01953125
vt 1.2822265625 0.514404296875
vt 1.2890625 0.519775390625
vt 1.2958984375 0.514404296875
vt 1.2783203125 0.520263671875
vt 1.26953125 0.514404296875
vt 1.26953125 0.5224609375
vt 1.255859375 0.514404296875
vt 1.255859375 0.524658203125
vt 1.244140625 0.514404296875
vt 1.244140625 0.525634765625
vt 1.2373046875 0.514404296875
vt 1.23828125 0.5263671875
vt 1.234375 0.51953125
vt 1.234375 0.526611328125
vt 1.2294921875 0.521728515625
vt 1.2294921875 0.526611328125
vt 1.224609375 0.5263671875
vt 1.224609375 0.519775390625
vt 1.2158203125 0.52587890625
vt 1.21875 0.514404296875
vt 1.2041015625 0.514404296875
vt 1.2041015625 0.525390625
vt 1.189453125 0.514404296875
vt 1.189453125 0.525390625
vt 1.1728515625 0.514404296875
vt 1.1728515625 0.526611328125
vt 1.158203125 0.514404296875
vt 1.1591796875 0.5302734375
vt 1.1396484375 0.527587890625
vt 1.13671875 0.514404296875
vt 1.1162109375 0.5234375
vt 1.1142578125 0.514404296875
vt 1.09765625 0.518798828125
vt 1.099609375 0.514404296875
vt 1.0859375 0.514404296875
vt 1.529296875 0.01806640625
vt 1.5263671875 0.00390625
vt 1.5263671875 0.01953125
vt 1.529296875 0.00390625
vt 1.53125 0.01708984375
vt 1.53125 0.00390625
vt 1.533203125 0.00390625
vt 1.533203125 0.017578125
vt 1.53515625 0.00390625
vt 1.53515625 0.01806640625
vt 0.537109375 0.31494140625
vt 0.54833984375 0.3359375
vt 0.525390625 0.3349609375
vt 0.517578125 0.33203125
vt 0.53564453125 0.31396484375
vt 0.74951171875 0.02294921875
vt 0.7451171875 0.03759765625
vt 0.73583984375 0.033203125
vt 0.7333984375 0.0537109375
vt 0.74462890625 0.0498046875
vt 0.7197265625 0.048828125
vt 0.74755859375 0.060546875
vt 0.73583984375 0.07080078125
vt 0.75537109375 0.06884765625
vt 0.72412109375 0.06787109375
vt 0.74462890625 0.08349609375
vt 0.7666015625 0.07421875
vt 0.7353515625 0.087890625
vt 0.755859375 0.0927734375
vt 0.7685546875 0.0830078125
vt 0.74755859375 0.1005859375
vt 0.76220703125 0.09716796875
vt 0.77197265625 0.09130859375
vt 0.75390625 0.10400390625
vt 0.7607421875 0.10693359375
vt 0.76708984375 0.1005859375
vt 0.7802734375 0.1005859375
vt 0.7705078125 0.1103515625
vt 0.77490234375 0.10546875
vt 0.80126953125 0.119140625
vt 0.7421875 0.10302734375
vt 0.75390625 0.111328125
vt 0.7353515625 0.10498046875
vt 0.7265625 0.09130859375
vt 0.71484375 0.0966796875
vt 0.70849609375 0.078125
vt 0.68896484375 0.0869140625
vt 0.6962890625 0.068359375
vt 0.66748046875 0.07958984375
vt 0.70654296875 0.05322265625
vt 0.68359375 0.06591796875
vt 0.69873046875 0.056640625
vt 0.9794921875 0.49462890625
vt 0.96337890625 0.47998046875
vt 0.9794921875 0.4794921875
vt 0.95947265625 0.49462890625
vt 0.9794921875 0.5068359375
vt 0.958984375 0.5068359375
vt 0.958984375 0.51806640625
vt 0.9794921875 0.51806640625
vt 0.9609375 0.529541015625
vt 0.9794921875 0.529296875
vt 0.96435546875 0.54150390625
vt 0.9794921875 0.54150390625
vt 1.716796875 0.00439453125
vt 1.7109375 0.00390625
vt 1.712890625 0.005859375
vt 1.7109375 0.01123046875
vt 1.6923828125 0.0048828125
vt 1.693359375 0.0185546875
vt 1.7119140625 0.0185546875
vt 1.6533203125 0.0107421875
vt 1.6640625 0.0185546875
vt 1.6640625 0.00830078125
vt 1.654296875 0.0185546875
vt 1.6396484375 0.01611328125
vt 1.638671875 0.0185546875
vt 1.3994140625 0.41357421875
vt 1.3798828125 0.408203125
vt 1.38671875 0.41357421875
vt 1.3662109375 0.41357421875
vt 1.37109375 0.40283203125
vt 1.365234375 0.39697265625
vt 1.3564453125 0.39697265625
vt 1.3330078125 0.41357421875
vt 1.328125 0.39697265625
vt 1.30078125 0.41357421875
vt 1.298828125 0.39697265625
vt 1.2666015625 0.41357421875
vt 1.265625 0.39697265625
vt 1.2646484375 0.42919921875
vt 1.2470703125 0.4130859375
vt 1.24609375 0.427734375
vt 1.248046875 0.39697265625
vt 1.224609375 0.42431640625
vt 1.2265625 0.41015625
vt 1.23046875 0.39453125
vt 1.2158203125 0.39111328125
vt 1.208984375 0.4052734375
vt 1.205078125 0.41943359375
vt 1.2099609375 0.388671875
vt 1.1923828125 0.416015625
vt 1.2001953125 0.423828125
vt 1.185546875 0.42138671875
vt 1.19921875 0.39990234375
vt 1.201171875 0.380859375
vt 1.18359375 0.4130859375
vt 1.173828125 0.42138671875
vt 1.173828125 0.408203125
vt 1.1591796875 0.42041015625
vt 1.1884765625 0.388671875
vt 1.1669921875 0.39990234375
vt 1.1455078125 0.4169921875
vt 1.18359375 0.37451171875
vt 1.1962890625 0.3701171875
vt 1.1396484375 0.40966796875
vt 1.1259765625 0.41162109375
vt 1.1650390625 0.3837890625
vt 1.1376953125 0.39306640625
vt 1.1826171875 0.361328125
vt 1.1962890625 0.35986328125
vt 1.166015625 0.3662109375
vt 1.1845703125 0.341796875
vt 1.1982421875 0.341796875
vt 1.19140625 0.3193359375
vt 1.2041015625 0.31982421875
vt 1.1767578125 0.3271484375
vt 1.1708984375 0.34619140625
vt 1.1669921875 0.33203125
vt 1.15625 0.34716796875
vt 1.1513671875 0.34033203125
vt 1.1298828125 0.349609375
vt 1.1455078125 0.36767578125
vt 1.115234375 0.35693359375
vt 1.1064453125 0.357421875
vt 1.107421875 0.3486328125
vt 1.1025390625 0.36328125
vt 1.11328125 0.41015625
vt 1.0986328125 0.34912109375
vt 1.103515625 0.33935546875
vt 1.095703125 0.35888671875
vt 1.09375 0.37158203125
vt 1.1015625 0.41162109375
vt 1.083984375 0.35302734375
vt 1.0849609375 0.3447265625
vt 1.0791015625 0.35986328125
vt 1.0986328125 0.3388671875
vt 1.0849609375 0.33740234375
vt 1.1015625 0.3330078125
vt 1.0888671875 0.36865234375
vt 1.0986328125 0.33203125
vt 1.099609375 0.32861328125
vt 1.091796875 0.33203125
vt 1.0849609375 0.33203125
vt 1.0966796875 0.3271484375
vt 1.0966796875 0.32568359375
vt 1.091796875 0.32421875
vt 1.091796875 0.32666015625
vt 1.0849609375 0.32666015625
vt 1.0849609375 0.32470703125
vt 1.08203125 0.3798828125
vt 1.0908203125 0.4130859375
vt 1.076171875 0.41259765625
vt 1.078125 0.37744140625
vt 1.0693359375 0.3662109375
vt 1.068359375 0.38623046875
vt 1.060546875 0.40869140625
vt 1.0625 0.3837890625
vt 1.056640625 0.3720703125
vt 1.05078125 0.3916015625
vt 1.044921875 0.40234375
vt 1.02734375 0.3916015625
vt 1.044921875 0.3876953125
vt 1.041015625 0.37548828125
vt 1.0234375 0.388671875
vt 1.0205078125 0.37744140625
vt 1.017578125 0.0048828125
vt 1.021484375 0.01611328125
vt 1.0439453125 0.00390625
vt 1.00390625 0.0068359375
vt 1.00390625 0.0302734375
vt 1.4208984375 0.47216796875
vt 1.427734375 0.4443359375
vt 1.4228515625 0.4453125
vt 1.423828125 0.43017578125
vt 1.4296875 0.42822265625
vt 1.4248046875 0.41064453125
vt 1.431640625 0.41064453125
vt 1.431640625 0.39404296875
vt 1.42578125 0.38818359375
vt 1.4189453125 0.3876953125
vt 1.416015625 0.41162109375
vt 1.4189453125 0.4306640625
vt 1.408203125 0.3876953125
vt 1.4140625 0.43212890625
vt 1.408203125 0.4111328125
vt 1.408203125 0.43212890625
vt 1.017578125 0.255859375
vt 1.00390625 0.26171875
vt 1.0087890625 0.2626953125
vt 1.017578125 0.2626953125
vt 1.03125 0.25
vt 1.03125 0.2626953125
vt 1.044921875 0.2431640625
vt 1.0498046875 0.2509765625
vt 1.05859375 0.236328125
vt 1.0654296875 0.2431640625
vt 1.064453125 0.23291015625
vt 1.0732421875 0.24072265625
vt 1.07421875 0.2294921875
vt 1.0869140625 0.2373046875
vt 1.087890625 0.22705078125
vt 1.1064453125 0.2255859375
vt 1.7451171875 0.03759765625
vt 1.7490234375 0.02294921875
vt 1.7353515625 0.033203125
vt 1.7333984375 0.0537109375
vt 1.744140625 0.0498046875
vt 1.7197265625 0.048828125
vt 1.7470703125 0.060546875
vt 1.7353515625 0.07080078125
vt 1.7548828125 0.06884765625
vt 1.7236328125 0.06787109375
vt 1.744140625 0.08349609375
vt 1.7666015625 0.07421875
vt 1.7353515625 0.087890625
vt 1.755859375 0.0927734375
vt 1.7685546875 0.0830078125
vt 1.7470703125 0.1005859375
vt 1.76171875 0.09716796875
vt 1.771484375 0.09130859375
vt 1.75390625 0.10400390625
vt 1.7607421875 0.10693359375
vt 1.7666015625 0.1005859375
vt 1.7802734375 0.1005859375
vt 1.7705078125 0.1103515625
vt 1.7744140625 0.10546875
vt 1.80078125 0.119140625
vt 1.7421875 0.10302734375
vt 1.75390625 0.111328125
vt 1.7353515625 0.10498046875
vt 1.7265625 0.09130859375
vt 1.71484375 0.0966796875
vt 1.7080078125 0.078125
vt 1.6884765625 0.0869140625
vt 1.6962890625 0.068359375
vt 1.6669921875 0.07958984375
vt 1.7060546875 0.05322265625
vt 1.68359375 0.06591796875
vt 1.6982421875 0.056640625
vt 1.962890625 0.47998046875
vt 1.9794921875 0.49462890625
vt 1.9794921875 0.4794921875
vt 1.958984375 0.49462890625
vt 1.9794921875 0.5068359375
vt 1.958984375 0.5068359375
vt 1.958984375 0.51806640625
vt 1.9794921875 0.51806640625
vt 1.9609375 0.529541015625
vt 1.9794921875 0.529296875
vt 1.9638671875 0.54150390625
vt 1.9794921875 0.54150390625
vt 0.43115234375 0.01708984375
vt 0.427490234375 0.01708984375
vt 0.429931640625 0.01513671875
vt 0.43212890625 0.01513671875
vt 0.43408203125 0.0166015625
vt 0.43408203125 0.01513671875
vt 0.436279296875 0.01513671875
vt 0.43701171875 0.0166015625
vt 0.439453125 0.01513671875
vt 0.440673828125 0.0166015625
vt 0.4423828125 0.01318359375
vt 0.4443359375 0.013671875
vt 0.44287109375 0.01025390625
vt 0.441162109375 0.0107421875
vt 0.440673828125 0.00732421875
vt 0.439208984375 0.0078125
vt 0.438720703125 0.0048828125
vt 0.43798828125 0.00634765625
vt 0.43701171875 0.0048828125
vt 0.435791015625 0.00634765625
vt 0.435546875 0.00439453125
vt 0.433837890625 0.00439453125
vt 0.42822265625 0.00634765625
vt 0.42626953125 0.00390625
vt 1.4267578125 0.01708984375
vt 1.4306640625 0.01708984375
vt 1.4296875 0.01513671875
vt 1.431640625 0.01513671875
vt 1.43359375 0.0166015625
vt 1.43359375 0.01513671875
vt 1.435546875 0.01513671875
vt 1.4365234375 0.0166015625
vt 1.439453125 0.01513671875
vt 1.4404296875 0.0166015625
vt 1.4423828125 0.01318359375
vt 1.4443359375 0.013671875
vt 1.4423828125 0.01025390625
vt 1.4404296875 0.0107421875
vt 1.4404296875 0.00732421875
vt 1.4384765625 0.0078125
vt 1.4384765625 0.0048828125
vt 1.4375 0.00634765625
vt 1.4365234375 0.0048828125
vt 1.435546875 0.00634765625
vt 1.435546875 0.00439453125
vt 1.43359375 0.00439453125
vt 1.427734375 0.00634765625
vt 1.42578125 0.00390625
vt 0.80517578125 0.66943359375
vt 0.80126953125 0.636474609375
vt 0.80517578125 0.636474609375
vt 0.80126953125 0.67138671875
vt 0.79541015625 0.63671875
vt 0.79541015625 0.672119140625
vt 0.7216796875 0.67236328125
vt 0.72119140625 0.63720703125
vt 0.71630859375 0.67138671875
vt 0.7158203125 0.63720703125
vt 0.211181640625 0.3408203125
vt 0.22900390625 0.36474609375
vt 0.211181640625 0.36474609375
vt 0.22900390625 0.3408203125
vt 0.22900390625 0.33349609375
vt 0.211181640625 0.33349609375
vt 1.2109375 0.3408203125
vt 1.228515625 0.33349609375
vt 1.2109375 0.33349609375
vt 1.228515625 0.3408203125
vt 1.228515625 0.36474609375
vt 1.2109375 0.36474609375
vt 0.5439453125 0.009765625
vt 0.5439453125 0.0068359375
vt 0.5458984375 0.0087890625
vt 0.546875 0.0068359375
vt 0.5458984375 0.0048828125
vt 0.5439453125 0.00390625
vt 1.5439453125 0.009765625
vt 1.5458984375 0.0087890625
vt 1.5439453125 0.0068359375
vt 1.546875 0.0068359375
vt 1.5458984375 0.0048828125
vt 1.5439453125 0.00390625
vt 0.5068359375 0.56494140625
vt 0.52490234375 0.56591796875
vt 0.51953125 0.573974609375
vt 0.5029296875 0.573974609375
vt 0.478759765625 0.56396484375
vt 0.4775390625 0.573974609375
vt 0.448486328125 0.573974609375
vt 0.447021484375 0.56396484375
vt 0.41748046875 0.573974609375
vt 0.4111328125 0.563720703125
vt 0.378662109375 0.563720703125
vt 0.369140625 0.573974609375
vt 0.361572265625 0.565185546875
vt 0.322265625 0.569091796875
vt 0.310791015625 0.573974609375
vt 0.311279296875 0.56689453125
vt 0.2734375 0.56884765625
vt 0.2734375 0.573974609375
vt 0.2353515625 0.573974609375
vt 0.30908203125 0.552490234375
vt 0.34765625 0.557373046875
vt 0.2330322265625 0.570556640625
vt 0.1993408203125 0.573974609375
vt 0.1910400390625 0.572021484375
vt 0.269775390625 0.55712890625
vt 0.2283935546875 0.560791015625
vt 0.266845703125 0.540771484375
vt 0.307373046875 0.53173828125
vt 0.2255859375 0.548828125
vt 0.336669921875 0.53125
vt 0.1884765625 0.554931640625
vt 0.34521484375 0.5458984375
vt 0.361572265625 0.52978515625
vt 0.374755859375 0.548095703125
vt 0.372802734375 0.53955078125
vt 0.400634765625 0.529296875
vt 0.390625 0.539306640625
vt 0.1881103515625 0.5634765625
vt 0.169921875 0.557373046875
vt 0.16650390625 0.56494140625
vt 0.156494140625 0.559326171875
vt 0.187255859375 0.506591796875
vt 0.2020263671875 0.50341796875
vt 0.2174072265625 0.506103515625
vt 0.212646484375 0.498046875
vt 0.23193359375 0.49658203125
vt 0.236328125 0.505126953125
vt 0.269775390625 0.4912109375
vt 0.274658203125 0.501708984375
vt 0.2235107421875 0.48046875
vt 0.299072265625 0.486328125
vt 0.30712890625 0.49755859375
vt 0.260009765625 0.47607421875
vt 0.28759765625 0.47216796875
vt 0.32958984375 0.47998046875
vt 0.342529296875 0.490234375
vt 0.311279296875 0.46875
vt 0.343994140625 0.4755859375
vt 0.36083984375 0.48291015625
vt 0.33056640625 0.46533203125
vt 0.35400390625 0.47119140625
vt 0.375 0.474609375
vt 0.346923828125 0.4619140625
vt 0.36328125 0.4638671875
vt 0.391845703125 0.4580078125
vt 0.365234375 0.45849609375
vt 0.394287109375 0.44970703125
vt 0.38671875 0.443359375
vt 0.36279296875 0.45361328125
vt 0.369140625 0.439453125
vt 0.34228515625 0.453125
vt 0.33837890625 0.43701171875
vt 0.324462890625 0.455078125
vt 0.305419921875 0.43701171875
vt 0.30322265625 0.45751953125
vt 0.27880859375 0.43701171875
vt 0.278564453125 0.4599609375
vt 0.249755859375 0.43701171875
vt 0.25244140625 0.462890625
vt 0.2225341796875 0.43701171875
vt 0.21826171875 0.46630859375
vt 0.2022705078125 0.43701171875
vt 0.1905517578125 0.4833984375
vt 0.1805419921875 0.49169921875
vt 0.1605224609375 0.48583984375
vt 0.1905517578125 0.46826171875
vt 0.1903076171875 0.43701171875
vt 0.16943359375 0.43701171875
vt 0.1619873046875 0.46826171875
vt 0.1373291015625 0.4794921875
vt 0.135498046875 0.43701171875
vt 0.133056640625 0.46875
vt 0.10321044921875 0.4794921875
vt 0.10296630859375 0.43701171875
vt 0.10272216796875 0.46923828125
vt 0.06634521484375 0.451171875
vt 0.06854248046875 0.47021484375
vt 0.06829833984375 0.4794921875
vt 0.03704833984375 0.4794921875
vt 0.0306854248046875 0.4697265625
vt 0.021575927734375 0.4794921875
vt 0.01016998291015625 0.46923828125
vt 0.01016998291015625 0.4794921875
vt 0.0295867919921875 0.453125
vt 0.047821044921875 0.44970703125
vt 0.01016998291015625 0.453125
vt 0.027130126953125 0.447265625
vt 0.00390625 0.44677734375
vt 0.00839996337890625 0.44287109375
vt 1.5244140625 0.56591796875
vt 1.5068359375 0.56494140625
vt 1.51953125 0.573974609375
vt 1.5029296875 0.573974609375
vt 1.478515625 0.56396484375
vt 1.4775390625 0.573974609375
vt 1.4482421875 0.573974609375
vt 1.4462890625 0.56396484375
vt 1.4169921875 0.573974609375
vt 1.4111328125 0.563720703125
vt 1.3779296875 0.563720703125
vt 1.369140625 0.573974609375
vt 1.361328125 0.565185546875
vt 1.322265625 0.569091796875
vt 1.310546875 0.573974609375
vt 1.310546875 0.56689453125
vt 1.2734375 0.56884765625
vt 1.2734375 0.573974609375
vt 1.2353515625 0.573974609375
vt 1.30859375 0.552490234375
vt 1.34765625 0.557373046875
vt 1.232421875 0.570556640625
vt 1.19921875 0.573974609375
vt 1.1904296875 0.572021484375
vt 1.26953125 0.55712890625
vt 1.2275390625 0.560791015625
vt 1.2666015625 0.540771484375
vt 1.306640625 0.53173828125
vt 1.2255859375 0.548828125
vt 1.3359375 0.53125
vt 1.1884765625 0.554931640625
vt 1.3447265625 0.5458984375
vt 1.361328125 0.52978515625
vt 1.3740234375 0.548095703125
vt 1.3720703125 0.53955078125
vt 1.400390625 0.529296875
vt 1.390625 0.539306640625
vt 1.1875 0.5634765625
vt 1.169921875 0.557373046875
vt 1.166015625 0.56494140625
vt 1.15625 0.559326171875
vt 1.1865234375 0.506591796875
vt 1.216796875 0.506103515625
vt 1.201171875 0.50341796875
vt 1.2119140625 0.498046875
vt 1.2314453125 0.49658203125
vt 1.236328125 0.505126953125
vt 1.26953125 0.4912109375
vt 1.2744140625 0.501708984375
vt 1.22265625 0.48046875
vt 1.298828125 0.486328125
vt 1.306640625 0.49755859375
vt 1.259765625 0.47607421875
vt 1.287109375 0.47216796875
vt 1.3291015625 0.47998046875
vt 1.341796875 0.490234375
vt 1.310546875 0.46875
vt 1.34375 0.4755859375
vt 1.3603515625 0.48291015625
vt 1.330078125 0.46533203125
vt 1.353515625 0.47119140625
vt 1.375 0.474609375
vt 1.3466796875 0.4619140625
vt 1.36328125 0.4638671875
vt 1.3916015625 0.4580078125
vt 1.365234375 0.45849609375
vt 1.3935546875 0.44970703125
vt 1.38671875 0.443359375
vt 1.3623046875 0.45361328125
vt 1.369140625 0.439453125
vt 1.341796875 0.453125
vt 1.337890625 0.43701171875
vt 1.32421875 0.455078125
vt 1.3046875 0.43701171875
vt 1.302734375 0.45751953125
vt 1.2783203125 0.43701171875
vt 1.2783203125 0.4599609375
vt 1.2490234375 0.43701171875
vt 1.251953125 0.462890625
vt 1.2216796875 0.43701171875
vt 1.2177734375 0.46630859375
vt 1.2021484375 0.43701171875
vt 1.1904296875 0.4833984375
vt 1.1796875 0.49169921875
vt 1.16015625 0.48583984375
vt 1.1904296875 0.46826171875
vt 1.189453125 0.43701171875
vt 1.1689453125 0.43701171875
vt 1.1611328125 0.46826171875
vt 1.13671875 0.4794921875
vt 1.134765625 0.43701171875
vt 1.1328125 0.46875
vt 1.1025390625 0.4794921875
vt 1.1025390625 0.43701171875
vt 1.1025390625 0.46923828125
vt 1.0654296875 0.451171875
vt 1.068359375 0.47021484375
vt 1.0673828125 0.4794921875
vt 1.0361328125 0.4794921875
vt 1.0302734375 0.4697265625
vt 1.021484375 0.4794921875
vt 1.009765625 0.46923828125
vt 1.009765625 0.4794921875
vt 1.029296875 0.453125
vt 1.046875 0.44970703125
vt 1.009765625 0.453125
vt 1.0263671875 0.447265625
vt 1.00390625 0.44677734375
vt 1.0078125 0.44287109375
vt 0.463623046875 0.16455078125
vt 0.465576171875 0.15771484375
vt 0.46923828125 0.16455078125
vt 0.470703125 0.15966796875
vt 0.496337890625 0.16455078125
vt 0.47265625 0.15087890625
vt 0.496826171875 0.15966796875
vt 0.5029296875 0.16455078125
vt 0.50390625 0.15966796875
vt 0.477294921875 0.154296875
vt 0.47802734375 0.1455078125
vt 0.497314453125 0.15576171875
vt 0.50439453125 0.1552734375
vt 0.483154296875 0.1484375
vt 0.481689453125 0.13818359375
vt 0.496826171875 0.15185546875
vt 0.50439453125 0.150390625
vt 0.4951171875 0.1435546875
vt 0.50244140625 0.142578125
vt 0.4873046875 0.14013671875
vt 0.493408203125 0.13427734375
vt 0.50048828125 0.13330078125
vt 0.497314453125 0.12353515625
vt 0.48876953125 0.13134765625
vt 0.48291015625 0.13037109375
vt 0.4912109375 0.12548828125
vt 0.48779296875 0.1240234375
vt 0.48291015625 0.12255859375
vt 0.490234375 0.11865234375
vt 0.49609375 0.11572265625
vt 0.488037109375 0.11328125
vt 0.48583984375 0.11767578125
vt 0.483642578125 0.11328125
vt 1.462890625 0.16455078125
vt 1.46875 0.16455078125
vt 1.46484375 0.15771484375
vt 1.470703125 0.15966796875
vt 1.49609375 0.16455078125
vt 1.47265625 0.15087890625
vt 1.49609375 0.15966796875
vt 1.5029296875 0.16455078125
vt 1.50390625 0.15966796875
vt 1.4765625 0.154296875
vt 1.4775390625 0.1455078125
vt 1.4970703125 0.15576171875
vt 1.50390625 0.1552734375
vt 1.482421875 0.1484375
vt 1.4814453125 0.13818359375
vt 1.49609375 0.15185546875
vt 1.50390625 0.150390625
vt 1.4951171875 0.1435546875
vt 1.501953125 0.142578125
vt 1.4873046875 0.14013671875
vt 1.4931640625 0.13427734375
vt 1.5 0.13330078125
vt 1.4970703125 0.12353515625
vt 1.48828125 0.13134765625
vt 1.482421875 0.13037109375
vt 1.4912109375 0.12548828125
vt 1.4873046875 0.1240234375
vt 1.482421875 0.12255859375
vt 1.490234375 0.11865234375
vt 1.49609375 0.11572265625
vt 1.4873046875 0.11328125
vt 1.4853515625 0.11767578125
vt 1.4833984375 0.11328125
vt 0.364013671875 0.251953125
vt 0.37841796875 0.25
vt 0.365966796875 0.2548828125
vt 0.36572265625 0.24267578125
vt 0.35595703125 0.24951171875
vt 0.37744140625 0.23779296875
vt 0.35595703125 0.2421875
vt 1.36328125 0.251953125
vt 1.365234375 0.2548828125
vt 1.3779296875 0.25
vt 1.365234375 0.24267578125
vt 1.35546875 0.24951171875
vt 1.376953125 0.23779296875
vt 1.35546875 0.2421875
vt 0.499755859375 0.08349609375
vt 0.51416015625 0.09326171875
vt 0.51025390625 0.095703125
vt 0.498291015625 0.08984375
vt 0.484130859375 0.08740234375
vt 0.49365234375 0.1044921875
vt 0.48193359375 0.10205078125
vt 0.50244140625 0.0771484375
vt 0.52001953125 0.08984375
vt 0.4814453125 0.072265625
vt 0.468017578125 0.0888671875
vt 0.468994140625 0.10205078125
vt 0.458740234375 0.1015625
vt 0.476806640625 0.078125
vt 0.443115234375 0.09130859375
vt 0.45556640625 0.09423828125
vt 0.4619140625 0.08203125
vt 0.457275390625 0.07177734375
vt 0.458740234375 0.0673828125
vt 0.449951171875 0.0751953125
vt 0.4794921875 0.06494140625
vt 0.45751953125 0.0634765625
vt 0.443603515625 0.08203125
vt 0.438232421875 0.07666015625
vt 0.47119140625 0.05810546875
vt 0.454345703125 0.06005859375
vt 0.423095703125 0.08203125
vt 0.4228515625 0.07763671875
vt 0.40625 0.07861328125
vt 0.42333984375 0.091796875
vt 0.406005859375 0.08154296875
vt 0.392333984375 0.08154296875
vt 0.40625 0.091796875
vt 0.385986328125 0.0927734375
vt 0.374267578125 0.08154296875
vt 0.370361328125 0.09130859375
vt 0.383544921875 0.103515625
vt 0.350830078125 0.08154296875
vt 0.349609375 0.08837890625
vt 0.3681640625 0.1005859375
vt 0.34765625 0.09521484375
vt 0.333740234375 0.0849609375
vt 0.332763671875 0.08154296875
vt 0.33056640625 0.087890625
vt 0.320068359375 0.08154296875
vt 0.484375 0.06494140625
vt 0.48095703125 0.05419921875
vt 0.4931640625 0.05908203125
vt 0.468017578125 0.0498046875
vt 0.486083984375 0.04345703125
vt 0.50927734375 0.06298828125
vt 0.459716796875 0.0537109375
vt 0.448974609375 0.056640625
vt 0.4443359375 0.04931640625
vt 0.4384765625 0.05322265625
vt 0.447998046875 0.04345703125
vt 0.425537109375 0.04638671875
vt 0.423828125 0.05126953125
vt 0.425537109375 0.0380859375
vt 0.413330078125 0.04833984375
vt 0.414306640625 0.05126953125
vt 0.404052734375 0.0498046875
vt 0.409423828125 0.03466796875
vt 0.3974609375 0.03369140625
vt 0.394775390625 0.04833984375
vt 0.423095703125 0.02685546875
vt 0.408203125 0.0283203125
vt 0.4404296875 0.0263671875
vt 0.396484375 0.03076171875
vt 0.447265625 0.0341796875
vt 0.460205078125 0.02587890625
vt 0.461669921875 0.0341796875
vt 0.477294921875 0.02490234375
vt 0.479736328125 0.03271484375
vt 0.496337890625 0.0244140625
vt 0.49755859375 0.03173828125
vt 0.51416015625 0.029296875
vt 0.5009765625 0.0400390625
vt 0.51318359375 0.03759765625
vt 0.5009765625 0.0517578125
vt 0.51171875 0.04833984375
vt 0.51220703125 0.05712890625
vt 0.5263671875 0.05029296875
vt 0.52734375 0.0390625
vt 0.52783203125 0.0302734375
vt 0.533203125 0.06005859375
vt 0.5390625 0.03759765625
vt 0.53857421875 0.029296875
vt 0.5390625 0.048828125
vt 0.552734375 0.0341796875
vt 0.55078125 0.0263671875
vt 0.56005859375 0.0224609375
vt 0.5537109375 0.04443359375
vt 0.55078125 0.060546875
vt 0.53125 0.06591796875
vt 0.54833984375 0.06689453125
vt 0.52294921875 0.07861328125
vt 0.54736328125 0.08154296875
vt 0.546875 0.09326171875
vt 0.55712890625 0.07177734375
vt 0.56103515625 0.08251953125
vt 0.55859375 0.0908203125
vt 0.55859375 0.06689453125
vt 0.5693359375 0.0751953125
vt 0.5625 0.06005859375
vt 0.57177734375 0.06640625
vt 0.56591796875 0.03759765625
vt 0.57666015625 0.06103515625
vt 0.56298828125 0.02880859375
vt 0.578125 0.04931640625
vt 0.5732421875 0.0283203125
vt 0.56982421875 0.02099609375
vt 0.56591796875 0.015625
vt 0.57421875 0.01953125
vt 0.572265625 0.01171875
vt 0.5703125 0.00390625
vt 0.58544921875 0.013671875
vt 0.5859375 0.0205078125
vt 0.60205078125 0.02001953125
vt 0.5869140625 0.0283203125
vt 0.60107421875 0.02685546875
vt 0.61767578125 0.0244140625
vt 0.6015625 0.046875
vt 0.6005859375 0.03466796875
vt 0.6171875 0.03125
vt 0.6162109375 0.03857421875
vt 0.60205078125 0.05322265625
vt 0.63623046875 0.04638671875
vt 0.63623046875 0.0400390625
vt 0.63671875 0.03369140625
vt 0.63720703125 0.02734375
vt 0.65966796875 0.04052734375
vt 0.65966796875 0.03466796875
vt 0.65966796875 0.0283203125
vt 0.65966796875 0.04638671875
vt 0.63671875 0.052734375
vt 0.65966796875 0.052734375
vt 0.63671875 0.0615234375
vt 0.65966796875 0.06103515625
vt 0.60302734375 0.0615234375
vt 0.63671875 0.0703125
vt 0.65966796875 0.0703125
vt 0.65966796875 0.076171875
vt 0.63671875 0.076171875
vt 0.60400390625 0.076171875
vt 0.603515625 0.0703125
vt 0.59521484375 0.076171875
vt 0.59375 0.07080078125
vt 0.591796875 0.07958984375
vt 0.58740234375 0.0634765625
vt 0.587890625 0.072265625
vt 0.5751953125 0.083984375
vt 0.580078125 0.06787109375
vt 0.57080078125 0.0869140625
vt 1.513671875 0.09326171875
vt 1.4990234375 0.08349609375
vt 1.509765625 0.095703125
vt 1.498046875 0.08984375
vt 1.4833984375 0.08740234375
vt 1.4931640625 0.1044921875
vt 1.4814453125 0.10205078125
vt 1.501953125 0.0771484375
vt 1.51953125 0.08984375
vt 1.4814453125 0.072265625
vt 1.4677734375 0.0888671875
vt 1.46875 0.10205078125
vt 1.4580078125 0.1015625
vt 1.4765625 0.078125
vt 1.4423828125 0.09130859375
vt 1.455078125 0.09423828125
vt 1.4619140625 0.08203125
vt 1.45703125 0.07177734375
vt 1.4580078125 0.0673828125
vt 1.44921875 0.0751953125
vt 1.4794921875 0.06494140625
vt 1.45703125 0.0634765625
vt 1.443359375 0.08203125
vt 1.4375 0.07666015625
vt 1.4228515625 0.08203125
vt 1.4228515625 0.07763671875
vt 1.40625 0.07861328125
vt 1.4228515625 0.091796875
vt 1.4052734375 0.08154296875
vt 1.3916015625 0.08154296875
vt 1.40625 0.091796875
vt 1.3857421875 0.0927734375
vt 1.3740234375 0.08154296875
vt 1.3701171875 0.09130859375
vt 1.3828125 0.103515625
vt 1.3505859375 0.08154296875
vt 1.349609375 0.08837890625
vt 1.3681640625 0.1005859375
vt 1.34765625 0.09521484375
vt 1.3330078125 0.0849609375
vt 1.33203125 0.08154296875
vt 1.330078125 0.087890625
vt 1.3193359375 0.08154296875
vt 1.484375 0.06494140625
vt 1.470703125 0.05810546875
vt 1.4541015625 0.06005859375
vt 1.4931640625 0.05908203125
vt 1.458984375 0.0537109375
vt 1.4482421875 0.056640625
vt 1.48046875 0.05419921875
vt 1.4677734375 0.0498046875
vt 1.4443359375 0.04931640625
vt 1.4384765625 0.05322265625
vt 1.447265625 0.04345703125
vt 1.4248046875 0.04638671875
vt 1.423828125 0.05126953125
vt 1.4248046875 0.0380859375
vt 1.4130859375 0.04833984375
vt 1.4140625 0.05126953125
vt 1.4033203125 0.0498046875
vt 1.4091796875 0.03466796875
vt 1.3974609375 0.03369140625
vt 1.39453125 0.04833984375
vt 1.4228515625 0.02685546875
vt 1.408203125 0.0283203125
vt 1.4404296875 0.0263671875
vt 1.396484375 0.03076171875
vt 1.447265625 0.0341796875
vt 1.4599609375 0.02587890625
vt 1.3916015625 0.03369140625
vt 1.390625 0.0322265625
vt 1.3857421875 0.033203125
vt 1.4609375 0.0341796875
vt 1.4765625 0.02490234375
vt 1.4794921875 0.03271484375
vt 1.49609375 0.0244140625
vt 1.4853515625 0.04345703125
vt 1.4970703125 0.03173828125
vt 1.513671875 0.029296875
vt 1.5126953125 0.03759765625
vt 1.5009765625 0.0400390625
vt 1.5009765625 0.0517578125
vt 1.52734375 0.0390625
vt 1.52734375 0.0302734375
vt 1.51171875 0.04833984375
vt 1.5263671875 0.05029296875
vt 1.51171875 0.05712890625
vt 1.5087890625 0.06298828125
vt 1.533203125 0.06005859375
vt 1.5224609375 0.07861328125
vt 1.53125 0.06591796875
vt 1.546875 0.09326171875
vt 1.546875 0.08154296875
vt 1.5478515625 0.06689453125
vt 1.5390625 0.048828125
vt 1.55078125 0.060546875
vt 1.5390625 0.03759765625
vt 1.5380859375 0.029296875
vt 1.5537109375 0.04443359375
vt 1.552734375 0.0341796875
vt 1.55078125 0.0263671875
vt 1.5595703125 0.0224609375
vt 1.5654296875 0.03759765625
vt 1.5625 0.02880859375
vt 1.5693359375 0.02099609375
vt 1.5654296875 0.015625
vt 1.5732421875 0.0283203125
vt 1.5625 0.06005859375
vt 1.578125 0.04931640625
vt 1.57421875 0.01953125
vt 1.572265625 0.01171875
vt 1.5703125 0.00390625
vt 1.5849609375 0.013671875
vt 1.5859375 0.0205078125
vt 1.6015625 0.02001953125
vt 1.5869140625 0.0283203125
vt 1.6005859375 0.02685546875
vt 1.6171875 0.0244140625
vt 1.6005859375 0.03466796875
vt 1.6171875 0.03125
vt 1.6015625 0.046875
vt 1.6162109375 0.03857421875
vt 1.63671875 0.03369140625
vt 1.63671875 0.02734375
vt 1.6357421875 0.0400390625
vt 1.6591796875 0.03466796875
vt 1.6591796875 0.0283203125
vt 1.6591796875 0.04052734375
vt 1.6357421875 0.04638671875
vt 1.6591796875 0.04638671875
vt 1.6015625 0.05322265625
vt 1.63671875 0.052734375
vt 1.6591796875 0.052734375
vt 1.63671875 0.0615234375
vt 1.6591796875 0.06103515625
vt 1.576171875 0.06103515625
vt 1.63671875 0.0703125
vt 1.6591796875 0.0703125
vt 1.6591796875 0.076171875
vt 1.63671875 0.076171875
vt 1.6025390625 0.0615234375
vt 1.603515625 0.0703125
vt 1.603515625 0.076171875
vt 1.5947265625 0.076171875
vt 1.59375 0.07080078125
vt 1.591796875 0.07958984375
vt 1.5869140625 0.0634765625
vt 1.587890625 0.072265625
vt 1.5751953125 0.083984375
vt 1.580078125 0.06787109375
vt 1.5693359375 0.0751953125
vt 1.5712890625 0.06640625
vt 1.5703125 0.0869140625
vt 1.55859375 0.06689453125
vt 1.556640625 0.07177734375
vt 1.560546875 0.08251953125
vt 1.55859375 0.0908203125
vt 0.4541015625 0.3408203125
vt 0.4580078125 0.35302734375
vt 0.44091796875 0.35693359375
vt 0.431640625 0.3623046875
vt 0.4296875 0.34375
vt 0.42041015625 0.35009765625
vt 0.415283203125 0.37109375
vt 0.407470703125 0.3564453125
vt 0.390869140625 0.36328125
vt 0.394775390625 0.38330078125
vt 0.37890625 0.3671875
vt 0.374755859375 0.34765625
vt 0.380126953125 0.39208984375
vt 0.369384765625 0.38671875
vt 0.368408203125 0.36669921875
vt 0.35791015625 0.38330078125
vt 0.365234375 0.35205078125
vt 0.357177734375 0.36669921875
vt 0.35107421875 0.3818359375
vt 0.345947265625 0.3671875
vt 0.346435546875 0.38134765625
vt 0.3408203125 0.38037109375
vt 0.271728515625 0.38671875
vt 0.28173828125 0.376953125
vt 0.283935546875 0.3818359375
vt 0.27294921875 0.38037109375
vt 0.279296875 0.3740234375
vt 0.269775390625 0.369140625
vt 0.2685546875 0.3798828125
vt 0.26904296875 0.38720703125
vt 0.50146484375 0.37890625
vt 0.53173828125 0.37109375
vt 0.5107421875 0.380859375
vt 0.5341796875 0.37353515625
vt 0.54345703125 0.37744140625
vt 0.55419921875 0.36328125
vt 0.560546875 0.3662109375
vt 0.5576171875 0.37646484375
vt 0.5830078125 0.35302734375
vt 0.58447265625 0.36865234375
vt 0.580078125 0.36083984375
vt 0.60400390625 0.3544921875
vt 0.6005859375 0.34619140625
vt 0.60693359375 0.36376953125
vt 0.6279296875 0.34814453125
vt 0.6357421875 0.33056640625
vt 0.63525390625 0.359375
vt 0.662109375 0.3388671875
vt 0.66455078125 0.3564453125
vt 0.6650390625 0.3154296875
vt 0.69677734375 0.35595703125
vt 0.71044921875 0.32861328125
vt 0.72021484375 0.361328125
vt 0.69775390625 0.2998046875
vt 0.6962890625 0.2978515625
vt 0.72265625 0.3173828125
vt 0.712890625 0.28955078125
vt 0.71142578125 0.2861328125
vt 0.72265625 0.2744140625
vt 0.73291015625 0.3388671875
vt 0.728515625 0.2763671875
vt 0.73486328125 0.25390625
vt 0.734375 0.306640625
vt 0.74169921875 0.33203125
vt 0.7626953125 0.31982421875
vt 0.76708984375 0.33935546875
vt 0.7744140625 0.35107421875
vt 0.7470703125 0.29248046875
vt 0.76806640625 0.29736328125
vt 0.77880859375 0.27294921875
vt 0.7421875 0.349609375
vt 0.7646484375 0.3525390625
vt 0.75732421875 0.353515625
vt 0.75390625 0.35546875
vt 0.73583984375 0.35107421875
vt 0.73974609375 0.35888671875
vt 0.7373046875 0.36962890625
vt 0.7490234375 0.369140625
vt 0.7607421875 0.3642578125
vt 0.74853515625 0.37939453125
vt 0.75732421875 0.3779296875
vt 0.7734375 0.376953125
vt 0.75927734375 0.39111328125
vt 0.765625 0.39013671875
vt 0.783203125 0.388671875
vt 0.771484375 0.4013671875
vt 0.76708984375 0.4033203125
vt 0.79248046875 0.40087890625
vt 0.76708984375 0.263671875
vt 0.7890625 0.25048828125
vt 0.74365234375 0.2568359375
vt 0.7783203125 0.2451171875
vt 0.74365234375 0.24462890625
vt 0.7353515625 0.24609375
vt 0.73291015625 0.23388671875
vt 0.728515625 0.2392578125
vt 0.71142578125 0.234375
vt 0.712890625 0.228515625
vt 0.68115234375 0.23193359375
vt 0.68115234375 0.2265625
vt 0.64794921875 0.23193359375
vt 0.64892578125 0.2265625
vt 0.65478515625 0.21337890625
vt 0.634765625 0.212890625
vt 0.62158203125 0.23193359375
vt 0.62109375 0.22705078125
vt 0.5927734375 0.23193359375
vt 0.62646484375 0.2109375
vt 0.59033203125 0.2265625
vt 0.56640625 0.23193359375
vt 0.56787109375 0.2255859375
vt 0.546875 0.23193359375
vt 0.61181640625 0.197265625
vt 0.54638671875 0.22607421875
vt 0.5673828125 0.212890625
vt 0.587890625 0.20703125
vt 0.6064453125 0.18603515625
vt 0.58251953125 0.1943359375
vt 0.5625 0.19921875
vt 0.5478515625 0.216796875
vt 0.54443359375 0.205078125
vt 0.54052734375 0.2177734375
vt 0.53369140625 0.208984375
vt 0.53515625 0.22607421875
vt 0.52685546875 0.23193359375
vt 0.525390625 0.224609375
vt 0.51416015625 0.22119140625
vt 0.51708984375 0.23193359375
vt 0.50927734375 0.23193359375
vt 0.8974609375 0.54052734375
vt 0.9267578125 0.54541015625
vt 0.9169921875 0.565673828125
vt 0.86669921875 0.538330078125
vt 0.8896484375 0.561279296875
vt 0.86279296875 0.560302734375
vt 0.818359375 0.536865234375
vt 0.818359375 0.560302734375
vt 0.85888671875 0.58349609375
vt 0.818359375 0.58349609375
vt 0.78076171875 0.58349609375
vt 0.7783203125 0.561279296875
vt 0.7607421875 0.5361328125
vt 0.7470703125 0.58349609375
vt 0.74658203125 0.56298828125
vt 0.72314453125 0.53662109375
vt 0.72265625 0.564697265625
vt 0.6845703125 0.541015625
vt 0.703125 0.574951171875
vt 0.6875 0.576171875
vt 0.67041015625 0.561279296875
vt 0.71044921875 0.566650390625
vt 0.66552734375 0.5498046875
vt 0.64892578125 0.546142578125
vt 0.6552734375 0.55126953125
vt 0.640625 0.546630859375
vt 0.81396484375 0.2353515625
vt 0.80810546875 0.2529296875
vt 0.80810546875 0.2353515625
vt 0.81494140625 0.25341796875
vt 0.80810546875 0.2646484375
vt 0.81884765625 0.236328125
vt 0.81494140625 0.26513671875
vt 0.80810546875 0.27880859375
vt 0.82177734375 0.25341796875
vt 0.82373046875 0.2373046875
vt 0.8359375 0.25634765625
vt 0.8232421875 0.26513671875
vt 0.8154296875 0.2802734375
vt 0.80810546875 0.29638671875
vt 0.82373046875 0.2802734375
vt 0.81640625 0.2958984375
vt 0.80810546875 0.3115234375
vt 0.82421875 0.294921875
vt 0.81640625 0.31103515625
vt 0.80810546875 0.3310546875
vt 0.82470703125 0.31005859375
vt 0.81689453125 0.33056640625
vt 0.6083984375 0.4951171875
vt 0.6015625 0.49755859375
vt 0.6044921875 0.4921875
vt 0.60498046875 0.5
vt 0.5927734375 0.505126953125
vt 0.6103515625 0.5
vt 0.62158203125 0.4814453125
vt 0.6220703125 0.50146484375
vt 0.61279296875 0.49609375
vt 0.63037109375 0.48876953125
vt 0.6181640625 0.506103515625
vt 0.63232421875 0.505859375
vt 0.640625 0.49462890625
vt 0.6142578125 0.509765625
vt 0.6474609375 0.51171875
vt 0.6533203125 0.501220703125
vt 0.62890625 0.5146484375
vt 0.6435546875 0.520751953125
vt 0.6259765625 0.52392578125
vt 0.6171875 0.5205078125
vt 0.638671875 0.529052734375
vt 0.61083984375 0.520263671875
vt 0.65771484375 0.5263671875
vt 0.65576171875 0.5361328125
vt 0.6083984375 0.513427734375
vt 0.60693359375 0.505126953125
vt 0.59619140625 0.519775390625
vt 0.59716796875 0.525146484375
vt 0.595703125 0.51318359375
vt 0.5947265625 0.508056640625
vt 0.58154296875 0.51318359375
vt 0.58056640625 0.510009765625
vt 0.58203125 0.518798828125
vt 0.568359375 0.51708984375
vt 0.5673828125 0.513671875
vt 0.58251953125 0.525390625
vt 0.58251953125 0.53076171875
vt 0.56884765625 0.52294921875
vt 0.552734375 0.52001953125
vt 0.552734375 0.5166015625
vt 0.56884765625 0.52978515625
vt 0.5693359375 0.535888671875
vt 0.5537109375 0.526611328125
vt 0.55419921875 0.533447265625
vt 0.55517578125 0.54150390625
vt 0.53662109375 0.53662109375
vt 0.53857421875 0.54736328125
vt 0.5341796875 0.529052734375
vt 0.52197265625 0.538818359375
vt 0.5234375 0.551513671875
vt 0.5322265625 0.5205078125
vt 0.5322265625 0.51708984375
vt 0.51806640625 0.529296875
vt 0.51513671875 0.516845703125
vt 0.51513671875 0.513427734375
vt 0.51025390625 0.528076171875
vt 0.505859375 0.5126953125
vt 0.50537109375 0.50927734375
vt 0.499755859375 0.514892578125
vt 0.499267578125 0.510986328125
vt 0.49951171875 0.52587890625
vt 0.489013671875 0.514404296875
vt 0.489501953125 0.510009765625
vt 0.501953125 0.531494140625
vt 0.475830078125 0.505859375
vt 0.477294921875 0.5029296875
vt 0.485595703125 0.52099609375
vt 0.485595703125 0.52587890625
vt 0.5078125 0.539306640625
vt 0.5078125 0.55322265625
vt 0.489013671875 0.53759765625
vt 0.4853515625 0.55615234375
vt 0.477294921875 0.53515625
vt 0.4638671875 0.541015625
vt 0.47412109375 0.522216796875
vt 0.462646484375 0.53173828125
vt 0.4443359375 0.53466796875
vt 0.44970703125 0.52783203125
vt 0.471923828125 0.51220703125
vt 0.46240234375 0.518798828125
vt 0.448486328125 0.51611328125
vt 0.46484375 0.49755859375
vt 0.46728515625 0.4951171875
vt 0.459716796875 0.48681640625
vt 0.452880859375 0.4892578125
vt 0.461181640625 0.504150390625
vt 0.44775390625 0.4951171875
vt 0.1719970703125 0.61865234375
vt 0.1470947265625 0.633544921875
vt 0.1422119140625 0.61865234375
vt 0.1773681640625 0.6328125
vt 0.159423828125 0.646484375
vt 0.1876220703125 0.61865234375
vt 0.1883544921875 0.6435546875
vt 0.1785888671875 0.656494140625
vt 0.20361328125 0.61865234375
vt 0.1923828125 0.6640625
vt 0.203125 0.647705078125
vt 0.19873046875 0.6708984375
vt 0.232177734375 0.61865234375
vt 0.2144775390625 0.66845703125
vt 0.2313232421875 0.64892578125
vt 0.269775390625 0.61865234375
vt 0.240234375 0.665283203125
vt 0.26953125 0.64794921875
vt 0.267578125 0.66748046875
vt 0.29541015625 0.61865234375
vt 0.289306640625 0.667236328125
vt 0.294677734375 0.64892578125
vt 0.309814453125 0.6669921875
vt 0.322998046875 0.64794921875
vt 0.33251953125 0.66064453125
vt 0.32421875 0.61865234375
vt 0.35009765625 0.651611328125
vt 0.335693359375 0.640869140625
vt 0.357177734375 0.64501953125
vt 0.337890625 0.635986328125
vt 0.339111328125 0.61865234375
vt 0.360595703125 0.638916015625
vt 0.36376953125 0.61865234375
vt 1.4580078125 0.35302734375
vt 1.4541015625 0.3408203125
vt 1.4404296875 0.35693359375
vt 1.4296875 0.34375
vt 1.431640625 0.3623046875
vt 1.419921875 0.35009765625
vt 1.4150390625 0.37109375
vt 1.4072265625 0.3564453125
vt 1.390625 0.36328125
vt 1.39453125 0.38330078125
vt 1.37890625 0.3671875
vt 1.3740234375 0.34765625
vt 1.3798828125 0.39208984375
vt 1.369140625 0.38671875
vt 1.3681640625 0.36669921875
vt 1.365234375 0.35205078125
vt 1.357421875 0.38330078125
vt 1.3564453125 0.36669921875
vt 1.3505859375 0.3818359375
vt 1.345703125 0.3671875
vt 1.345703125 0.38134765625
vt 1.3408203125 0.38037109375
vt 1.271484375 0.38671875
vt 1.283203125 0.3818359375
vt 1.28125 0.376953125
vt 1.2724609375 0.38037109375
vt 1.279296875 0.3740234375
vt 1.2685546875 0.3798828125
vt 1.2685546875 0.38720703125
vt 1.26953125 0.369140625
vt 1.771484375 0.4013671875
vt 1.7919921875 0.40087890625
vt 1.783203125 0.388671875
vt 1.7587890625 0.39111328125
vt 1.7666015625 0.4033203125
vt 1.765625 0.39013671875
vt 1.7734375 0.376953125
vt 1.7568359375 0.3779296875
vt 1.748046875 0.37939453125
vt 1.7607421875 0.3642578125
vt 1.7490234375 0.369140625
vt 1.7373046875 0.36962890625
vt 1.75390625 0.35546875
vt 1.7392578125 0.35888671875
vt 1.7197265625 0.361328125
vt 1.7353515625 0.35107421875
vt 1.7421875 0.349609375
vt 1.7568359375 0.353515625
vt 1.7646484375 0.3525390625
vt 1.7744140625 0.35107421875
vt 1.732421875 0.3388671875
vt 1.7666015625 0.33935546875
vt 1.7099609375 0.32861328125
vt 1.6962890625 0.35595703125
vt 1.7412109375 0.33203125
vt 1.7626953125 0.31982421875
vt 1.72265625 0.3173828125
vt 1.734375 0.306640625
vt 1.7470703125 0.29248046875
vt 1.767578125 0.29736328125
vt 1.7783203125 0.27294921875
vt 1.712890625 0.28955078125
vt 1.7666015625 0.263671875
vt 1.7890625 0.25048828125
vt 1.728515625 0.2763671875
vt 1.7431640625 0.2568359375
vt 1.7783203125 0.2451171875
vt 1.734375 0.25390625
vt 1.72265625 0.2744140625
vt 1.7109375 0.2861328125
vt 1.6962890625 0.2978515625
vt 1.7431640625 0.24462890625
vt 1.7353515625 0.24609375
vt 1.697265625 0.2998046875
vt 1.6650390625 0.3154296875
vt 1.662109375 0.3388671875
vt 1.6640625 0.3564453125
vt 1.6357421875 0.33056640625
vt 1.634765625 0.359375
vt 1.6279296875 0.34814453125
vt 1.6005859375 0.34619140625
vt 1.6064453125 0.36376953125
vt 1.603515625 0.3544921875
vt 1.5830078125 0.35302734375
vt 1.583984375 0.36865234375
vt 1.580078125 0.36083984375
vt 1.560546875 0.3662109375
vt 1.5576171875 0.37646484375
vt 1.5537109375 0.36328125
vt 1.54296875 0.37744140625
vt 1.5341796875 0.37353515625
vt 1.53125 0.37109375
vt 1.5107421875 0.380859375
vt 1.5009765625 0.37890625
vt 1.732421875 0.23388671875
vt 1.728515625 0.2392578125
vt 1.712890625 0.228515625
vt 1.7109375 0.234375
vt 1.6806640625 0.23193359375
vt 1.6806640625 0.2265625
vt 1.6474609375 0.23193359375
vt 1.6484375 0.2265625
vt 1.654296875 0.21337890625
vt 1.634765625 0.212890625
vt 1.62109375 0.23193359375
vt 1.62109375 0.22705078125
vt 1.5927734375 0.23193359375
vt 1.6259765625 0.2109375
vt 1.58984375 0.2265625
vt 1.56640625 0.23193359375
vt 1.5673828125 0.2255859375
vt 1.546875 0.23193359375
vt 1.611328125 0.197265625
vt 1.5458984375 0.22607421875
vt 1.5673828125 0.212890625
vt 1.587890625 0.20703125
vt 1.6064453125 0.18603515625
vt 1.58203125 0.1943359375
vt 1.5625 0.19921875
vt 1.5478515625 0.216796875
vt 1.5439453125 0.205078125
vt 1.5400390625 0.2177734375
vt 1.533203125 0.208984375
vt 1.53515625 0.22607421875
vt 1.5263671875 0.23193359375
vt 1.525390625 0.224609375
vt 1.513671875 0.22119140625
vt 1.5166015625 0.23193359375
vt 1.5087890625 0.23193359375
vt 1.6484375 0.546142578125
vt 1.640625 0.546630859375
vt 1.6552734375 0.55126953125
vt 1.6650390625 0.5498046875
vt 1.6845703125 0.541015625
vt 1.669921875 0.561279296875
vt 1.7099609375 0.566650390625
vt 1.72265625 0.564697265625
vt 1.72265625 0.53662109375
vt 1.703125 0.574951171875
vt 1.6875 0.576171875
vt 1.74609375 0.56298828125
vt 1.7607421875 0.5361328125
vt 1.7783203125 0.561279296875
vt 1.7470703125 0.58349609375
vt 1.7802734375 0.58349609375
vt 1.818359375 0.536865234375
vt 1.818359375 0.560302734375
vt 1.818359375 0.58349609375
vt 1.8583984375 0.58349609375
vt 1.8623046875 0.560302734375
vt 1.8662109375 0.538330078125
vt 1.8896484375 0.561279296875
vt 1.8974609375 0.54052734375
vt 1.9169921875 0.565673828125
vt 1.9267578125 0.54541015625
vt 1.8076171875 0.2529296875
vt 1.8134765625 0.2353515625
vt 1.8076171875 0.2353515625
vt 1.814453125 0.25341796875
vt 1.818359375 0.236328125
vt 1.8076171875 0.2646484375
vt 1.8212890625 0.25341796875
vt 1.8232421875 0.2373046875
vt 1.8359375 0.25634765625
vt 1.814453125 0.26513671875
vt 1.8076171875 0.27880859375
vt 1.8232421875 0.26513671875
vt 1.8154296875 0.2802734375
vt 1.8076171875 0.29638671875
vt 1.8232421875 0.2802734375
vt 1.81640625 0.2958984375
vt 1.8076171875 0.3115234375
vt 1.82421875 0.294921875
vt 1.81640625 0.31103515625
vt 1.8076171875 0.3310546875
vt 1.82421875 0.31005859375
vt 1.81640625 0.33056640625
vt 1.6044921875 0.4921875
vt 1.6015625 0.49755859375
vt 1.6083984375 0.4951171875
vt 1.6220703125 0.50146484375
vt 1.62109375 0.4814453125
vt 1.6123046875 0.49609375
vt 1.6298828125 0.48876953125
vt 1.6044921875 0.5
vt 1.5927734375 0.505126953125
vt 1.6103515625 0.5
vt 1.6181640625 0.506103515625
vt 1.6318359375 0.505859375
vt 1.640625 0.49462890625
vt 1.6142578125 0.509765625
vt 1.6474609375 0.51171875
vt 1.6533203125 0.501220703125
vt 1.62890625 0.5146484375
vt 1.6435546875 0.520751953125
vt 1.6259765625 0.52392578125
vt 1.6171875 0.5205078125
vt 1.638671875 0.529052734375
vt 1.6103515625 0.520263671875
vt 1.6572265625 0.5263671875
vt 1.6552734375 0.5361328125
vt 1.6083984375 0.513427734375
vt 1.595703125 0.519775390625
vt 1.5966796875 0.525146484375
vt 1.6064453125 0.505126953125
vt 1.595703125 0.51318359375
vt 1.5947265625 0.508056640625
vt 1.5810546875 0.51318359375
vt 1.580078125 0.510009765625
vt 1.58203125 0.518798828125
vt 1.568359375 0.51708984375
vt 1.5673828125 0.513671875
vt 1.58203125 0.525390625
vt 1.58203125 0.53076171875
vt 1.568359375 0.52294921875
vt 1.568359375 0.52978515625
vt 1.5693359375 0.535888671875
vt 1.552734375 0.52001953125
vt 1.552734375 0.5166015625
vt 1.5537109375 0.526611328125
vt 1.5537109375 0.533447265625
vt 1.5546875 0.54150390625
vt 1.5361328125 0.53662109375
vt 1.5380859375 0.54736328125
vt 1.5341796875 0.529052734375
vt 1.5322265625 0.5205078125
vt 1.5322265625 0.51708984375
vt 1.521484375 0.538818359375
vt 1.5234375 0.551513671875
vt 1.517578125 0.529296875
vt 1.5146484375 0.516845703125
vt 1.5146484375 0.513427734375
vt 1.509765625 0.528076171875
vt 1.505859375 0.5126953125
vt 1.5048828125 0.50927734375
vt 1.501953125 0.531494140625
vt 1.4990234375 0.514892578125
vt 1.4990234375 0.510986328125
vt 1.4990234375 0.52587890625
vt 1.48828125 0.514404296875
vt 1.4892578125 0.510009765625
vt 1.4755859375 0.505859375
vt 1.4765625 0.5029296875
vt 1.4853515625 0.52099609375
vt 1.4853515625 0.52587890625
vt 1.4716796875 0.51220703125
vt 1.46484375 0.49755859375
vt 1.466796875 0.4951171875
vt 1.458984375 0.48681640625
vt 1.4521484375 0.4892578125
vt 1.4609375 0.504150390625
vt 1.447265625 0.4951171875
vt 1.4482421875 0.51611328125
vt 1.4619140625 0.518798828125
vt 1.44921875 0.52783203125
vt 1.4736328125 0.522216796875
vt 1.4619140625 0.53173828125
vt 1.4443359375 0.53466796875
vt 1.4638671875 0.541015625
vt 1.4765625 0.53515625
vt 1.4853515625 0.55615234375
vt 1.48828125 0.53759765625
vt 1.5078125 0.55322265625
vt 1.5078125 0.539306640625
vt 1.3388671875 0.61865234375
vt 1.3603515625 0.638916015625
vt 1.36328125 0.61865234375
vt 1.337890625 0.635986328125
vt 1.3564453125 0.64501953125
vt 1.32421875 0.61865234375
vt 1.3349609375 0.640869140625
vt 1.349609375 0.651611328125
vt 1.322265625 0.64794921875
vt 1.33203125 0.66064453125
vt 1.294921875 0.61865234375
vt 1.3095703125 0.6669921875
vt 1.2939453125 0.64892578125
vt 1.2890625 0.667236328125
vt 1.26953125 0.64794921875
vt 1.267578125 0.66748046875
vt 1.26953125 0.61865234375
vt 1.240234375 0.665283203125
vt 1.23046875 0.64892578125
vt 1.2314453125 0.61865234375
vt 1.2138671875 0.66845703125
vt 1.203125 0.647705078125
vt 1.1982421875 0.6708984375
vt 1.203125 0.61865234375
vt 1.1923828125 0.6640625
vt 1.1875 0.6435546875
vt 1.177734375 0.656494140625
vt 1.1875 0.61865234375
vt 1.1591796875 0.646484375
vt 1.1767578125 0.6328125
vt 1.171875 0.61865234375
vt 1.146484375 0.633544921875
vt 1.1416015625 0.61865234375
vt 0.05853271484375 0.82275390625
vt 0.025360107421875 0.8323974609375
vt 0.024322509765625 0.82275390625
vt 0.059326171875 0.826904296875
vt 0.08380126953125 0.82275390625
vt 0.03326416015625 0.8392333984375
vt 0.084228515625 0.827392578125
vt 0.1160888671875 0.82275390625
vt 0.06005859375 0.8309326171875
vt 0.061431884765625 0.8389892578125
vt 0.0472412109375 0.84423828125
vt 0.062469482421875 0.8465576171875
vt 0.0845947265625 0.831787109375
vt 0.1162109375 0.82861328125
vt 0.1512451171875 0.82275390625
vt 0.0853271484375 0.839599609375
vt 0.1163330078125 0.833740234375
vt 0.1512451171875 0.8297119140625
vt 0.1844482421875 0.82275390625
vt 0.11651611328125 0.841552734375
vt 0.1512451171875 0.8359375
vt 0.1844482421875 0.830810546875
vt 0.2216796875 0.82275390625
vt 0.184326171875 0.8377685546875
vt 0.1512451171875 0.8448486328125
vt 0.2215576171875 0.831787109375
vt 0.263671875 0.82275390625
vt 0.2215576171875 0.839599609375
vt 0.263671875 0.84033203125
vt 0.263671875 0.8326416015625
vt 0.29736328125 0.82275390625
vt 0.29736328125 0.8411865234375
vt 0.29736328125 0.83349609375
vt 0.31982421875 0.82275390625
vt 0.31982421875 0.833984375
vt 0.3408203125 0.82275390625
vt 0.31982421875 0.842041015625
vt 0.3408203125 0.83447265625
vt 0.364501953125 0.82275390625
vt 0.364501953125 0.8349609375
vt 0.42822265625 0.968505859375
vt 0.399169921875 0.9795379638671875
vt 0.399169921875 0.9692230224609375
vt 0.364501953125 0.9701385498046875
vt 0.432373046875 0.9792022705078125
vt 0.432373046875 0.9923744201660156
vt 0.5185546875 0.9792022705078125
vt 0.5185546875 0.9923744201660156
vt 0.399169921875 0.9923744201660156
vt 0.58544921875 0.9792022705078125
vt 0.6083984375 0.9923744201660156
vt 0.364501953125 0.9801788330078125
vt 0.341064453125 0.9710845947265625
vt 0.364501953125 0.9923744201660156
vt 0.6689453125 0.97943115234375
vt 0.58544921875 0.96881103515625
vt 0.6689453125 0.9923744201660156
vt 0.341064453125 0.98065185546875
vt 0.341064453125 0.9923744201660156
vt 0.31982421875 0.9730682373046875
vt 0.31982421875 0.9811248779296875
vt 0.31982421875 0.9923744201660156
vt 0.29736328125 0.9739227294921875
vt 0.29736328125 0.98162841796875
vt 0.29736328125 0.9923744201660156
vt 0.263671875 0.9824981689453125
vt 0.263671875 0.9747161865234375
vt 0.263671875 0.9923744201660156
vt 0.2216796875 0.9833221435546875
vt 0.2215576171875 0.9754791259765625
vt 0.2216796875 0.9923744201660156
vt 0.1844482421875 0.9773101806640625
vt 0.1844482421875 0.9843292236328125
vt 0.1845703125 0.9923744201660156
vt 0.1513671875 0.9791412353515625
vt 0.1513671875 0.9702911376953125
vt 0.1513671875 0.9853363037109375
vt 0.1513671875 0.9923744201660156
vt 0.11663818359375 0.9735107421875
vt 0.116455078125 0.9813385009765625
vt 0.08538818359375 0.9755401611328125
vt 0.11627197265625 0.9865493774414062
vt 0.11614990234375 0.9923744201660156
vt 0.084716796875 0.983367919921875
vt 0.08428955078125 0.9877090454101562
vt 0.08392333984375 0.9923744201660156
vt 0.0615234375 0.976165771484375
vt 0.06256103515625 0.96856689453125
vt 0.047332763671875 0.9709014892578125
vt 0.033355712890625 0.975860595703125
vt 0.060150146484375 0.9841156005859375
vt 0.059417724609375 0.9881439208984375
vt 0.02545166015625 0.982757568359375
vt 0.058624267578125 0.9923744201660156
vt 0.0244140625 0.9923744201660156
vt 0.52294921875 0.41552734375
vt 0.517578125 0.40380859375
vt 0.529296875 0.4091796875
vt 0.50830078125 0.408203125
vt 0.51123046875 0.39794921875
vt 0.5009765625 0.39892578125
vt 0.51025390625 0.3896484375
vt 0.50048828125 0.38818359375
vt 0.499755859375 0.41357421875
vt 0.51904296875 0.4228515625
vt 0.487060546875 0.40380859375
vt 0.479736328125 0.39208984375
vt 0.49365234375 0.421875
vt 0.477783203125 0.4130859375
vt 0.490234375 0.42724609375
vt 0.48828125 0.4296875
vt 0.46630859375 0.41943359375
vt 0.471435546875 0.41552734375
vt 0.455322265625 0.40966796875
vt 0.464599609375 0.40283203125
vt 0.460693359375 0.40673828125
vt 0.446044921875 0.39794921875
vt 0.47607421875 0.38623046875
vt 0.450439453125 0.3935546875
vt 0.43896484375 0.3837890625
vt 0.455322265625 0.3896484375
vt 0.4697265625 0.3798828125
vt 0.460693359375 0.37646484375
vt 0.4453125 0.3818359375
vt 0.43505859375 0.37255859375
vt 0.449951171875 0.37353515625
vt 0.451416015625 0.37890625
vt 1.517578125 0.40380859375
vt 1.5224609375 0.41552734375
vt 1.529296875 0.4091796875
vt 1.5078125 0.408203125
vt 1.5107421875 0.39794921875
vt 1.5009765625 0.39892578125
vt 1.509765625 0.3896484375
vt 1.5 0.38818359375
vt 1.4990234375 0.41357421875
vt 1.5185546875 0.4228515625
vt 1.486328125 0.40380859375
vt 1.4794921875 0.39208984375
vt 1.4931640625 0.421875
vt 1.4775390625 0.4130859375
vt 1.490234375 0.42724609375
vt 1.48828125 0.4296875
vt 1.470703125 0.41552734375
vt 1.4658203125 0.41943359375
vt 1.455078125 0.40966796875
vt 1.4638671875 0.40283203125
vt 1.4599609375 0.40673828125
vt 1.4453125 0.39794921875
vt 1.4755859375 0.38623046875
vt 1.4501953125 0.3935546875
vt 1.4384765625 0.3837890625
vt 1.455078125 0.3896484375
vt 1.4697265625 0.3798828125
vt 1.4599609375 0.37646484375
vt 1.4453125 0.3818359375
vt 1.4345703125 0.37255859375
vt 1.44921875 0.37353515625
vt 1.451171875 0.37890625
vt 0.767578125 0.83203125
vt 0.78662109375 0.8358154296875
vt 0.76708984375 0.8424072265625
vt 0.75439453125 0.829833984375
vt 0.7373046875 0.838623046875
vt 0.73779296875 0.827392578125
vt 0.7138671875 0.8365478515625
vt 0.71435546875 0.8248291015625
vt 0.68896484375 0.82275390625
vt 0.71337890625 0.8470458984375
vt 0.6884765625 0.8355712890625
vt 0.6689453125 0.82275390625
vt 0.6884765625 0.84619140625
vt 0.6689453125 0.835693359375
vt 0.6083984375 0.82275390625
vt 0.6083984375 0.835693359375
vt 0.5185546875 0.82275390625
vt 0.66845703125 0.846435546875
vt 0.6083984375 0.846435546875
vt 0.5185546875 0.846435546875
vt 0.5185546875 0.8360595703125
vt 0.432373046875 0.82275390625
vt 0.432373046875 0.8358154296875
vt 0.432373046875 0.846435546875
vt 0.399169921875 0.846435546875
vt 0.399169921875 0.8358154296875
vt 0.399169921875 0.82275390625
vt 0.364501953125 0.844970703125
vt 0.3408203125 0.843994140625
vt 0.78662109375 0.979248046875
vt 0.767578125 0.982818603515625
vt 0.7666015625 0.9724273681640625
vt 0.75439453125 0.9850921630859375
vt 0.7373046875 0.976226806640625
vt 0.73779296875 0.9874420166015625
vt 0.7138671875 0.97833251953125
vt 0.7138671875 0.9901657104492188
vt 0.68896484375 0.9923744201660156
vt 0.71337890625 0.9678955078125
vt 0.6884765625 0.9688262939453125
vt 0.6689453125 0.968719482421875
vt 0.6884765625 0.97943115234375
vt 0.9501953125 0.835205078125
vt 0.94091796875 0.8238525390625
vt 0.94580078125 0.822265625
vt 0.9453125 0.836669921875
vt 0.93896484375 0.836181640625
vt 0.935546875 0.8470458984375
vt 0.947265625 0.8458251953125
vt 0.95263671875 0.8448486328125
vt 0.9541015625 0.854736328125
vt 0.94921875 0.85546875
vt 0.95458984375 0.8646240234375
vt 0.93994140625 0.8524169921875
vt 0.94970703125 0.8648681640625
vt 0.95458984375 0.8720703125
vt 0.94970703125 0.8724365234375
vt 0.943359375 0.8582763671875
vt 0.94677734375 0.864990234375
vt 0.9443359375 0.8701171875
vt 0.947265625 0.876708984375
vt 0.9423828125 0.874755859375
vt 0.9365234375 0.8673095703125
vt 0.93505859375 0.8721923828125
vt 0.9267578125 0.8653564453125
vt 0.92578125 0.870361328125
vt 0.92822265625 0.8502197265625
vt 0.91357421875 0.865478515625
vt 0.9140625 0.87060546875
vt 0.904296875 0.872314453125
vt 0.92138671875 0.8524169921875
vt 0.92822265625 0.83935546875
vt 0.9365234375 0.8372802734375
vt 0.92333984375 0.8427734375
vt 0.93310546875 0.834228515625
vt 0.93896484375 0.8258056640625
vt 0.92919921875 0.8310546875
vt 0.93505859375 0.82275390625
vt 0.9248046875 0.83544921875
vt 0.9208984375 0.8382568359375
vt 0.916015625 0.8408203125
vt 0.91748046875 0.8455810546875
vt 0.91015625 0.8419189453125
vt 0.91162109375 0.8543701171875
vt 0.91064453125 0.8466796875
vt 0.90478515625 0.8460693359375
vt 0.9052734375 0.8411865234375
vt 0.90283203125 0.8555908203125
vt 0.90380859375 0.8671875
vt 0.896484375 0.850341796875
vt 0.89501953125 0.868408203125
vt 0.89501953125 0.87353515625
vt 0.896484375 0.8564453125
vt 0.88623046875 0.8680419921875
vt 0.88525390625 0.8729248046875
vt 0.87451171875 0.8702392578125
vt 0.8876953125 0.8572998046875
vt 0.876953125 0.865234375
vt 0.8623046875 0.863525390625
vt 0.86572265625 0.8582763671875
vt 0.8779296875 0.85791015625
vt 0.88916015625 0.851806640625
vt 0.87939453125 0.8515625
vt 0.87060546875 0.8494873046875
vt 0.8603515625 0.85498046875
vt 0.86572265625 0.845947265625
vt 0.87841796875 0.8411865234375
vt 0.87451171875 0.8375244140625
vt 0.8857421875 0.8448486328125
vt 0.8857421875 0.834716796875
vt 0.88232421875 0.8310546875
vt 0.89306640625 0.834228515625
vt 0.888671875 0.830810546875
vt 0.89013671875 0.83837890625
vt 0.89697265625 0.8372802734375
vt 0.89453125 0.841552734375
vt 0.89208984375 0.84814453125
vt 0.89892578125 0.84423828125
vt 0.90087890625 0.83935546875
vt 1.9287109375 0.8310546875
vt 1.9384765625 0.8258056640625
vt 1.9345703125 0.82275390625
vt 1.9326171875 0.834228515625
vt 1.9365234375 0.8372802734375
vt 1.927734375 0.83935546875
vt 1.9248046875 0.83544921875
vt 1.9208984375 0.8382568359375
vt 1.935546875 0.8470458984375
vt 1.9228515625 0.8427734375
vt 1.916015625 0.8408203125
vt 1.927734375 0.8502197265625
vt 1.9169921875 0.8455810546875
vt 1.91015625 0.8419189453125
vt 1.9208984375 0.8524169921875
vt 1.91015625 0.8466796875
vt 1.9267578125 0.8653564453125
vt 1.9111328125 0.8543701171875
vt 1.904296875 0.8460693359375
vt 1.9052734375 0.8411865234375
vt 1.9130859375 0.865478515625
vt 1.90234375 0.8555908203125
vt 1.8984375 0.84423828125
vt 1.900390625 0.83935546875
vt 1.896484375 0.8372802734375
vt 1.896484375 0.850341796875
vt 1.89453125 0.841552734375
vt 1.8916015625 0.84814453125
vt 1.8896484375 0.83837890625
vt 1.892578125 0.834228515625
vt 1.8857421875 0.8448486328125
vt 1.8857421875 0.834716796875
vt 1.888671875 0.830810546875
vt 1.8740234375 0.8375244140625
vt 1.8818359375 0.8310546875
vt 1.8779296875 0.8411865234375
vt 1.865234375 0.845947265625
vt 1.888671875 0.851806640625
vt 1.87890625 0.8515625
vt 1.8701171875 0.8494873046875
vt 1.8603515625 0.85498046875
vt 1.865234375 0.8582763671875
vt 1.8779296875 0.85791015625
vt 1.8876953125 0.8572998046875
vt 1.896484375 0.8564453125
vt 1.876953125 0.865234375
vt 1.8623046875 0.863525390625
vt 1.8740234375 0.8702392578125
vt 1.8857421875 0.8680419921875
vt 1.884765625 0.8729248046875
vt 1.89453125 0.87353515625
vt 1.89453125 0.868408203125
vt 1.904296875 0.872314453125
vt 1.9033203125 0.8671875
vt 1.9140625 0.87060546875
vt 1.92578125 0.870361328125
vt 1.9345703125 0.8721923828125
vt 1.9365234375 0.8673095703125
vt 1.9423828125 0.874755859375
vt 1.939453125 0.8524169921875
vt 1.9443359375 0.8701171875
vt 1.947265625 0.876708984375
vt 1.94921875 0.8724365234375
vt 1.9462890625 0.864990234375
vt 1.943359375 0.8582763671875
vt 1.94921875 0.8648681640625
vt 1.9541015625 0.8720703125
vt 1.9541015625 0.8646240234375
vt 1.94921875 0.85546875
vt 1.9541015625 0.854736328125
vt 1.947265625 0.8458251953125
vt 1.9521484375 0.8448486328125
vt 1.9501953125 0.835205078125
vt 1.9453125 0.836669921875
vt 1.9384765625 0.836181640625
vt 1.9404296875 0.8238525390625
vt 1.9453125 0.822265625
vt 0.332763671875 0.27099609375
vt 0.32568359375 0.255859375
vt 0.33447265625 0.2578125
vt 0.323486328125 0.271484375
vt 0.323974609375 0.27734375
vt 0.33447265625 0.27587890625
vt 0.308349609375 0.2685546875
vt 0.30859375 0.25439453125
vt 0.328369140625 0.28759765625
vt 0.339599609375 0.283203125
vt 0.346923828125 0.29150390625
vt 0.2919921875 0.2646484375
vt 0.29052734375 0.2548828125
vt 0.3056640625 0.283203125
vt 0.275390625 0.26318359375
vt 0.274658203125 0.25634765625
vt 0.24755859375 0.26123046875
vt 0.29150390625 0.275390625
vt 0.274658203125 0.2685546875
vt 0.268798828125 0.2744140625
vt 0.28857421875 0.28662109375
vt 0.29638671875 0.294921875
vt 0.31494140625 0.28955078125
vt 0.302734375 0.30224609375
vt 0.320556640625 0.29638671875
vt 0.3349609375 0.29638671875
vt 0.3212890625 0.3017578125
vt 0.30712890625 0.310546875
vt 0.340087890625 0.3046875
vt 0.353759765625 0.3017578125
vt 0.320068359375 0.306640625
vt 0.3427734375 0.31103515625
vt 0.3583984375 0.31396484375
vt 0.352294921875 0.318359375
vt 0.31787109375 0.3095703125
vt 0.310302734375 0.3173828125
vt 0.33154296875 0.3173828125
vt 0.342529296875 0.3154296875
vt 0.341064453125 0.32275390625
vt 1.33203125 0.27099609375
vt 1.333984375 0.2578125
vt 1.3251953125 0.255859375
vt 1.3232421875 0.271484375
vt 1.3232421875 0.27734375
vt 1.333984375 0.27587890625
vt 1.3076171875 0.2685546875
vt 1.30859375 0.25439453125
vt 1.328125 0.28759765625
vt 1.3388671875 0.283203125
vt 1.3466796875 0.29150390625
vt 1.2919921875 0.2646484375
vt 1.2900390625 0.2548828125
vt 1.3056640625 0.283203125
vt 1.275390625 0.26318359375
vt 1.2744140625 0.25634765625
vt 1.2470703125 0.26123046875
vt 1.2744140625 0.2685546875
vt 1.2685546875 0.2744140625
vt 1.291015625 0.275390625
vt 1.2880859375 0.28662109375
vt 1.2958984375 0.294921875
vt 1.314453125 0.28955078125
vt 1.302734375 0.30224609375
vt 1.3203125 0.29638671875
vt 1.3349609375 0.29638671875
vt 1.3212890625 0.3017578125
vt 1.306640625 0.310546875
vt 1.33984375 0.3046875
vt 1.353515625 0.3017578125
vt 1.3193359375 0.306640625
vt 1.3427734375 0.31103515625
vt 1.3583984375 0.31396484375
vt 1.3515625 0.318359375
vt 1.3173828125 0.3095703125
vt 1.3095703125 0.3173828125
vt 1.3310546875 0.3173828125
vt 1.341796875 0.3154296875
vt 1.3408203125 0.32275390625
vt 0.391845703125 0.03369140625
vt 0.391357421875 0.0322265625
vt 0.38623046875 0.033203125
vt 0.64892578125 0.595458984375
vt 0.6455078125 0.608154296875
vt 0.63818359375 0.600341796875
vt 0.65380859375 0.600341796875
vt 0.65576171875 0.5927734375
vt 0.65673828125 0.604736328125
vt 0.64892578125 0.61328125
vt 0.65869140625 0.597900390625
vt 0.6611328125 0.601318359375
vt 0.666015625 0.59130859375
vt 0.666015625 0.596435546875
vt 0.66845703125 0.599853515625
vt 0.76220703125 0.596435546875
vt 0.7607421875 0.599853515625
vt 0.76416015625 0.59130859375
vt 0.7666015625 0.60107421875
vt 0.7685546875 0.59765625
vt 0.77197265625 0.592529296875
vt 0.78271484375 0.59716796875
vt 0.78369140625 0.6123046875
vt 0.7939453125 0.602294921875
vt 0.79150390625 0.60888671875
vt 0.80712890625 0.604736328125
vt 0.90576171875 0.65234375
vt 0.88330078125 0.671142578125
vt 0.89404296875 0.64501953125
vt 0.92578125 0.623779296875
vt 0.93408203125 0.658447265625
vt 0.92626953125 0.658203125
vt 0.8994140625 0.686279296875
vt 0.87255859375 0.699951171875
vt 0.9189453125 0.656494140625
vt 0.89599609375 0.720703125
vt 0.86572265625 0.72265625
vt 0.91552734375 0.694091796875
vt 0.89111328125 0.752197265625
vt 0.8642578125 0.7353515625
vt 0.86572265625 0.742431640625
vt 0.875 0.7532958984375
vt 0.8896484375 0.764892578125
vt 0.91357421875 0.732177734375
vt 0.9267578125 0.697265625
vt 0.93408203125 0.69775390625
vt 0.9111328125 0.7652587890625
vt 0.9091796875 0.779052734375
vt 0.92626953125 0.736328125
vt 0.93408203125 0.737060546875
vt 0.9248046875 0.7694091796875
vt 0.91943359375 0.7835693359375
vt 0.93408203125 0.7681884765625
vt 0.9248046875 0.7825927734375
vt 0.93408203125 0.773681640625
vt 0.92919921875 0.7789306640625
vt 1.3701171875 0.03662109375
vt 1.3681640625 0.05224609375
vt 1.376953125 0.05029296875
vt 1.361328125 0.04248046875
vt 1.2939453125 0.05859375
vt 1.283203125 0.05126953125
vt 1.359375 0.0244140625
vt 1.3505859375 0.033203125
vt 1.34765625 0.01513671875
vt 1.3359375 0.02685546875
vt 1.26953125 0.0439453125
vt 1.330078125 0.00830078125
vt 1.3193359375 0.02294921875
vt 1.3056640625 0.00390625
vt 1.294921875 0.02001953125
vt 1.248046875 0.03515625
vt 1.2734375 0.00634765625
vt 1.267578125 0.01953125
vt 1.2431640625 0.01025390625
vt 1.240234375 0.01953125
vt 1.2216796875 0.0302734375
vt 1.21484375 0.01513671875
vt 1.21484375 0.02099609375
vt 1.1923828125 0.02783203125
vt 1.19140625 0.01953125
vt 1.1904296875 0.0234375
vt 1.1650390625 0.0263671875
vt 0.368408203125 0.05224609375
vt 0.3701171875 0.03662109375
vt 0.376953125 0.05029296875
vt 0.2939453125 0.05859375
vt 0.36181640625 0.04248046875
vt 0.283935546875 0.05126953125
vt 0.360107421875 0.0244140625
vt 0.351318359375 0.033203125
vt 0.34814453125 0.01513671875
vt 0.336669921875 0.02685546875
vt 0.270263671875 0.0439453125
vt 0.33056640625 0.00830078125
vt 0.320068359375 0.02294921875
vt 0.30615234375 0.00390625
vt 0.295166015625 0.02001953125
vt 0.2484130859375 0.03515625
vt 0.2734375 0.00634765625
vt 0.268310546875 0.01953125
vt 0.2437744140625 0.01025390625
vt 0.240478515625 0.01953125
vt 0.2222900390625 0.0302734375
vt 0.2149658203125 0.01513671875
vt 0.215087890625 0.02099609375
vt 0.1923828125 0.02783203125
vt 0.1922607421875 0.01953125
vt 0.1912841796875 0.0234375
vt 0.1651611328125 0.0263671875
vt 1.8828125 0.671142578125
vt 1.9052734375 0.65234375
vt 1.8935546875 0.64501953125
vt 1.93359375 0.658447265625
vt 1.92578125 0.623779296875
vt 1.92578125 0.658203125
vt 1.8994140625 0.686279296875
vt 1.8720703125 0.699951171875
vt 1.9189453125 0.656494140625
vt 1.8955078125 0.720703125
vt 1.865234375 0.72265625
vt 1.9150390625 0.694091796875
vt 1.890625 0.752197265625
vt 1.8642578125 0.7353515625
vt 1.865234375 0.742431640625
vt 1.875 0.7532958984375
vt 1.8896484375 0.764892578125
vt 1.9130859375 0.732177734375
vt 1.9267578125 0.697265625
vt 1.93359375 0.69775390625
vt 1.9111328125 0.7652587890625
vt 1.9091796875 0.779052734375
vt 1.92578125 0.736328125
vt 1.93359375 0.737060546875
vt 1.9248046875 0.7694091796875
vt 1.9189453125 0.7835693359375
vt 1.93359375 0.7681884765625
vt 1.9248046875 0.7825927734375
vt 1.93359375 0.773681640625
vt 1.9287109375 0.7789306640625
vn 0.2757 0.6223 0.7326
vn 0.3069 0.6611 0.6847
vn 0.2679 0.6067 0.7485
vn 0.2053 0.5447 0.8131
vn 0.2039 0.5412 0.8158
vn 0.1580 0.4975 0.8529
vn 0.0789 0.3552 0.9314
vn 0.0706 0.3295 0.9415
vn 0.0628 0.3062 0.9499
vn -0.2749 0.0785 0.9583
vn -0.3938 -0.1969 0.8979
vn 0.0316 0.2683 0.9628
vn -0.7423 -0.4738 0.4738
vn -0.8711 -0.1099 0.4787
vn -0.3545 -0.3702 0.8586
vn -0.0314 0.1490 0.9883
vn -0.8761 -0.3078 0.3710
vn -0.9288 0.0787 0.3621
vn -0.6315 -0.7183 0.2921
vn -0.5595 -0.7249 0.4019
vn -0.2991 -0.5826 0.7557
vn -0.3607 -0.8783 0.3137
vn -0.3629 -0.9072 0.2130
vn 0.0706 -0.1805 0.9810
vn 0.1807 -0.3693 0.9116
vn -0.1413 -0.7455 0.6513
vn -0.1965 -0.9434 0.2673
vn -0.1974 -0.9634 0.1816
vn 0.1026 0.0079 0.9947
vn -0.0790 -0.9720 0.2213
vn -0.0789 -0.9867 0.1421
vn 0.1181 0.0472 0.9919
vn 0.1414 0.0079 0.9899
vn -0.0551 0.5593 0.8271
vn -0.0550 0.5264 0.8485
vn -0.0079 -0.1733 0.9848
vn -0.0393 0.4719 0.8808
vn -0.0552 -0.8520 0.5207
vn -0.0474 -0.2921 0.9552
vn -0.0392 0.3765 0.9256
vn -0.0394 0.2994 0.9533
vn -0.0474 -0.4499 0.8918
vn 0.1343 -0.2292 0.9641
vn -0.0315 -0.8971 0.4407
vn -0.0471 -0.9810 0.1883
vn -0.0472 -0.9919 0.1181
vn -0.0314 -0.9883 0.1490
vn -0.0315 -0.9934 0.1104
vn -0.0236 -0.9221 0.3862
vn -0.0236 -0.9768 0.2127
vn -0.0314 -0.9895 0.1414
vn -0.0158 -0.9847 0.1733
vn -0.0550 -0.6446 0.7625
vn 0.0237 -0.7415 0.6705
vn -0.0158 -0.9081 0.4185
vn 0.0867 -0.2601 0.9617
vn 0.0709 -0.4175 0.9059
vn 0.0629 -0.1257 0.9901
vn 0.1099 -0.0942 0.9895
vn 0.1816 -0.0947 0.9788
vn 0.3937 -0.6694 0.6300
vn -0.0867 0.6385 0.7647
vn -0.1027 0.6243 0.7744
vn -0.0553 0.6400 0.7664
vn -0.1022 0.6291 0.7706
vn -0.0157 0.6284 0.7777
vn 0.2202 -0.0236 0.9752
vn 0.3237 -0.1105 0.9397
vn 0.0158 -0.2757 0.9611
vn 0.1101 0.2281 0.9674
vn 0.0632 0.1896 0.9798
vn -0.0315 -0.3466 0.9375
vn 0.1894 -0.0789 0.9787
vn 0.2914 -0.3702 0.8821
vn -0.0236 0.5833 0.8119
vn 0.0863 -0.0078 0.9962
vn 0.0079 0.5363 0.8440
vn 0.0786 -0.1178 0.9899
vn -0.0314 -0.3766 0.9258
vn -0.0000 -0.0550 0.9985
vn 0.0079 -0.1657 0.9861
vn 0.0394 0.5118 0.8582
vn -0.1338 0.2992 0.9448
vn -0.0628 0.5734 0.8169
vn -0.0236 -0.0707 0.9972
vn -0.0473 0.6700 0.7409
vn -0.0157 -0.1337 0.9909
vn -0.0236 -0.3699 0.9288
vn -0.0236 -0.0707 0.9972
vn -0.0392 0.7221 0.6907
vn -0.0078 -0.1491 0.9888
vn -0.0236 -0.3699 0.9288
vn -0.0236 -0.0236 0.9994
vn -0.0473 0.7409 0.6700
vn -0.0079 -0.2128 0.9771
vn -0.0157 -0.3373 0.9413
vn -0.0472 0.0079 0.9989
vn -0.0948 0.7423 0.6633
vn -0.0158 -0.2684 0.9632
vn -0.0157 -0.1961 0.9805
vn -0.1022 0.0865 0.9910
vn -0.1968 0.7165 0.6692
vn -0.0237 -0.3232 0.9460
vn -0.0945 -0.0866 0.9918
vn -0.1495 0.1023 0.9835
vn -0.3537 0.6209 0.6995
vn 0.0158 -0.3233 0.9462
vn -0.0393 -0.3534 0.9346
vn -0.0079 -0.7491 0.6624
vn 0.0158 -0.8380 0.5455
vn -0.0000 -0.5272 0.8498
vn -0.0633 -0.9094 0.4112
vn 0.0472 -0.3464 0.9369
vn 0.2986 -0.9038 0.3065
vn 0.0629 -0.5112 0.8572
vn -0.1256 -0.0785 0.9890
vn -0.4728 0.5122 0.7170
vn -0.5131 0.4816 0.7105
vn 0.0789 -0.5048 0.8597
vn -0.0079 -0.3233 0.9463
vn -0.5127 0.2997 0.8045
vn 0.1731 -0.5821 0.7945
vn 0.1097 -0.5800 0.8072
vn 0.2276 -0.6357 0.7377
vn 0.2746 -0.8553 0.4394
vn 0.1569 -0.8551 0.4942
vn 0.5655 -0.7855 0.2514
vn 0.1103 -0.9691 0.2206
vn 0.2920 -0.9390 0.1815
vn 0.0709 -0.9922 0.1024
vn 0.2917 -0.9539 0.0709
vn 0.3392 -0.9386 0.0631
vn 0.3385 -0.9290 0.1496
vn 0.0632 -0.9949 0.0790
vn 0.0473 -0.9851 0.1655
vn -0.0079 -0.9930 0.1182
vn -0.0079 -0.9317 0.3632
vn -0.0237 -0.9872 0.1579
vn -0.0000 -0.9874 0.1580
vn -0.0000 -0.9263 0.3768
vn -0.0158 -0.9081 0.4185
vn -0.0158 -0.9847 0.1733
vn -0.0079 -0.9051 0.4250
vn -0.0079 -0.9835 0.1810
vn -0.0552 -0.0947 0.9940
vn -0.0394 -0.1103 0.9931
vn -0.0394 -0.1181 0.9922
vn -0.0157 -0.1260 0.9919
vn -0.0079 -0.1733 0.9848
vn -0.0000 -0.1337 0.9910
vn 0.0158 -0.1104 0.9938
vn 0.0078 -0.0863 0.9962
vn 0.0079 -0.1026 0.9947
vn 0.0079 -0.0550 0.9985
vn -0.0000 -0.0079 1.0000
vn -0.0157 -0.0157 0.9998
vn -0.0157 -0.0157 0.9998
vn -0.0000 -0.0079 1.0000
vn -0.0000 -0.0079 1.0000
vn 0.0079 -0.1414 0.9899
vn -0.0000 -0.0948 0.9955
vn -0.0000 -0.0550 0.9985
vn -0.0000 0.0000 1.0000
vn -0.0000 0.0000 1.0000
vn -0.0000 -0.1580 0.9874
vn -0.0000 0.0000 1.0000
vn -0.0000 -0.2128 0.9771
vn 0.0707 -0.1257 0.9896
vn 0.0079 -0.0157 0.9998
vn 0.2361 -0.4565 0.8578
vn 0.2435 -0.4556 0.8562
vn 0.2204 -0.4172 0.8817
vn 0.0707 -0.1179 0.9905
vn 0.0629 -0.1180 0.9910
vn 0.2121 -0.4085 0.8878
vn 0.0706 -0.1334 0.9885
vn -0.0000 -0.0393 0.9992
vn 0.2040 -0.4315 0.8787
vn 0.0472 -0.1181 0.9919
vn 0.0709 -0.1576 0.9850
vn 0.1971 -0.4573 0.8672
vn 0.0316 -0.1026 0.9942
vn 0.0236 -0.1337 0.9907
vn 0.0157 -0.1337 0.9909
vn 0.0314 -0.1336 0.9905
vn 0.0157 -0.0629 0.9979
vn 0.1340 -0.4178 0.8986
vn -0.0000 -0.0157 0.9999
vn 0.1105 -0.2762 0.9547
vn -0.0000 -0.1104 0.9939
vn 0.1177 -0.4315 0.8944
vn 0.1099 -0.4632 0.8794
vn -0.0000 -0.1657 0.9862
vn 0.0789 -0.3946 0.9155
vn -0.0000 -0.1580 0.9874
vn -0.0000 -0.2052 0.9787
vn -0.0000 -0.2052 0.9787
vn -0.0000 -0.2052 0.9787
vn -0.0000 -0.2052 0.9787
vn -0.0000 -0.2052 0.9787
vn -0.0000 -0.2052 0.9787
vn -0.0000 -0.2052 0.9787
vn 0.0158 -0.2127 0.9770
vn -0.0000 -0.2128 0.9771
vn -0.0000 -0.2052 0.9787
vn -0.0079 -0.2052 0.9787
vn -0.0079 -0.2128 0.9771
vn -0.0000 -0.2203 0.9754
vn -0.0000 -0.2203 0.9754
vn -0.0000 -0.2203 0.9754
vn -0.0000 -0.2203 0.9754
vn -0.0000 -0.2370 0.9715
vn -0.0000 -0.2277 0.9737
vn 0.0079 -0.2444 0.9696
vn -0.0000 -0.2277 0.9737
vn -0.0314 -0.2829 0.9586
vn -0.0079 -0.2052 0.9787
vn -0.0079 -0.2052 0.9787
vn -0.0079 -0.1976 0.9802
vn -0.0000 -0.2052 0.9787
vn -0.0079 -0.1810 0.9835
vn -0.0237 -0.1976 0.9800
vn -0.0157 -0.1885 0.9819
vn -0.0237 -0.1976 0.9800
vn -0.0079 -0.1886 0.9820
vn -0.0079 -0.1886 0.9820
vn -0.0079 -0.1810 0.9835
vn -0.0079 -0.1810 0.9835
vn -0.0079 -0.1810 0.9835
vn -0.0157 -0.1809 0.9834
vn -0.0236 -0.1809 0.9832
vn -0.0395 -0.1975 0.9795
vn -0.0394 -0.2126 0.9763
vn -0.0784 -0.1804 0.9805
vn -0.0946 -0.1892 0.9774
vn -0.0787 -0.2046 0.9757
vn -0.0315 -0.9994 0.0157
vn -0.0079 -0.9998 0.0157
vn -0.0079 -0.9998 0.0157
vn -0.0000 -0.9999 0.0157
vn -0.0000 -0.9999 0.0157
vn -0.0000 -1.0000 0.0079
vn -0.0000 -1.0000 0.0079
vn 0.1026 -0.9947 -0.0000
vn 0.1026 -0.9947 -0.0000
vn 0.1491 -0.9888 -0.0000
vn 0.1414 -0.9899 -0.0000
vn -0.0315 -0.9995 -0.0000
vn -0.0315 -0.9995 -0.0000
vn -0.1810 -0.9835 0.0079
vn -0.1733 -0.9848 0.0079
vn -0.3468 -0.9378 0.0158
vn -0.3632 -0.9317 0.0079
vn -0.6370 -0.7707 -0.0157
vn -0.6911 -0.7226 -0.0157
vn -0.9991 -0.0393 0.0157
vn -0.9988 -0.0472 0.0157
vn -0.8897 0.4566 -0.0000
vn -0.8440 0.5363 -0.0079
vn -0.5745 0.8185 -0.0000
vn -0.5214 0.8533 0.0079
vn -0.3233 0.9463 0.0079
vn -0.3162 0.9487 0.0079
vn -0.1337 0.9910 -0.0000
vn -0.1260 0.9920 -0.0000
vn 0.0472 0.9989 0.0079
vn 0.0629 0.9979 0.0157
vn 0.2995 0.9538 0.0236
vn 0.3228 0.9449 -0.0551
vn 0.2834 0.9209 -0.2676
vn 0.2197 0.9182 -0.3296
vn -0.3794 0.9249 0.0237
vn -0.4091 0.9125 -0.0000
vn -0.2684 0.9630 -0.0237
vn -0.2591 0.9658 -0.0079
vn -0.1337 0.9910 -0.0000
vn -0.1491 0.9888 -0.0000
vn -0.2591 0.9658 -0.0079
vn 0.3930 0.9195 0.0079
vn 0.1961 0.9806 0.0078
vn 0.2128 0.9771 0.0079
vn 0.3930 0.9195 0.0079
vn 0.4721 0.8812 0.0236
vn 0.4721 0.8812 0.0236
vn 0.8810 0.0315 0.4720
vn 0.8810 0.0315 0.4720
vn 0.8761 0.0237 0.4815
vn 0.8516 -0.1419 0.5046
vn 0.8034 -0.2757 0.5277
vn 0.8597 -0.1183 0.4969
vn 0.7864 -0.3224 0.5269
vn 0.7318 -0.4013 0.5508
vn 0.7095 -0.4178 0.5676
vn 0.7008 -0.4331 0.5669
vn 0.7172 -0.4256 0.5517
vn 0.9101 -0.2511 0.3295
vn 0.9758 -0.1338 0.1731
vn 0.7417 0.3156 -0.5918
vn 0.7017 0.3312 -0.6308
vn 0.6160 0.3396 -0.7108
vn 0.6693 0.3386 -0.6614
vn 0.6237 0.3079 -0.7185
vn 0.4418 0.3629 -0.8205
vn 0.6550 0.3157 -0.6866
vn 0.6854 0.3781 -0.6223
vn -0.2203 -0.9754 -0.0079
vn -0.2514 -0.9663 0.0550
vn -0.3157 -0.9313 0.1815
vn -0.2526 -0.9472 0.1973
vn -0.2830 -0.9354 0.2122
vn -0.2834 -0.9369 0.2047
vn -0.2434 -0.9499 0.1963
vn -0.2210 -0.9551 0.1973
vn -0.2122 -0.9588 0.1886
vn -0.1804 -0.9569 0.2275
vn -0.1732 -0.9681 0.1810
vn -0.1340 -0.8750 0.4651
vn -0.1492 -0.9736 0.1727
vn -0.0709 -0.5201 0.8511
vn -0.0864 -0.8408 0.5344
vn -0.0473 -0.5358 0.8430
vn -0.1022 -0.9823 0.1572
vn -0.0157 -0.5510 0.8344
vn -0.0157 -0.8403 0.5419
vn -0.0079 -0.9874 0.1580
vn 0.1422 -0.9715 0.1896
vn 0.0944 -0.8185 0.5667
vn 0.0157 -0.4876 0.8729
vn 0.4794 -0.8252 0.2986
vn 0.0394 -0.3231 0.9456
vn -0.0473 0.1103 0.9928
vn -0.0947 0.1816 0.9788
vn 0.3560 -0.6488 0.6725
vn 0.7546 -0.5423 0.3694
vn 0.0079 -0.1733 0.9848
vn -0.1804 0.2588 0.9489
vn -0.0157 -0.0157 0.9998
vn -0.2523 0.2365 0.9383
vn 0.5564 -0.3527 0.7523
vn -0.0785 0.0078 0.9969
vn -0.2528 0.2291 0.9400
vn 0.7127 -0.0783 0.6971
vn 0.9217 -0.1576 0.3545
vn -0.2435 0.0864 0.9661
vn -0.0079 -0.0079 0.9999
vn -0.0553 -0.0711 0.9959
vn -0.1580 -0.0158 0.9873
vn 0.7789 0.1888 0.5980
vn 0.9333 0.2117 0.2902
vn -0.0157 -0.0707 0.9974
vn 0.7643 0.3703 0.5279
vn 0.8645 0.4480 0.2279
vn 0.7809 0.4969 0.3786
vn 0.8192 0.5356 0.2048
vn 0.4578 0.2526 0.8524
vn 0.1973 0.0553 0.9788
vn -0.2369 -0.1263 0.9633
vn -0.1974 -0.0474 0.9792
vn -0.0394 0.1025 0.9939
vn -0.0314 0.0707 0.9970
vn -0.1973 -0.0553 0.9788
vn -0.0315 0.0236 0.9992
vn -0.0315 0.0000 0.9995
vn -0.1257 0.0629 0.9901
vn -0.0157 -0.0079 0.9998
vn -0.0000 -0.0079 1.0000
vn -0.8116 0.1024 0.5752
vn -0.1491 0.1255 0.9808
vn -0.7570 -0.3233 0.5678
vn -0.0157 -0.0236 0.9996
vn -0.0000 -0.0079 1.0000
vn -0.9230 -0.3708 0.1026
vn -0.0157 -0.0315 0.9994
vn -0.0000 -0.0079 1.0000
vn -0.9849 0.1497 0.0867
vn -0.0000 -0.0157 0.9999
vn -0.6475 -0.7580 0.0790
vn -0.7458 0.4789 0.4632
vn -0.8579 0.5116 0.0472
vn -0.1494 0.2045 0.9674
vn -0.7108 0.7029 0.0237
vn -0.6871 0.7266 -0.0000
vn -0.6768 0.6453 0.3542
vn -0.4495 0.2129 0.8675
vn -0.7778 0.6285 0.0079
vn -0.7526 0.6585 -0.0078
vn -0.9047 0.4248 -0.0315
vn -0.9193 0.3929 0.0236
vn -0.7643 0.5437 0.3467
vn -0.8207 0.3078 0.4814
vn -0.5765 -0.6713 0.4659
vn -0.3541 -0.8656 0.3541
vn -0.3788 -0.9233 0.0631
vn -0.0157 -0.0550 0.9984
vn -0.0079 -0.0315 0.9995
vn -0.1970 -0.9140 0.3546
vn -0.1971 -0.9778 0.0710
vn -0.0237 -0.0948 0.9952
vn -0.0157 -0.0550 0.9984
vn -0.0394 -0.2994 0.9533
vn -0.0868 -0.9394 0.3316
vn -0.0788 -0.9931 0.0867
vn -0.0394 -0.9763 0.2126
vn -0.0316 -0.9950 0.0948
vn 0.0314 0.3766 -0.9258
vn 0.0157 0.3768 -0.9262
vn 0.0314 0.3766 -0.9258
vn 0.0392 0.3765 -0.9256
vn 0.0392 0.3765 -0.9256
vn -0.1414 -0.7307 -0.6679
vn -0.1027 -0.6954 -0.7112
vn -0.0865 -0.6764 -0.7314
vn -0.0550 -0.9111 -0.4084
vn -0.0000 -0.5511 -0.8345
vn -0.0237 -0.9314 -0.3631
vn 0.0157 -0.5179 -0.8553
vn -0.0000 -0.5215 -0.8533
vn -0.0315 -0.9844 -0.1732
vn -0.0237 -0.9959 0.0869
vn -0.0316 -0.9942 0.1026
vn -0.0709 -0.9691 0.2364
vn -0.0078 -0.9969 0.0785
vn -0.0392 -0.9961 0.0784
vn -0.0157 -0.9979 0.0629
vn -0.0315 -0.9987 0.0393
vn 0.2136 0.5142 0.8306
vn 0.2208 0.4890 0.8439
vn 0.2119 0.5257 0.8239
vn 0.2278 0.5419 0.8090
vn 0.2444 0.5755 0.7804
vn 0.2992 0.6300 0.7166
vn 0.3471 0.6864 0.6390
vn 0.3711 0.6949 0.6159
vn 0.4320 0.7148 0.5499
vn 0.4320 0.7148 0.5499
vn 0.4422 0.7185 0.5369
vn 0.4504 0.7190 0.5294
vn 0.4247 0.7000 0.5741
vn 0.4266 0.7031 0.5688
vn 0.3939 0.6539 0.6460
vn 0.3939 0.6539 0.6460
vn -0.0079 -0.8975 -0.4409
vn -0.0079 -0.8975 -0.4409
vn -0.1815 -0.9230 -0.3392
vn -0.3064 -0.9113 -0.2750
vn -0.2289 -0.9235 -0.3078
vn 0.8810 0.0315 -0.4720
vn 0.8810 0.0315 -0.4720
vn 0.8761 0.0237 -0.4815
vn 0.8034 -0.2757 -0.5277
vn 0.8516 -0.1419 -0.5046
vn 0.8597 -0.1183 -0.4969
vn 0.7864 -0.3224 -0.5269
vn 0.7318 -0.4013 -0.5508
vn 0.7095 -0.4178 -0.5676
vn 0.7008 -0.4331 -0.5669
vn 0.7172 -0.4256 -0.5517
vn 0.9101 -0.2511 -0.3295
vn 0.9758 -0.1338 -0.1731
vn 0.7417 0.3156 0.5918
vn 0.7017 0.3312 0.6308
vn 0.6160 0.3396 0.7108
vn 0.6693 0.3386 0.6614
vn 0.6237 0.3079 0.7185
vn 0.4418 0.3629 0.8205
vn 0.6550 0.3157 0.6866
vn 0.6854 0.3781 0.6223
vn 0.0791 0.6169 0.7830
vn 0.1185 0.5213 0.8451
vn 0.0787 0.5906 0.8031
vn 0.0789 0.5048 0.8597
vn 0.1022 0.5187 0.8488
vn 0.0943 0.4007 0.9114
vn 0.0710 0.5050 0.8602
vn 0.0552 0.4339 0.8993
vn 0.0158 0.4969 0.8676
vn -0.0472 0.5739 0.8176
vn -0.1654 0.7717 0.6142
vn -0.1808 0.8098 0.5582
vn 0.0393 0.4873 0.8724
vn -0.1179 0.6365 0.7622
vn -0.1960 0.8074 0.5565
vn -0.0079 0.4566 0.8896
vn -0.2119 0.6671 0.7142
vn -0.2518 0.7789 0.5744
vn -0.0629 0.3855 0.9205
vn -0.2924 0.7033 0.6480
vn -0.3304 0.7551 0.5663
vn -0.1183 0.3235 0.9388
vn 0.0550 -0.5736 0.8173
vn -0.3463 0.7162 0.6060
vn -0.3688 0.7063 0.6043
vn -0.1738 0.2370 0.9558
vn -0.1887 -0.2437 0.9513
vn -0.3779 0.6928 0.6141
vn 0.0315 -0.7414 0.6704
vn 0.0472 -0.7556 0.6533
vn 0.0630 -0.7477 0.6611
vn 0.0866 -0.8026 0.5902
vn 0.0631 -0.6857 0.7251
vn 0.1021 -0.8014 0.5893
vn 0.0867 -0.7960 0.5990
vn 0.0472 -0.4561 0.8887
vn 0.0551 -0.7873 0.6141
vn 0.0472 -0.3696 0.9280
vn 0.0471 -0.3064 0.9507
vn 0.0396 -0.7598 0.6490
vn 0.0551 -0.2440 0.9682
vn 0.0392 -0.7297 0.6826
vn 0.0710 -0.1499 0.9861
vn 0.0473 -0.6863 0.7258
vn 0.0943 0.5577 0.8247
vn 0.1576 0.4729 0.8669
vn 0.0711 -0.0711 0.9949
vn 0.0471 -0.6364 0.7699
vn 0.0707 -0.0236 0.9972
vn 0.0473 -0.5595 0.8275
vn 0.0710 0.0868 0.9937
vn 0.0472 -0.4404 0.8966
vn 0.0472 0.7628 0.6449
vn -0.1412 0.9335 -0.3295
vn -0.1660 0.9167 -0.3635
vn 0.0709 0.2047 0.9763
vn 0.0394 -0.2994 0.9533
vn 0.0235 0.8082 0.5885
vn -0.2205 0.9056 -0.3622
vn 0.1023 -0.1495 0.9835
vn -0.0157 0.8553 0.5179
vn -0.2841 0.8997 -0.3315
vn 0.1183 0.3235 0.9388
vn 0.1422 0.4108 0.9006
vn -0.0393 0.8808 0.4719
vn 0.2435 -0.0864 0.9661
vn 0.2204 0.4643 0.8578
vn 0.3867 -0.1105 0.9155
vn 0.5678 -0.1341 0.8122
vn 0.3231 0.5122 0.7958
vn 0.6360 -0.1649 0.7538
vn 0.3231 0.5122 -0.7958
vn 0.6360 -0.1649 -0.7538
vn 0.5678 -0.1341 -0.8122
vn 0.2204 0.4643 -0.8578
vn 0.3867 -0.1105 -0.9155
vn 0.2435 -0.0864 -0.9661
vn 0.1422 0.4108 -0.9006
vn -0.0393 0.8808 -0.4719
vn 0.1023 -0.1495 -0.9835
vn -0.0157 0.8553 -0.5179
vn -0.2841 0.8997 0.3315
vn -0.2205 0.9056 0.3622
vn 0.1183 0.3235 -0.9388
vn 0.0235 0.8082 -0.5885
vn -0.1660 0.9167 0.3635
vn 0.0709 0.2047 -0.9763
vn 0.0394 -0.2994 -0.9533
vn 0.0472 -0.4404 -0.8966
vn 0.0472 0.7628 -0.6449
vn -0.1338 0.9286 0.3462
vn 0.0787 0.6218 -0.7792
vn 0.0710 0.0868 -0.9937
vn 0.0473 -0.5595 -0.8275
vn 0.0707 -0.0236 -0.9972
vn 0.0471 -0.6364 -0.7699
vn 0.0866 0.5902 -0.8026
vn 0.1178 0.5417 -0.8322
vn 0.0711 -0.0711 -0.9949
vn 0.0473 -0.6863 -0.7258
vn 0.0944 0.5667 -0.8185
vn 0.1494 0.5191 -0.8416
vn 0.0710 -0.1499 -0.9861
vn 0.0392 -0.7297 -0.6826
vn 0.0551 -0.2440 -0.9682
vn 0.0393 -0.7631 -0.6451
vn 0.0946 0.5283 -0.8437
vn 0.1577 0.4416 -0.8832
vn 0.0789 0.5048 -0.8597
vn 0.0865 0.4010 -0.9120
vn 0.0552 0.4339 -0.8993
vn 0.0710 0.5050 -0.8602
vn 0.0158 0.4969 -0.8676
vn -0.0472 0.5739 -0.8176
vn -0.1654 0.7717 -0.6142
vn -0.1808 0.8098 -0.5582
vn 0.0393 0.4873 -0.8724
vn 0.0472 -0.3696 -0.9280
vn 0.0394 -0.3629 -0.9310
vn 0.0708 -0.7865 -0.6135
vn 0.0632 -0.4900 -0.8694
vn 0.0944 -0.8021 -0.5897
vn -0.0079 0.4504 -0.8928
vn 0.0709 -0.6772 -0.7324
vn -0.1179 0.6365 -0.7622
vn -0.1960 0.8074 -0.5565
vn -0.0471 0.3300 -0.9428
vn -0.2119 0.6671 -0.7142
vn -0.2518 0.7789 -0.5744
vn -0.1183 0.3235 -0.9388
vn -0.2924 0.7033 -0.6480
vn -0.3304 0.7551 -0.5663
vn 0.0631 -0.6857 -0.7251
vn 0.0866 -0.8026 -0.5902
vn -0.3463 0.7162 -0.6060
vn -0.3688 0.7063 -0.6043
vn -0.1738 0.2370 -0.9558
vn -0.1887 -0.2437 -0.9513
vn -0.3779 0.6928 -0.6141
vn 0.0630 -0.7477 -0.6611
vn 0.0472 -0.7556 -0.6533
vn 0.0315 -0.7414 -0.6704
vn 0.3154 0.5282 0.7884
vn 0.3149 0.4802 0.8187
vn 0.2823 0.5411 0.7921
vn 0.2450 0.6323 0.7350
vn 0.2827 0.6125 0.7382
vn 0.2443 0.6935 0.6778
vn 0.2194 0.7054 0.6740
vn 0.2371 0.7508 0.6165
vn 0.2133 0.7583 0.6161
vn 0.3149 0.4802 -0.8187
vn 0.3147 0.5192 -0.7946
vn 0.2823 0.5411 -0.7921
vn 0.2450 0.6323 -0.7350
vn 0.2827 0.6125 -0.7382
vn 0.2443 0.6935 -0.6778
vn 0.2194 0.7054 -0.6740
vn 0.2371 0.7508 -0.6165
vn 0.2133 0.7583 -0.6161
vn 0.2757 0.6223 -0.7326
vn 0.2679 0.6067 -0.7485
vn 0.3069 0.6611 -0.6847
vn 0.2053 0.5447 -0.8131
vn 0.2039 0.5412 -0.8158
vn 0.1580 0.4975 -0.8529
vn 0.0789 0.3552 -0.9314
vn 0.0706 0.3295 -0.9415
vn 0.0628 0.3062 -0.9499
vn -0.2749 0.0785 -0.9583
vn -0.3938 -0.1969 -0.8979
vn 0.0316 0.2683 -0.9628
vn -0.7423 -0.4738 -0.4738
vn -0.8711 -0.1099 -0.4787
vn -0.3545 -0.3702 -0.8586
vn -0.0314 0.1490 -0.9883
vn -0.8761 -0.3078 -0.3710
vn -0.9288 0.0787 -0.3621
vn -0.6315 -0.7183 -0.2921
vn -0.5595 -0.7249 -0.4019
vn -0.2991 -0.5826 -0.7557
vn -0.3607 -0.8783 -0.3137
vn -0.3629 -0.9072 -0.2130
vn 0.0706 -0.1805 -0.9810
vn 0.1807 -0.3693 -0.9116
vn -0.1413 -0.7455 -0.6513
vn -0.1965 -0.9434 -0.2673
vn -0.1974 -0.9634 -0.1816
vn 0.1026 0.0079 -0.9947
vn -0.0790 -0.9720 -0.2213
vn -0.0789 -0.9867 -0.1421
vn 0.1181 0.0472 -0.9919
vn 0.1414 0.0079 -0.9899
vn -0.0551 0.5593 -0.8271
vn -0.0550 0.5264 -0.8485
vn -0.0079 -0.1733 -0.9848
vn -0.0393 0.4719 -0.8808
vn -0.0552 -0.8520 -0.5207
vn -0.0474 -0.2921 -0.9552
vn -0.0392 0.3765 -0.9256
vn -0.0394 0.2994 -0.9533
vn -0.0474 -0.4499 -0.8918
vn 0.1343 -0.2292 -0.9641
vn -0.0315 -0.8971 -0.4407
vn -0.0471 -0.9810 -0.1883
vn -0.0472 -0.9919 -0.1181
vn -0.0550 -0.6446 -0.7625
vn -0.0314 -0.9883 -0.1490
vn -0.0315 -0.9934 -0.1104
vn -0.0236 -0.9221 -0.3862
vn -0.0236 -0.9768 -0.2127
vn -0.0314 -0.9895 -0.1414
vn -0.0158 -0.9847 -0.1733
vn 0.0237 -0.7415 -0.6705
vn -0.0158 -0.9081 -0.4185
vn 0.0867 -0.2601 -0.9617
vn 0.0709 -0.4175 -0.9059
vn 0.0629 -0.1257 -0.9901
vn 0.1099 -0.0942 -0.9895
vn 0.1816 -0.0947 -0.9788
vn 0.3937 -0.6694 -0.6300
vn -0.0867 0.6385 -0.7647
vn -0.1027 0.6243 -0.7744
vn -0.0553 0.6400 -0.7664
vn -0.1022 0.6291 -0.7706
vn -0.0157 0.6284 -0.7777
vn 0.2202 -0.0236 -0.9752
vn 0.3237 -0.1105 -0.9397
vn 0.0158 -0.2757 -0.9611
vn 0.1101 0.2281 -0.9674
vn 0.0632 0.1896 -0.9798
vn -0.0315 -0.3466 -0.9375
vn 0.1894 -0.0789 -0.9787
vn 0.2914 -0.3702 -0.8821
vn -0.0236 0.5833 -0.8119
vn 0.0863 -0.0078 -0.9962
vn 0.0079 0.5363 -0.8440
vn 0.0786 -0.1178 -0.9899
vn -0.0314 -0.3766 -0.9258
vn -0.0000 -0.0550 -0.9985
vn 0.0079 -0.1657 -0.9861
vn 0.0394 0.5118 -0.8582
vn -0.1338 0.2992 -0.9448
vn -0.0628 0.5734 -0.8169
vn -0.0236 -0.0707 -0.9972
vn -0.0473 0.6700 -0.7409
vn -0.0157 -0.1337 -0.9909
vn -0.0236 -0.0707 -0.9972
vn -0.0392 0.7221 -0.6907
vn -0.0078 -0.1491 -0.9888
vn -0.0236 -0.3699 -0.9288
vn -0.0236 -0.3699 -0.9288
vn -0.0079 -0.9051 -0.4250
vn -0.0079 -0.9835 -0.1810
vn -0.0158 -0.9847 -0.1733
vn -0.0158 -0.9081 -0.4185
vn -0.0000 -0.9874 -0.1580
vn -0.0157 -0.3373 -0.9413
vn -0.0000 -0.9263 -0.3768
vn -0.0237 -0.9872 -0.1579
vn -0.0079 -0.9930 -0.1182
vn -0.0079 -0.2128 -0.9771
vn 0.0473 -0.9851 -0.1655
vn 0.0632 -0.9949 -0.0790
vn -0.0236 -0.0236 -0.9994
vn -0.0473 0.7409 -0.6700
vn 0.3385 -0.9290 -0.1496
vn 0.3392 -0.9386 -0.0631
vn -0.0472 0.0079 -0.9989
vn -0.0948 0.7423 -0.6633
vn -0.0158 -0.2684 -0.9632
vn -0.1022 0.0865 -0.9910
vn -0.1968 0.7165 -0.6692
vn -0.0237 -0.3232 -0.9460
vn -0.0157 -0.1961 -0.9805
vn -0.0945 -0.0866 -0.9918
vn -0.0079 -0.7491 -0.6624
vn -0.0393 -0.3534 -0.9346
vn -0.0633 -0.9094 -0.4112
vn 0.0158 -0.8380 -0.5455
vn -0.0079 -0.9317 -0.3632
vn 0.2986 -0.9038 -0.3065
vn 0.0158 -0.3233 -0.9462
vn -0.0000 -0.5272 -0.8498
vn -0.1495 0.1023 -0.9835
vn -0.3537 0.6209 -0.6995
vn 0.0472 -0.3464 -0.9369
vn -0.1256 -0.0785 -0.9890
vn -0.4728 0.5122 -0.7170
vn -0.5131 0.4816 -0.7105
vn 0.0629 -0.5112 -0.8572
vn 0.0789 -0.5048 -0.8597
vn -0.0079 -0.3233 -0.9463
vn -0.5127 0.2997 -0.8045
vn 0.1731 -0.5821 -0.7945
vn 0.2746 -0.8553 -0.4394
vn 0.1097 -0.5800 -0.8072
vn 0.2276 -0.6357 -0.7377
vn 0.2920 -0.9390 -0.1815
vn 0.2917 -0.9539 -0.0709
vn 0.1569 -0.8551 -0.4942
vn 0.5655 -0.7855 -0.2514
vn 0.1103 -0.9691 -0.2206
vn 0.0709 -0.9922 -0.1024
vn 0.2437 -0.2830 0.9276
vn 0.2208 -0.2918 0.9306
vn 0.2208 -0.2918 0.9306
vn 0.1895 -0.2843 0.9398
vn 0.1580 -0.2765 0.9479
vn 0.1418 -0.2678 0.9530
vn 0.0864 -0.2435 0.9661
vn 0.0787 -0.2362 0.9685
vn 0.0710 -0.2289 0.9709
vn 0.0710 -0.2289 0.9709
vn 0.0550 -0.1807 0.9820
vn 0.0471 -0.2200 0.9744
vn 0.0629 -0.4557 0.8879
vn 0.0393 -0.2201 0.9747
vn 0.0394 -0.5359 0.8433
vn 0.0079 -0.0472 0.9989
vn 0.0708 -0.4015 0.9131
vn 0.0315 -0.2202 0.9750
vn 0.0395 -0.3396 0.9398
vn 0.0157 -0.4722 0.8814
vn 0.0157 0.0236 0.9996
vn 0.0237 0.1104 0.9936
vn 0.0236 -0.3467 0.9377
vn 0.0079 -0.4722 0.8815
vn 0.0236 0.2202 0.9752
vn 0.0079 -0.3303 0.9438
vn -0.0079 -0.4185 0.9082
vn 0.0236 0.2277 0.9735
vn 0.0236 0.2757 0.9610
vn -0.0000 -0.3233 0.9463
vn -0.0158 -0.3233 0.9462
vn 0.0316 0.2923 0.9558
vn 0.0314 0.3066 0.9513
vn -0.0157 -0.3700 0.9289
vn -0.0316 -0.4023 0.9150
vn -0.0315 -0.2995 0.9536
vn 0.0393 0.3301 0.9431
vn -0.0472 -0.3859 0.9213
vn -0.0314 -0.2276 0.9732
vn 0.0395 0.3396 0.9398
vn 0.0474 0.3395 0.9394
vn -0.0315 -0.2756 0.9607
vn 0.0472 0.3464 0.9369
vn -0.0550 -0.4084 0.9111
vn -0.0473 -0.3628 0.9307
vn -0.0079 -0.0236 0.9997
vn -0.0315 -0.1259 0.9915
vn -0.0865 -0.4170 0.9048
vn -0.0630 -0.6611 0.7477
vn -0.0394 -0.2994 0.9533
vn 0.0314 -0.7704 0.6368
vn 0.0158 -0.3632 0.9316
vn 0.1888 -0.7789 0.5980
vn 0.0869 -0.3713 0.9244
vn 0.1810 -0.7868 0.5901
vn 0.0868 -0.3943 0.9149
vn 0.0079 -0.7952 0.6063
vn -0.0000 -0.3233 0.9463
vn -0.0472 -0.7628 0.6449
vn -0.0157 -0.2902 0.9568
vn 0.0158 -0.2996 0.9539
vn 0.0470 -0.7444 0.6661
vn 0.1816 -0.7186 0.6713
vn 0.0706 -0.3060 0.9494
vn 0.2823 -0.6823 0.6744
vn 0.0629 -0.3461 0.9361
vn 0.1412 -0.3295 0.9335
vn 0.3542 -0.6453 0.6768
vn 0.0158 -0.2127 0.9770
vn 0.2051 -0.3865 0.8992
vn -0.0236 -0.0629 0.9977
vn 0.3872 -0.6400 0.6637
vn 0.2202 -0.4797 0.8493
vn -0.0631 -0.1577 0.9855
vn 0.2599 -0.5907 0.7639
vn -0.1730 -0.3067 0.9359
vn 0.4336 -0.8673 0.2444
vn 0.4173 -0.8976 0.1417
vn 0.4024 -0.9153 0.0158
vn 0.4024 -0.9153 0.0158
vn 0.4024 -0.9153 0.0158
vn -0.0552 -0.0947 -0.9940
vn -0.0394 -0.1181 -0.9922
vn -0.0394 -0.1103 -0.9931
vn -0.0157 -0.1260 -0.9919
vn -0.0079 -0.1733 -0.9848
vn -0.0000 -0.1337 -0.9910
vn 0.0158 -0.1104 -0.9938
vn 0.0078 -0.0863 -0.9962
vn 0.0079 -0.1026 -0.9947
vn 0.0079 -0.0550 -0.9985
vn -0.0000 -0.0079 -1.0000
vn -0.0157 -0.0157 -0.9998
vn -0.0157 -0.0157 -0.9998
vn -0.0000 -0.0079 -1.0000
vn -0.0000 -0.0079 -1.0000
vn 0.0079 -0.1414 -0.9899
vn -0.0000 -0.0948 -0.9955
vn -0.0000 -0.0550 -0.9985
vn -0.0000 0.0000 -1.0000
vn -0.0000 0.0000 -1.0000
vn -0.0000 -0.1580 -0.9874
vn -0.0000 0.0000 -1.0000
vn -0.0000 -0.2128 -0.9771
vn 0.0707 -0.1257 -0.9896
vn 0.0079 -0.0157 -0.9998
vn 0.2361 -0.4565 -0.8578
vn 0.2435 -0.4556 -0.8562
vn 0.2204 -0.4172 -0.8817
vn 0.0707 -0.1179 -0.9905
vn 0.0629 -0.1180 -0.9910
vn 0.2121 -0.4085 -0.8878
vn 0.0706 -0.1334 -0.9885
vn -0.0000 -0.0393 -0.9992
vn 0.2040 -0.4315 -0.8787
vn 0.0472 -0.1181 -0.9919
vn 0.0709 -0.1576 -0.9850
vn 0.1971 -0.4573 -0.8672
vn 0.0316 -0.1026 -0.9942
vn 0.0236 -0.1337 -0.9907
vn 0.0157 -0.1337 -0.9909
vn 0.0314 -0.1336 -0.9905
vn 0.0157 -0.0629 -0.9979
vn 0.1340 -0.4178 -0.8986
vn -0.0000 -0.0157 -0.9999
vn 0.1105 -0.2762 -0.9547
vn -0.0000 -0.1104 -0.9939
vn 0.1177 -0.4315 -0.8944
vn 0.1099 -0.4632 -0.8794
vn -0.0000 -0.1657 -0.9862
vn 0.0789 -0.3946 -0.9155
vn -0.0000 -0.1580 -0.9874
vn -0.0000 -0.2052 -0.9787
vn -0.0000 -0.2052 -0.9787
vn -0.0000 -0.2052 -0.9787
vn -0.0000 -0.2052 -0.9787
vn -0.0000 -0.2052 -0.9787
vn -0.0000 -0.2052 -0.9787
vn -0.0000 -0.2052 -0.9787
vn 0.0158 -0.2127 -0.9770
vn -0.0000 -0.2128 -0.9771
vn -0.0000 -0.2052 -0.9787
vn -0.0079 -0.2052 -0.9787
vn -0.0079 -0.2128 -0.9771
vn -0.0000 -0.2203 -0.9754
vn -0.0000 -0.2203 -0.9754
vn -0.0000 -0.2203 -0.9754
vn -0.0000 -0.2203 -0.9754
vn -0.0000 -0.2370 -0.9715
vn -0.0000 -0.2277 -0.9737
vn 0.0079 -0.2444 -0.9696
vn -0.0000 -0.2277 -0.9737
vn -0.0314 -0.2829 -0.9586
vn -0.0079 -0.2052 -0.9787
vn -0.0079 -0.2052 -0.9787
vn -0.0079 -0.1976 -0.9802
vn -0.0000 -0.2052 -0.9787
vn -0.0079 -0.1810 -0.9835
vn -0.0237 -0.1976 -0.9800
vn -0.0157 -0.1885 -0.9819
vn -0.0237 -0.1976 -0.9800
vn -0.0079 -0.1886 -0.9820
vn -0.0079 -0.1886 -0.9820
vn -0.0079 -0.1810 -0.9835
vn -0.0079 -0.1810 -0.9835
vn -0.0079 -0.1810 -0.9835
vn -0.0157 -0.1809 -0.9834
vn -0.0236 -0.1809 -0.9832
vn -0.0395 -0.1975 -0.9795
vn -0.0394 -0.2126 -0.9763
vn -0.0784 -0.1804 -0.9805
vn -0.0946 -0.1892 -0.9774
vn -0.0787 -0.2046 -0.9757
vn 0.2208 -0.2918 -0.9306
vn 0.2437 -0.2830 -0.9276
vn 0.2208 -0.2918 -0.9306
vn 0.1895 -0.2843 -0.9398
vn 0.1580 -0.2765 -0.9479
vn 0.1418 -0.2678 -0.9530
vn 0.0864 -0.2435 -0.9661
vn 0.0787 -0.2362 -0.9685
vn 0.0710 -0.2289 -0.9709
vn 0.0710 -0.2289 -0.9709
vn 0.0550 -0.1807 -0.9820
vn 0.0471 -0.2200 -0.9744
vn 0.0629 -0.4557 -0.8879
vn 0.0393 -0.2201 -0.9747
vn 0.0394 -0.5359 -0.8433
vn 0.0079 -0.0472 -0.9989
vn 0.0708 -0.4015 -0.9131
vn 0.0315 -0.2202 -0.9750
vn 0.0395 -0.3396 -0.9398
vn 0.0157 -0.4722 -0.8814
vn 0.0157 0.0236 -0.9996
vn 0.0237 0.1104 -0.9936
vn 0.0236 -0.3467 -0.9377
vn 0.0079 -0.4722 -0.8815
vn 0.0236 0.2202 -0.9752
vn 0.0079 -0.3303 -0.9438
vn -0.0079 -0.4185 -0.9082
vn 0.0236 0.2277 -0.9735
vn 0.0236 0.2757 -0.9610
vn -0.0000 -0.3233 -0.9463
vn -0.0158 -0.3233 -0.9462
vn 0.0316 0.2923 -0.9558
vn 0.0314 0.3066 -0.9513
vn -0.0157 -0.3700 -0.9289
vn -0.0316 -0.4023 -0.9150
vn -0.0315 -0.2995 -0.9536
vn 0.0393 0.3301 -0.9431
vn -0.0472 -0.3859 -0.9213
vn -0.0314 -0.2276 -0.9732
vn 0.0395 0.3396 -0.9398
vn 0.0474 0.3395 -0.9394
vn -0.0315 -0.2756 -0.9607
vn 0.0472 0.3464 -0.9369
vn -0.0550 -0.4084 -0.9111
vn -0.0473 -0.3628 -0.9307
vn -0.0079 -0.0236 -0.9997
vn -0.0315 -0.1259 -0.9915
vn -0.0865 -0.4170 -0.9048
vn -0.0630 -0.6611 -0.7477
vn -0.0394 -0.2994 -0.9533
vn 0.0314 -0.7704 -0.6368
vn 0.0158 -0.3632 -0.9316
vn 0.1888 -0.7789 -0.5980
vn 0.0869 -0.3713 -0.9244
vn 0.1810 -0.7868 -0.5901
vn 0.0868 -0.3943 -0.9149
vn 0.0079 -0.7952 -0.6063
vn -0.0000 -0.3233 -0.9463
vn -0.0472 -0.7628 -0.6449
vn -0.0157 -0.2902 -0.9568
vn 0.0158 -0.2996 -0.9539
vn 0.0470 -0.7444 -0.6661
vn 0.1816 -0.7186 -0.6713
vn 0.0706 -0.3060 -0.9494
vn 0.2823 -0.6823 -0.6744
vn 0.0629 -0.3461 -0.9361
vn 0.1412 -0.3295 -0.9335
vn 0.3542 -0.6453 -0.6768
vn 0.0158 -0.2127 -0.9770
vn 0.2051 -0.3865 -0.8992
vn -0.0236 -0.0629 -0.9977
vn 0.3872 -0.6400 -0.6637
vn 0.2202 -0.4797 -0.8493
vn -0.0631 -0.1577 -0.9855
vn 0.2599 -0.5907 -0.7639
vn -0.1730 -0.3067 -0.9359
vn 0.4336 -0.8673 -0.2444
vn 0.4173 -0.8976 -0.1417
vn 0.4024 -0.9153 -0.0158
vn 0.4024 -0.9153 -0.0158
vn 0.4024 -0.9153 -0.0158
vn 0.9499 0.1492 0.2748
vn 0.9318 0.2527 0.2606
vn 0.9318 0.2527 0.2606
vn 0.9509 0.1257 0.2829
vn 0.9499 0.1492 -0.2748
vn 0.9318 0.2527 -0.2606
vn 0.9318 0.2527 -0.2606
vn 0.9509 0.1257 -0.2829
vn 0.6595 -0.7458 0.0942
vn 0.3687 -0.9256 0.0863
vn 0.6677 -0.7384 0.0943
vn 0.3152 -0.9457 0.0788
vn 0.0079 -0.9989 0.0472
vn 0.0079 -0.9989 0.0472
vn -0.0079 -0.9989 0.0472
vn -0.0079 -0.9989 0.0472
vn -0.0236 -0.9986 0.0472
vn -0.0079 -0.9989 0.0472
vn -0.0236 -0.9986 0.0472
vn -0.3461 -0.9361 0.0629
vn -0.3853 -0.9201 0.0708
vn -0.6934 -0.7170 0.0709
vn -0.7014 -0.7093 0.0709
vn -0.0000 0.7747 -0.6324
vn -0.0000 0.9125 -0.4091
vn -0.0000 0.9125 -0.4091
vn -0.0000 0.7342 -0.6789
vn -0.0000 0.0079 -1.0000
vn -0.0000 0.0079 -1.0000
vn -0.0079 -0.7149 -0.6992
vn -0.0079 -0.7708 -0.6371
vn -0.0079 -0.8815 -0.4722
vn -0.0079 -0.8815 -0.4722
vn 0.3228 0.9449 0.0551
vn 0.2834 0.9209 0.2676
vn 0.2197 0.9182 0.3296
vn 0.2995 0.9538 -0.0236
vn 0.0629 0.9979 -0.0157
vn 0.0472 0.9989 -0.0079
vn -0.1260 0.9920 -0.0000
vn -0.1337 0.9910 -0.0000
vn -0.3162 0.9487 -0.0079
vn -0.3233 0.9463 -0.0079
vn -0.5214 0.8533 -0.0079
vn -0.5745 0.8185 -0.0000
vn -0.8440 0.5363 0.0079
vn -0.8897 0.4566 -0.0000
vn -0.9991 -0.0393 -0.0157
vn -0.9988 -0.0472 -0.0157
vn -0.6911 -0.7226 0.0157
vn -0.6370 -0.7707 0.0157
vn -0.3468 -0.9378 -0.0158
vn -0.3632 -0.9317 -0.0079
vn -0.1733 -0.9848 -0.0079
vn -0.1810 -0.9835 -0.0079
vn -0.0315 -0.9995 -0.0000
vn -0.0315 -0.9995 -0.0000
vn 0.1414 -0.9899 -0.0000
vn 0.1491 -0.9888 -0.0000
vn 0.1026 -0.9947 -0.0000
vn 0.1026 -0.9947 -0.0000
vn -0.0000 -1.0000 -0.0079
vn -0.0000 -1.0000 -0.0079
vn -0.0000 -0.9999 -0.0157
vn -0.0000 -0.9999 -0.0157
vn -0.0079 -0.9998 -0.0157
vn -0.0079 -0.9998 -0.0157
vn -0.0315 -0.9994 -0.0157
vn -0.0079 -0.7708 0.6371
vn -0.0079 -0.8815 0.4722
vn -0.0079 -0.8815 0.4722
vn -0.0079 -0.7149 0.6992
vn -0.0000 0.0079 1.0000
vn -0.0000 0.0079 1.0000
vn -0.0000 0.7342 0.6789
vn -0.0000 0.7747 0.6324
vn -0.0000 0.9125 0.4091
vn -0.0000 0.9125 0.4091
vn -0.2289 -0.9235 0.3078
vn -0.3064 -0.9113 0.2750
vn -0.1815 -0.9230 0.3392
vn -0.0079 -0.8975 0.4409
vn -0.0079 -0.8975 0.4409
vn 0.7653 0.2130 0.6075
vn 0.7252 0.1892 0.6621
vn 0.4876 0.1180 0.8651
vn 0.1413 -0.0393 0.9892
vn 0.7005 0.0866 0.7084
vn -0.0552 -0.1025 0.9932
vn 0.6291 -0.1494 0.7628
vn 0.1104 -0.0079 0.9939
vn 0.5422 -0.3536 0.7622
vn 0.0789 -0.0789 0.9938
vn 0.1336 -0.0393 0.9903
vn 0.5200 -0.4255 0.7406
vn 0.0157 0.0472 0.9988
vn 0.1895 -0.0711 0.9793
vn 0.5112 -0.4876 0.7078
vn -0.1181 0.2519 0.9605
vn 0.1895 -0.0711 0.9793
vn 0.4728 -0.5437 0.6934
vn -0.4175 0.6144 0.6695
vn -0.3934 0.6845 0.6137
vn 0.1580 -0.0079 0.9874
vn 0.4576 -0.5838 0.6706
vn -0.3378 0.7463 0.5735
vn 0.1340 0.1025 0.9857
vn 0.1579 0.0237 0.9872
vn 0.1492 0.1178 0.9818
vn 0.1885 0.0236 0.9818
vn -0.2834 0.5904 0.7557
vn 0.0393 0.1884 0.9813
vn -0.2605 0.4816 0.8368
vn -0.0000 0.1657 0.9862
vn -0.1883 0.3688 0.9102
vn -0.0632 0.0790 0.9949
vn -0.1969 0.2600 0.9453
vn -0.0866 -0.4329 0.8973
vn -0.3223 -0.3852 0.8647
vn -0.1805 -0.4710 0.8635
vn 0.9379 0.3468 0.0079
vn 0.8810 0.4720 0.0315
vn 0.8757 0.4812 0.0394
vn 0.9414 0.3373 -0.0000
vn 0.9947 0.1026 -0.0000
vn 0.9947 0.1026 -0.0000
vn 0.9563 -0.2924 0.0079
vn 0.9518 -0.3068 0.0079
vn 0.7637 -0.6456 0.0079
vn 0.7491 -0.6624 0.0079
vn 0.6285 -0.7778 0.0079
vn 0.6285 -0.7778 0.0079
vn -0.3794 0.9249 -0.0237
vn -0.2684 0.9630 0.0237
vn -0.4091 0.9125 -0.0000
vn -0.2591 0.9658 0.0079
vn -0.1337 0.9910 -0.0000
vn -0.1491 0.9888 -0.0000
vn -0.2591 0.9658 0.0079
vn 0.3930 0.9195 -0.0079
vn 0.2128 0.9771 -0.0079
vn 0.1961 0.9806 -0.0078
vn 0.3930 0.9195 -0.0079
vn 0.4721 0.8812 -0.0236
vn 0.4721 0.8812 -0.0236
vn -0.2203 -0.9754 0.0079
vn -0.3157 -0.9313 -0.1815
vn -0.2514 -0.9663 -0.0550
vn -0.2526 -0.9472 -0.1973
vn -0.2830 -0.9354 -0.2122
vn -0.2834 -0.9369 -0.2047
vn -0.2434 -0.9499 -0.1963
vn -0.2210 -0.9551 -0.1973
vn -0.2122 -0.9588 -0.1886
vn -0.1804 -0.9569 -0.2275
vn -0.1732 -0.9681 -0.1810
vn -0.1340 -0.8750 -0.4651
vn -0.1492 -0.9736 -0.1727
vn -0.0709 -0.5201 -0.8511
vn -0.0864 -0.8408 -0.5344
vn -0.0473 -0.5358 -0.8430
vn -0.1022 -0.9823 -0.1572
vn -0.0157 -0.5510 -0.8344
vn -0.0157 -0.8403 -0.5419
vn -0.0079 -0.9874 -0.1580
vn 0.1422 -0.9715 -0.1896
vn 0.0944 -0.8185 -0.5667
vn 0.0157 -0.4876 -0.8729
vn 0.4794 -0.8252 -0.2986
vn 0.0394 -0.3231 -0.9456
vn -0.0473 0.1103 -0.9928
vn -0.0947 0.1816 -0.9788
vn 0.3560 -0.6488 -0.6725
vn 0.7546 -0.5423 -0.3694
vn 0.0079 -0.1733 -0.9848
vn -0.1804 0.2588 -0.9489
vn -0.0157 -0.0157 -0.9998
vn -0.2523 0.2365 -0.9383
vn 0.5564 -0.3527 -0.7523
vn -0.0785 0.0078 -0.9969
vn -0.2528 0.2291 -0.9400
vn 0.7127 -0.0783 -0.6971
vn 0.9217 -0.1576 -0.3545
vn -0.2435 0.0864 -0.9661
vn -0.0079 -0.0079 -0.9999
vn -0.0553 -0.0711 -0.9959
vn -0.1580 -0.0158 -0.9873
vn 0.7789 0.1888 -0.5980
vn 0.9333 0.2117 -0.2902
vn -0.0157 -0.0707 -0.9974
vn 0.7643 0.3703 -0.5279
vn 0.8645 0.4480 -0.2279
vn 0.7809 0.4969 -0.3786
vn 0.8192 0.5356 -0.2048
vn 0.4578 0.2526 -0.8524
vn 0.1973 0.0553 -0.9788
vn -0.2369 -0.1263 -0.9633
vn -0.1974 -0.0474 -0.9792
vn -0.0394 0.1025 -0.9939
vn -0.0314 0.0707 -0.9970
vn -0.1973 -0.0553 -0.9788
vn -0.0315 0.0236 -0.9992
vn -0.0315 0.0000 -0.9995
vn -0.1257 0.0629 -0.9901
vn -0.0157 -0.0079 -0.9998
vn -0.0000 -0.0079 -1.0000
vn -0.8116 0.1024 -0.5752
vn -0.1491 0.1255 -0.9808
vn -0.7570 -0.3233 -0.5678
vn -0.0157 -0.0236 -0.9996
vn -0.0000 -0.0079 -1.0000
vn -0.9230 -0.3708 -0.1026
vn -0.9849 0.1497 -0.0867
vn -0.6475 -0.7580 -0.0790
vn -0.7458 0.4789 -0.4632
vn -0.8579 0.5116 -0.0472
vn -0.1494 0.2045 -0.9674
vn -0.5765 -0.6713 -0.4659
vn -0.6768 0.6453 -0.3542
vn -0.4495 0.2129 -0.8675
vn -0.7108 0.7029 -0.0237
vn -0.6871 0.7266 -0.0000
vn -0.7643 0.5437 -0.3467
vn -0.8207 0.3078 -0.4814
vn -0.9193 0.3929 -0.0236
vn -0.7778 0.6285 -0.0079
vn -0.7526 0.6585 0.0078
vn -0.9047 0.4248 0.0315
vn -0.0157 -0.0315 -0.9994
vn -0.0000 -0.0079 -1.0000
vn -0.0000 -0.0157 -0.9999
vn -0.3541 -0.8656 -0.3541
vn -0.3788 -0.9233 -0.0631
vn -0.0157 -0.0550 -0.9984
vn -0.0079 -0.0315 -0.9995
vn -0.1970 -0.9140 -0.3546
vn -0.1971 -0.9778 -0.0710
vn -0.0237 -0.0948 -0.9952
vn -0.0157 -0.0550 -0.9984
vn -0.0394 -0.2994 -0.9533
vn -0.0868 -0.9394 -0.3316
vn -0.0788 -0.9931 -0.0867
vn -0.0394 -0.9763 -0.2126
vn -0.0316 -0.9950 -0.0948
vn 0.0314 0.3766 0.9258
vn 0.0314 0.3766 0.9258
vn 0.0157 0.3768 0.9262
vn 0.0392 0.3765 0.9256
vn 0.0392 0.3765 0.9256
vn -0.1414 -0.7307 0.6679
vn -0.0865 -0.6764 0.7314
vn -0.1027 -0.6954 0.7112
vn -0.0550 -0.9111 0.4084
vn -0.0000 -0.5511 0.8345
vn -0.0237 -0.9314 0.3631
vn 0.0157 -0.5179 0.8553
vn -0.0000 -0.5215 0.8533
vn -0.0315 -0.9844 0.1732
vn -0.0237 -0.9959 -0.0869
vn -0.0316 -0.9942 -0.1026
vn -0.0709 -0.9691 -0.2364
vn -0.0078 -0.9969 -0.0785
vn -0.0392 -0.9961 -0.0784
vn -0.0157 -0.9979 -0.0629
vn -0.0315 -0.9987 -0.0393
vn 0.4266 0.7031 -0.5688
vn 0.3939 0.6539 -0.6460
vn 0.3939 0.6539 -0.6460
vn 0.4247 0.7000 -0.5741
vn 0.4504 0.7190 -0.5294
vn 0.4422 0.7185 -0.5369
vn 0.4320 0.7148 -0.5499
vn 0.4320 0.7148 -0.5499
vn 0.3711 0.6949 -0.6159
vn 0.3471 0.6864 -0.6390
vn 0.2992 0.6300 -0.7166
vn 0.2444 0.5755 -0.7804
vn 0.2278 0.5419 -0.8090
vn 0.2119 0.5257 -0.8239
vn 0.2136 0.5142 -0.8306
vn 0.2208 0.4890 -0.8439
vn 0.7252 0.1892 -0.6621
vn 0.7653 0.2130 -0.6075
vn 0.4876 0.1180 -0.8651
vn 0.1413 -0.0393 -0.9892
vn 0.7005 0.0866 -0.7084
vn -0.0552 -0.1025 -0.9932
vn 0.6291 -0.1494 -0.7628
vn 0.1104 -0.0079 -0.9939
vn 0.5422 -0.3536 -0.7622
vn 0.0789 -0.0789 -0.9938
vn 0.1336 -0.0393 -0.9903
vn 0.5200 -0.4255 -0.7406
vn 0.0157 0.0472 -0.9988
vn 0.1895 -0.0711 -0.9793
vn 0.5112 -0.4876 -0.7078
vn -0.1181 0.2519 -0.9605
vn 0.1895 -0.0711 -0.9793
vn 0.4728 -0.5437 -0.6934
vn -0.4175 0.6144 -0.6695
vn -0.3934 0.6845 -0.6137
vn 0.1580 -0.0079 -0.9874
vn 0.4576 -0.5838 -0.6706
vn -0.3378 0.7463 -0.5735
vn 0.1340 0.1025 -0.9857
vn 0.1579 0.0237 -0.9872
vn 0.1492 0.1178 -0.9818
vn 0.1885 0.0236 -0.9818
vn -0.2834 0.5904 -0.7557
vn 0.0393 0.1884 -0.9813
vn -0.2605 0.4816 -0.8368
vn -0.0000 0.1657 -0.9862
vn -0.1883 0.3688 -0.9102
vn -0.0632 0.0790 -0.9949
vn -0.1969 0.2600 -0.9453
vn -0.0866 -0.4329 -0.8973
vn -0.3223 -0.3852 -0.8647
vn -0.1805 -0.4710 -0.8635
vn 0.8810 0.4720 -0.0315
vn 0.9379 0.3468 -0.0079
vn 0.8757 0.4812 -0.0394
vn 0.9414 0.3373 -0.0000
vn 0.9947 0.1026 -0.0000
vn 0.9947 0.1026 -0.0000
vn 0.9563 -0.2924 -0.0079
vn 0.9518 -0.3068 -0.0079
vn 0.7637 -0.6456 -0.0079
vn 0.7491 -0.6624 -0.0079
vn 0.6285 -0.7778 -0.0079
vn 0.6285 -0.7778 -0.0079
vn 0.0708 0.7473 -0.6607
vn 0.0949 0.7272 -0.6798
vn 0.0949 0.7272 -0.6798
vn 0.0474 0.7738 -0.6317
vn -0.1024 0.8116 -0.5752
vn -0.1102 0.8109 -0.5747
vn -0.3077 0.7574 -0.5759
vn -0.3617 0.7156 -0.5976
vn -0.4897 0.5924 -0.6398
vn -0.5198 0.5592 -0.6458
vn -0.6390 0.0789 -0.7652
vn -0.6402 0.0474 -0.7667
vn -0.4730 -0.6070 -0.6386
vn -0.4326 -0.6607 -0.6135
vn -0.3219 -0.7536 -0.5731
vn -0.2987 -0.7625 -0.5739
vn 0.2120 -0.6831 -0.6988
vn 0.2207 -0.6778 -0.7014
vn 0.6959 -0.3400 -0.6326
vn 0.5745 -0.3148 -0.7555
vn 0.5962 -0.4471 -0.6668
vn 0.5364 -0.2998 -0.7889
vn 0.5364 -0.2998 -0.7889
vn 0.5364 -0.2998 -0.7889
vn 0.0949 0.7272 0.6798
vn 0.0708 0.7473 0.6607
vn 0.0949 0.7272 0.6798
vn 0.0474 0.7738 0.6317
vn -0.1024 0.8116 0.5752
vn -0.1102 0.8109 0.5747
vn -0.3077 0.7574 0.5759
vn -0.3617 0.7156 0.5976
vn -0.4897 0.5924 0.6398
vn -0.5198 0.5592 0.6458
vn -0.6390 0.0789 0.7652
vn -0.6402 0.0474 0.7667
vn -0.4730 -0.6070 0.6386
vn -0.4326 -0.6607 0.6135
vn -0.3219 -0.7536 0.5731
vn -0.2987 -0.7625 0.5739
vn 0.2120 -0.6831 0.6988
vn 0.2207 -0.6778 0.7014
vn 0.6959 -0.3400 0.6326
vn 0.5745 -0.3148 0.7555
vn 0.5962 -0.4471 0.6668
vn 0.5364 -0.2998 0.7889
vn 0.5364 -0.2998 0.7889
vn 0.5364 -0.2998 0.7889
vn -0.6237 0.7816 -0.0000
vn -0.2996 0.9541 -0.0000
vn -0.6585 0.7526 -0.0000
vn -0.2684 0.9633 -0.0079
vn -0.0079 1.0000 -0.0000
vn -0.0079 1.0000 -0.0000
vn 0.0157 0.9999 -0.0000
vn 0.0157 0.9999 -0.0000
vn 0.5364 0.8440 -0.0000
vn 0.5975 0.8019 -0.0000
vn -0.1337 0.9910 -0.0079
vn 0.1026 0.9947 -0.0079
vn 0.1026 0.9947 -0.0079
vn -0.1104 0.9939 -0.0079
vn -0.8730 0.4876 -0.0000
vn -0.8730 0.4876 -0.0000
vn -0.1337 0.9910 0.0079
vn -0.8730 0.4876 -0.0000
vn -0.8730 0.4876 -0.0000
vn -0.1104 0.9939 0.0079
vn 0.1026 0.9947 0.0079
vn 0.1026 0.9947 0.0079
vn -0.9999 0.0000 -0.0157
vn -0.9999 0.0000 -0.0157
vn -0.9999 0.0000 -0.0157
vn -0.9997 0.0000 -0.0236
vn -0.9999 0.0000 -0.0157
vn -0.9999 0.0000 -0.0157
vn -0.9999 0.0000 0.0157
vn -0.9999 0.0000 0.0157
vn -0.9999 0.0000 0.0157
vn -0.9997 0.0000 0.0236
vn -0.9999 0.0000 0.0157
vn -0.9999 0.0000 0.0157
vn 0.3870 -0.2606 0.8845
vn 0.4713 -0.1335 0.8718
vn 0.4474 -0.1648 0.8790
vn 0.3710 -0.2842 0.8841
vn 0.2666 -0.3607 0.8938
vn 0.2519 -0.3621 0.8974
vn 0.1263 -0.4341 0.8920
vn 0.1185 -0.4346 0.8928
vn 0.0552 -0.4809 0.8750
vn 0.0471 -0.5023 0.8634
vn 0.0316 -0.5212 0.8529
vn 0.0158 -0.5121 0.8588
vn -0.0000 -0.4876 0.8730
vn -0.0078 -0.4783 0.8782
vn -0.0395 -0.4182 0.9075
vn 0.0472 0.4404 0.8966
vn 0.0079 0.4090 0.9125
vn -0.0472 -0.3464 0.9369
vn -0.0395 -0.2609 0.9646
vn -0.0079 -0.0157 0.9998
vn 0.1103 0.5513 0.8270
vn 0.0157 0.5179 0.8553
vn -0.0315 -0.2127 0.9766
vn 0.0235 0.6748 0.7376
vn -0.0393 0.0236 0.9989
vn -0.0395 0.0947 0.9947
vn -0.0788 -0.4332 0.8979
vn -0.0552 -0.4654 0.8834
vn -0.0787 -0.4173 0.9054
vn -0.0158 -0.5121 0.8588
vn -0.0630 -0.4017 0.9136
vn 0.0628 0.0549 0.9965
vn -0.0633 -0.6089 0.7907
vn 0.1658 0.5212 0.8371
vn 0.0393 -0.0393 0.9985
vn 0.0079 -0.2518 0.9678
vn 0.2592 0.5027 0.8247
vn -0.0316 0.1026 0.9942
vn -0.0550 -0.3695 0.9276
vn -0.0472 -0.2515 0.9667
vn -0.0472 -0.3464 0.9369
vn 0.0710 0.1499 0.9861
vn 0.0789 0.1894 0.9787
vn 0.1180 0.3305 0.9364
vn -0.0157 0.0157 0.9998
vn 0.0393 0.0550 0.9977
vn 0.1805 0.3531 0.9180
vn 0.0942 0.1177 0.9886
vn 0.2051 0.3471 0.9151
vn 0.0157 0.0472 0.9988
vn 0.1178 0.1492 0.9818
vn 0.1967 0.3148 0.9286
vn 0.0393 0.0472 0.9981
vn 0.0710 0.0868 0.9937
vn 0.1260 0.1733 0.9768
vn 0.1890 0.2677 0.9448
vn 0.0864 0.1100 0.9902
vn 0.1255 0.1491 0.9808
vn 0.1970 0.2285 0.9534
vn 0.0948 0.1264 0.9874
vn 0.1576 0.1419 0.9773
vn 0.2120 0.1492 0.9658
vn 0.0942 0.1099 0.9895
vn 0.1814 0.1025 0.9780
vn 0.1807 0.0550 0.9820
vn 0.1337 -0.0236 0.9907
vn 0.1413 -0.0471 0.9889
vn 0.0865 -0.1651 0.9825
vn 0.0393 -0.2201 0.9747
vn -0.0235 -0.3372 0.9411
vn -0.0236 -0.2591 0.9656
vn -0.1025 -0.4258 0.8990
vn -0.0394 -0.2442 0.9689
vn -0.1336 -0.4243 0.8956
vn -0.0395 -0.1975 0.9795
vn -0.1571 -0.4163 0.8955
vn -0.0632 -0.1896 0.9798
vn -0.1895 -0.4264 0.8844
vn -0.0944 -0.1968 0.9759
vn -0.1882 -0.4548 0.8705
vn -0.1023 -0.2283 0.9682
vn -0.1653 -0.4723 0.8658
vn 0.0079 0.1414 0.9899
vn -0.0315 0.1809 0.9830
vn 0.0394 0.2442 0.9689
vn -0.0790 -0.2213 0.9720
vn -0.1340 -0.4651 0.8750
vn -0.1258 -0.4562 0.8809
vn -0.0786 -0.2436 0.9667
vn 0.0550 0.3063 0.9503
vn -0.1099 -0.4476 0.8874
vn -0.0632 -0.2606 0.9634
vn 0.0709 0.3390 0.9381
vn -0.0785 -0.4395 0.8948
vn -0.0315 -0.2127 0.9766
vn -0.0631 -0.3788 0.9233
vn -0.0157 -0.0785 0.9968
vn 0.0631 0.3392 0.9386
vn 0.0552 0.3393 0.9390
vn -0.0394 -0.2126 0.9763
vn 0.0472 0.3464 0.9369
vn -0.0394 -0.2051 0.9780
vn 0.0472 0.3464 0.9369
vn -0.0631 -0.3392 0.9386
vn -0.0000 0.0315 0.9995
vn -0.0550 -0.3299 0.9424
vn -0.0079 0.0393 0.9992
vn -0.0079 0.0315 0.9995
vn -0.0079 0.0393 0.9992
vn 0.4713 -0.1335 -0.8718
vn 0.3870 -0.2606 -0.8845
vn 0.4474 -0.1648 -0.8790
vn 0.3710 -0.2842 -0.8841
vn 0.2666 -0.3607 -0.8938
vn 0.2519 -0.3621 -0.8974
vn 0.1263 -0.4341 -0.8920
vn 0.1185 -0.4346 -0.8928
vn 0.0552 -0.4809 -0.8750
vn 0.0471 -0.5023 -0.8634
vn 0.0316 -0.5212 -0.8529
vn 0.0158 -0.5121 -0.8588
vn -0.0000 -0.4876 -0.8730
vn -0.0078 -0.4783 -0.8782
vn -0.0395 -0.4182 -0.9075
vn 0.0472 0.4404 -0.8966
vn 0.0079 0.4090 -0.9125
vn -0.0472 -0.3464 -0.9369
vn -0.0395 -0.2609 -0.9646
vn -0.0079 -0.0157 -0.9998
vn 0.1103 0.5513 -0.8270
vn 0.0157 0.5179 -0.8553
vn -0.0315 -0.2127 -0.9766
vn 0.0235 0.6748 -0.7376
vn -0.0393 0.0236 -0.9989
vn -0.0395 0.0947 -0.9947
vn -0.0788 -0.4332 -0.8979
vn -0.0552 -0.4654 -0.8834
vn -0.0787 -0.4173 -0.9054
vn -0.0158 -0.5121 -0.8588
vn -0.0630 -0.4017 -0.9136
vn 0.0628 0.0549 -0.9965
vn -0.0633 -0.6089 -0.7907
vn 0.1658 0.5212 -0.8371
vn 0.0393 -0.0393 -0.9985
vn 0.0079 -0.2518 -0.9678
vn 0.2592 0.5027 -0.8247
vn -0.0316 0.1026 -0.9942
vn -0.0550 -0.3695 -0.9276
vn -0.0472 -0.2515 -0.9667
vn -0.0472 -0.3464 -0.9369
vn 0.0710 0.1499 -0.9861
vn 0.1180 0.3305 -0.9364
vn 0.0789 0.1894 -0.9787
vn -0.0157 0.0157 -0.9998
vn 0.0393 0.0550 -0.9977
vn 0.1805 0.3531 -0.9180
vn 0.0942 0.1177 -0.9886
vn 0.2051 0.3471 -0.9151
vn 0.0157 0.0472 -0.9988
vn 0.1178 0.1492 -0.9818
vn 0.1967 0.3148 -0.9286
vn 0.0393 0.0472 -0.9981
vn 0.0710 0.0868 -0.9937
vn 0.1260 0.1733 -0.9768
vn 0.1890 0.2677 -0.9448
vn 0.0864 0.1100 -0.9902
vn 0.1255 0.1491 -0.9808
vn 0.1970 0.2285 -0.9534
vn 0.0948 0.1264 -0.9874
vn 0.1576 0.1419 -0.9773
vn 0.2120 0.1492 -0.9658
vn 0.0942 0.1099 -0.9895
vn 0.1814 0.1025 -0.9780
vn 0.1807 0.0550 -0.9820
vn 0.1337 -0.0236 -0.9907
vn 0.1413 -0.0471 -0.9889
vn 0.0865 -0.1651 -0.9825
vn 0.0393 -0.2201 -0.9747
vn -0.0235 -0.3372 -0.9411
vn -0.0236 -0.2591 -0.9656
vn -0.1025 -0.4258 -0.8990
vn -0.0394 -0.2442 -0.9689
vn -0.1336 -0.4243 -0.8956
vn -0.0395 -0.1975 -0.9795
vn -0.1571 -0.4163 -0.8955
vn -0.0632 -0.1896 -0.9798
vn -0.1895 -0.4264 -0.8844
vn -0.0944 -0.1968 -0.9759
vn -0.1882 -0.4548 -0.8705
vn -0.1023 -0.2283 -0.9682
vn -0.1653 -0.4723 -0.8658
vn 0.0079 0.1414 -0.9899
vn -0.0315 0.1809 -0.9830
vn 0.0394 0.2442 -0.9689
vn -0.0790 -0.2213 -0.9720
vn -0.1340 -0.4651 -0.8750
vn -0.1258 -0.4562 -0.8809
vn -0.0786 -0.2436 -0.9667
vn 0.0550 0.3063 -0.9503
vn -0.1099 -0.4476 -0.8874
vn -0.0632 -0.2606 -0.9634
vn 0.0709 0.3390 -0.9381
vn -0.0785 -0.4395 -0.8948
vn -0.0315 -0.2127 -0.9766
vn -0.0631 -0.3788 -0.9233
vn -0.0157 -0.0785 -0.9968
vn 0.0631 0.3392 -0.9386
vn 0.0552 0.3393 -0.9390
vn -0.0394 -0.2126 -0.9763
vn 0.0472 0.3464 -0.9369
vn -0.0394 -0.2051 -0.9780
vn 0.0472 0.3464 -0.9369
vn -0.0631 -0.3392 -0.9386
vn -0.0000 0.0315 -0.9995
vn -0.0550 -0.3299 -0.9424
vn -0.0079 0.0393 -0.9992
vn -0.0079 0.0315 -0.9995
vn -0.0079 0.0393 -0.9992
vn -0.9481 -0.2844 0.1422
vn -0.7660 -0.6318 0.1185
vn -0.2676 -0.0787 0.9603
vn -0.2606 -0.2211 0.9398
vn 0.1337 -0.0079 0.9910
vn -0.6511 -0.7531 0.0941
vn 0.1961 -0.0157 0.9805
vn 0.8729 -0.0157 0.4876
vn 0.8630 -0.0549 0.5021
vn -0.2676 -0.2834 0.9209
vn -0.9088 -0.3951 0.1343
vn 0.2365 -0.0631 0.9696
vn 0.8205 -0.1972 0.5365
vn -0.3626 -0.1340 0.9223
vn -0.9795 0.1343 0.1501
vn 0.3075 -0.1577 0.9384
vn 0.7411 -0.3706 0.5598
vn 0.3545 -0.2600 0.8982
vn 0.6934 -0.4728 0.5437
vn -0.4957 0.0708 0.8656
vn 0.4016 -0.4252 0.8111
vn 0.6129 -0.5893 0.5264
vn 0.5208 -0.5997 0.6076
vn -0.5973 0.3301 0.7309
vn -0.8202 0.5521 0.1498
vn 0.3149 -0.4802 0.8187
vn -0.5986 0.4017 0.6931
vn -0.6548 0.7337 0.1815
vn 0.1339 -0.4806 0.8667
vn 0.3385 -0.5274 0.7793
vn -0.2441 -0.5434 0.8032
vn -0.6273 0.4156 0.6586
vn -0.6675 0.3298 0.6675
vn -0.9481 -0.2844 -0.1422
vn -0.2676 -0.0787 -0.9603
vn -0.7660 -0.6318 -0.1185
vn -0.2606 -0.2211 -0.9398
vn 0.1337 -0.0079 -0.9910
vn -0.6511 -0.7531 -0.0941
vn 0.1961 -0.0157 -0.9805
vn 0.8729 -0.0157 -0.4876
vn 0.8630 -0.0549 -0.5021
vn -0.2676 -0.2834 -0.9209
vn -0.9088 -0.3951 -0.1343
vn 0.2365 -0.0631 -0.9696
vn 0.8205 -0.1972 -0.5365
vn -0.3626 -0.1340 -0.9223
vn -0.9795 0.1343 -0.1501
vn 0.3075 -0.1577 -0.9384
vn 0.7411 -0.3706 -0.5598
vn 0.3545 -0.2600 -0.8982
vn 0.6934 -0.4728 -0.5437
vn -0.4957 0.0708 -0.8656
vn 0.4016 -0.4252 -0.8111
vn 0.6129 -0.5893 -0.5264
vn 0.5208 -0.5997 -0.6076
vn -0.5973 0.3301 -0.7309
vn -0.8202 0.5521 -0.1498
vn 0.3149 -0.4802 -0.8187
vn -0.5986 0.4017 -0.6931
vn -0.6548 0.7337 -0.1815
vn 0.1339 -0.4806 -0.8667
vn 0.3385 -0.5274 -0.7793
vn -0.2441 -0.5434 -0.8032
vn -0.6273 0.4156 -0.6586
vn -0.6675 0.3298 -0.6675
vn -0.4874 -0.3459 0.8018
vn -0.0864 -0.1100 0.9902
vn -0.0865 -0.1022 0.9910
vn -0.4946 -0.3376 0.8008
vn -0.8278 -0.5282 0.1892
vn -0.0947 -0.1342 0.9864
vn -0.8415 -0.5033 0.1966
vn -0.4874 -0.3459 -0.8018
vn -0.0865 -0.1022 -0.9910
vn -0.0864 -0.1100 -0.9902
vn -0.4946 -0.3376 -0.8008
vn -0.8278 -0.5282 -0.1892
vn -0.0947 -0.1342 -0.9864
vn -0.8415 -0.5033 -0.1966
vn -0.1028 0.4033 0.9093
vn -0.2444 0.4493 0.8593
vn -0.4317 0.7693 0.4710
vn -0.2124 0.7789 0.5901
vn -0.0549 0.7766 0.6276
vn -0.2902 0.9333 0.2117
vn -0.0551 0.9834 0.1731
vn -0.0551 0.2124 0.9756
vn -0.0315 0.2127 0.9766
vn -0.1492 0.2120 0.9658
vn 0.0474 0.8371 0.5449
vn 0.1186 0.9803 0.1581
vn 0.3228 0.9290 0.1811
vn -0.1261 0.2443 0.9615
vn -0.0157 0.7377 0.6749
vn 0.1263 0.8841 0.4499
vn -0.1179 0.2279 0.9665
vn -0.2684 -0.2448 0.9317
vn -0.3533 0.0471 0.9343
vn -0.1804 -0.5255 0.8314
vn -0.2688 0.1660 0.9488
vn -0.3845 0.2825 0.8788
vn -0.0786 0.2987 0.9511
vn -0.0865 -0.7238 0.6845
vn -0.2445 0.1183 0.9624
vn -0.3635 0.5294 0.7665
vn -0.0393 0.3697 0.9283
vn -0.0000 -0.8019 0.5975
vn 0.1337 -0.8491 0.5110
vn -0.0315 0.7488 0.6621
vn -0.0473 0.4811 0.8754
vn -0.0944 0.5667 0.8185
vn -0.0631 0.7174 0.6938
vn -0.0943 0.6677 0.7384
vn -0.1263 0.5208 0.8443
vn -0.1419 0.6383 0.7566
vn -0.0949 0.7750 0.6248
vn -0.1650 0.5028 0.8485
vn -0.1812 0.6381 0.7484
vn -0.1417 0.7637 0.6298
vn -0.1808 0.7626 0.6211
vn -0.2350 0.6345 0.7363
vn -0.2358 0.4872 0.8409
vn -0.2519 0.7479 0.6141
vn -0.3062 0.6202 0.7222
vn -0.0550 0.0550 0.9970
vn -0.0157 -0.3067 0.9517
vn -0.0000 -0.1580 0.9874
vn -0.0630 -0.5353 0.8423
vn -0.0079 -0.5975 0.8019
vn 0.0236 -0.0315 0.9992
vn -0.2203 0.1731 0.9599
vn -0.2593 0.7464 0.6129
vn -0.1892 0.1971 0.9619
vn -0.1263 0.8759 0.4656
vn -0.0709 -0.5201 0.8511
vn -0.1886 0.1729 0.9667
vn 0.0788 0.9457 0.3152
vn -0.1971 -0.6230 0.7570
vn -0.2514 0.1336 0.9586
vn 0.3161 0.9403 0.1264
vn -0.3455 0.1492 0.9265
vn -0.3311 -0.4808 0.8119
vn -0.4179 -0.0552 0.9068
vn -0.3769 0.2905 0.8795
vn -0.1264 -0.9320 0.3396
vn -0.1897 -0.9487 0.2530
vn -0.0942 -0.9183 0.3846
vn -0.2765 -0.9479 0.1580
vn -0.0553 -0.8610 0.5056
vn -0.0865 -0.9048 0.4170
vn -0.0474 -0.7982 0.6006
vn -0.0787 -0.9054 0.4173
vn -0.0630 -0.7801 0.6225
vn 0.1419 -0.9147 0.3785
vn 0.1498 -0.8358 0.5283
vn 0.3157 -0.9077 0.2763
vn 0.1493 -0.6206 0.7698
vn 0.2834 -0.8346 0.4724
vn 0.0631 -0.4337 0.8989
vn 0.1495 -0.5665 0.8104
vn 0.1025 -0.4098 0.9064
vn 0.0790 -0.5530 0.8295
vn 0.0869 -0.8535 0.5137
vn 0.0865 -0.9597 0.2675
vn 0.0865 -0.3618 0.9282
vn -0.0315 -0.8493 0.5269
vn -0.0471 -0.9580 0.2827
vn 0.0157 -0.4722 0.8814
vn -0.1415 -0.8332 0.5345
vn -0.1811 -0.9369 0.2992
vn -0.5037 -0.7949 0.3384
vn 0.0236 -0.3929 0.9193
vn 0.0945 -0.2599 0.9610
vn 0.0550 0.0000 0.9985
vn 0.0474 0.0790 0.9957
vn 0.0393 0.1808 0.9827
vn 0.1500 0.3079 0.9395
vn 0.2368 -0.0395 0.9708
vn 0.0864 0.6599 0.7463
vn 0.4254 0.6854 0.5909
vn 0.6449 -0.1180 0.7551
vn 0.1573 -0.1573 0.9750
vn 0.0314 0.9191 0.3928
vn 0.1183 -0.2129 0.9699
vn 0.1655 0.3703 0.9140
vn -0.0316 -0.3397 0.9400
vn 0.1502 0.0395 0.9879
vn -0.3557 -0.7352 0.5771
vn 0.0314 -0.1414 0.9895
vn -0.0631 -0.3156 0.9468
vn -0.6614 -0.4724 0.5826
vn -0.8357 -0.3469 0.4257
vn 0.0630 -0.5823 0.8105
vn 0.0236 -0.6369 0.7706
vn 0.0868 -0.6470 0.7575
vn 0.4949 -0.6914 0.5264
vn 0.4397 -0.7223 0.5339
vn 0.4246 -0.8334 0.3538
vn 0.1179 -0.3931 0.9119
vn 0.3686 -0.8235 0.4313
vn 0.2288 -0.9311 0.2841
vn 0.0315 -0.1104 0.9934
vn 0.1888 -0.5663 0.8023
vn 0.2120 -0.8950 0.3925
vn 0.1178 -0.5417 0.8322
vn 0.0236 0.1733 0.9846
vn 0.0314 -0.2276 0.9732
vn 0.0708 -0.6135 0.7865
vn 0.0867 -0.9217 0.3781
vn 0.0945 -0.9610 0.2599
vn 0.0395 -0.6866 0.7260
vn 0.0474 -0.9241 0.3791
vn 0.0471 -0.9648 0.2588
vn 0.0157 -0.3067 0.9517
vn 0.0079 0.1337 0.9910
vn 0.0079 0.1104 0.9939
vn -0.0000 0.5692 0.8222
vn -0.0000 0.5655 0.8247
vn 0.0079 0.5745 0.8185
vn -0.0000 0.8815 0.4722
vn -0.0000 0.8764 0.4816
vn -0.0079 0.9737 0.2277
vn -0.0000 0.9787 0.2052
vn -0.0000 0.9787 0.2052
vn -0.0000 0.8815 0.4722
vn 0.3238 0.9160 0.2369
vn 0.2278 0.8090 0.5419
vn 0.1572 0.9590 0.2358
vn 0.1807 0.4399 0.8797
vn 0.1813 0.8748 0.4492
vn 0.0236 0.9610 0.2757
vn 0.1099 0.7769 0.6200
vn 0.4790 0.7852 0.3926
vn -0.2444 0.4493 -0.8593
vn -0.1028 0.4033 -0.9093
vn -0.4317 0.7693 -0.4710
vn -0.2124 0.7789 -0.5901
vn -0.0549 0.7766 -0.6276
vn -0.2902 0.9333 -0.2117
vn -0.0551 0.9834 -0.1731
vn -0.0551 0.2124 -0.9756
vn -0.0315 0.2127 -0.9766
vn -0.1492 0.2120 -0.9658
vn 0.0474 0.8371 -0.5449
vn 0.1186 0.9803 -0.1581
vn 0.3228 0.9290 -0.1811
vn -0.1261 0.2443 -0.9615
vn -0.0157 0.7377 -0.6749
vn 0.1263 0.8841 -0.4499
vn -0.1179 0.2279 -0.9665
vn -0.2684 -0.2448 -0.9317
vn -0.3533 0.0471 -0.9343
vn -0.1804 -0.5255 -0.8314
vn -0.2688 0.1660 -0.9488
vn -0.3845 0.2825 -0.8788
vn -0.0786 0.2987 -0.9511
vn -0.0865 -0.7238 -0.6845
vn -0.0393 0.3697 -0.9283
vn -0.0000 -0.8019 -0.5975
vn 0.1337 -0.8491 -0.5110
vn -0.0315 0.7488 -0.6621
vn -0.0473 0.4811 -0.8754
vn -0.0944 0.5667 -0.8185
vn -0.0631 0.7174 -0.6938
vn -0.0943 0.6677 -0.7384
vn -0.1263 0.5208 -0.8443
vn -0.1419 0.6383 -0.7566
vn -0.0949 0.7750 -0.6248
vn -0.1650 0.5028 -0.8485
vn -0.1812 0.6381 -0.7484
vn -0.1417 0.7637 -0.6298
vn -0.1808 0.7626 -0.6211
vn -0.2350 0.6345 -0.7363
vn -0.2358 0.4872 -0.8409
vn -0.2519 0.7479 -0.6141
vn -0.3062 0.6202 -0.7222
vn -0.0550 0.0550 -0.9970
vn -0.2445 0.1183 -0.9624
vn -0.3635 0.5294 -0.7665
vn -0.0000 -0.1580 -0.9874
vn -0.2203 0.1731 -0.9599
vn -0.2593 0.7464 -0.6129
vn -0.0157 -0.3067 -0.9517
vn -0.0630 -0.5353 -0.8423
vn -0.1892 0.1971 -0.9619
vn -0.1263 0.8759 -0.4656
vn -0.0709 -0.5201 -0.8511
vn -0.1886 0.1729 -0.9667
vn 0.0788 0.9457 -0.3152
vn -0.1971 -0.6230 -0.7570
vn -0.2514 0.1336 -0.9586
vn 0.3161 0.9403 -0.1264
vn -0.3455 0.1492 -0.9265
vn -0.3311 -0.4808 -0.8119
vn -0.4179 -0.0552 -0.9068
vn -0.3769 0.2905 -0.8795
vn -0.1264 -0.9320 -0.3396
vn -0.1897 -0.9487 -0.2530
vn -0.0942 -0.9183 -0.3846
vn -0.2765 -0.9479 -0.1580
vn -0.0553 -0.8610 -0.5056
vn -0.0865 -0.9048 -0.4170
vn -0.3939 0.2285 -0.8903
vn -0.2904 -0.9496 -0.1177
vn -0.3778 0.2833 -0.8815
vn -0.0474 -0.7982 -0.6006
vn -0.0787 -0.9054 -0.4173
vn -0.0630 -0.7801 -0.6225
vn 0.1419 -0.9147 -0.3785
vn -0.0079 -0.5975 -0.8019
vn 0.1498 -0.8358 -0.5283
vn 0.3157 -0.9077 -0.2763
vn 0.2834 -0.8346 -0.4724
vn 0.1493 -0.6206 -0.7698
vn 0.0631 -0.4337 -0.8989
vn 0.0869 -0.8535 -0.5137
vn 0.0865 -0.9597 -0.2675
vn 0.1495 -0.5665 -0.8104
vn 0.0790 -0.5530 -0.8295
vn 0.1025 -0.4098 -0.9064
vn 0.0236 -0.0315 -0.9992
vn 0.0865 -0.3618 -0.9282
vn 0.0393 0.1808 -0.9827
vn 0.0550 0.0000 -0.9985
vn 0.2368 -0.0395 -0.9708
vn 0.1500 0.3079 -0.9395
vn 0.0474 0.0790 -0.9957
vn 0.0157 -0.4722 -0.8814
vn 0.0945 -0.2599 -0.9610
vn -0.0315 -0.8493 -0.5269
vn -0.0471 -0.9580 -0.2827
vn 0.0236 -0.3929 -0.9193
vn -0.1415 -0.8332 -0.5345
vn -0.1811 -0.9369 -0.2992
vn -0.5037 -0.7949 -0.3384
vn -0.0316 -0.3397 -0.9400
vn -0.3557 -0.7352 -0.5771
vn -0.6614 -0.4724 -0.5826
vn -0.8357 -0.3469 -0.4257
vn -0.0631 -0.3156 -0.9468
vn 0.1183 -0.2129 -0.9699
vn 0.0314 -0.1414 -0.9895
vn 0.0630 -0.5823 -0.8105
vn 0.0236 -0.6369 -0.7706
vn 0.0868 -0.6470 -0.7575
vn 0.4949 -0.6914 -0.5264
vn 0.4397 -0.7223 -0.5339
vn 0.4246 -0.8334 -0.3538
vn 0.1179 -0.3931 -0.9119
vn 0.3686 -0.8235 -0.4313
vn 0.2288 -0.9311 -0.2841
vn 0.1888 -0.5663 -0.8023
vn 0.2120 -0.8950 -0.3925
vn 0.0315 -0.1104 -0.9934
vn 0.1178 -0.5417 -0.8322
vn 0.0867 -0.9217 -0.3781
vn 0.0945 -0.9610 -0.2599
vn 0.0708 -0.6135 -0.7865
vn 0.0474 -0.9241 -0.3791
vn 0.0471 -0.9648 -0.2588
vn 0.0395 -0.6866 -0.7260
vn 0.0314 -0.2276 -0.9732
vn 0.0157 -0.3067 -0.9517
vn 0.0236 0.1733 -0.9846
vn 0.0079 0.1337 -0.9910
vn 0.0079 0.1104 -0.9939
vn -0.0000 0.5692 -0.8222
vn -0.0000 0.5655 -0.8247
vn 0.1502 0.0395 -0.9879
vn -0.0000 0.8815 -0.4722
vn -0.0000 0.8764 -0.4816
vn -0.0079 0.9737 -0.2277
vn -0.0000 0.9787 -0.2052
vn 0.0079 0.5745 -0.8185
vn -0.0000 0.8815 -0.4722
vn -0.0000 0.9787 -0.2052
vn 0.3238 0.9160 -0.2369
vn 0.2278 0.8090 -0.5419
vn 0.1572 0.9590 -0.2358
vn 0.1807 0.4399 -0.8797
vn 0.1813 0.8748 -0.4492
vn 0.0236 0.9610 -0.2757
vn 0.1099 0.7769 -0.6200
vn 0.0314 0.9191 -0.3928
vn 0.1655 0.3703 -0.9140
vn 0.4790 0.7852 -0.3926
vn 0.1573 -0.1573 -0.9750
vn 0.0864 0.6599 -0.7463
vn 0.4254 0.6854 -0.5909
vn 0.6449 -0.1180 -0.7551
vn 0.4161 0.4161 0.8086
vn 0.6230 0.6230 0.4731
vn 0.2606 0.3870 0.8845
vn 0.1258 0.4717 0.8727
vn 0.0707 0.1257 0.9896
vn 0.0079 0.1337 0.9910
vn 0.1260 0.5593 0.8193
vn 0.0078 0.1491 0.9888
vn 0.0394 0.2051 0.9780
vn 0.1335 0.5731 0.8086
vn -0.0551 0.2753 0.9598
vn -0.1572 -0.4322 0.8880
vn -0.0788 0.5438 0.8355
vn -0.3461 0.5113 0.7866
vn -0.2606 0.2527 0.9318
vn -0.3939 0.5751 0.7170
vn -0.0630 -0.5590 0.8267
vn -0.2364 0.1418 0.9613
vn -0.3470 0.6940 0.6309
vn -0.1884 0.1805 0.9654
vn -0.3059 0.7295 0.6118
vn -0.2372 0.7985 0.5534
vn -0.8567 -0.0707 0.5109
vn -0.3219 0.2591 0.9107
vn 0.0552 0.6779 0.7331
vn -0.8476 -0.2119 0.4866
vn -0.5537 -0.2057 0.8069
vn -0.8718 -0.4713 0.1335
vn -0.9290 -0.3385 0.1496
vn -0.9503 -0.2592 0.1728
vn -0.1103 -0.3072 0.9452
vn -0.1185 -0.3633 0.9241
vn -0.1027 -0.2764 0.9555
vn -0.0315 0.0236 0.9992
vn 0.0788 0.4490 0.8901
vn -0.1258 -0.4717 0.8727
vn -0.0314 -0.0472 0.9984
vn 0.0785 0.4395 0.8948
vn -0.1498 -0.5521 0.8202
vn 0.0785 0.4552 0.8869
vn -0.0393 -0.0550 0.9977
vn -0.0631 -0.0868 0.9942
vn -0.1659 -0.5687 0.8057
vn 0.0707 0.4555 0.8874
vn -0.0706 -0.0471 0.9964
vn -0.2127 -0.5988 0.7721
vn 0.0395 0.4500 0.8921
vn -0.1491 -0.1255 0.9808
vn -0.0000 0.4628 0.8864
vn -0.2440 -0.5981 0.7634
vn -0.0785 0.4708 0.8788
vn -0.2204 -0.1181 0.9682
vn -0.2121 0.4713 0.8561
vn -0.2985 -0.5420 0.7856
vn -0.2998 -0.4733 0.8283
vn -0.1659 -0.4188 0.8928
vn -0.3548 -0.4494 0.8199
vn -0.4970 -0.5207 0.6942
vn -0.6064 -0.4411 0.6616
vn -0.1340 0.1655 0.9771
vn -0.3710 -0.3078 0.8761
vn -0.7075 -0.2516 0.6604
vn -0.0631 -0.3156 0.9468
vn 0.0788 -0.3152 0.9457
vn 0.2121 -0.2278 0.9503
vn 0.0394 -0.4812 0.8757
vn -0.0474 -0.3395 0.9394
vn 0.0395 -0.1579 0.9867
vn 0.3861 0.0315 0.9219
vn 0.5120 0.1654 0.8429
vn -0.3148 0.6138 0.7240
vn -0.2751 0.7938 0.5423
vn -0.2444 0.8593 0.4493
vn -0.2052 0.5681 0.7970
vn -0.2441 0.5434 0.8032
vn -0.2282 0.5273 0.8185
vn -0.2676 0.5667 0.7792
vn -0.2286 0.5124 0.8277
vn -0.1736 0.4499 0.8761
vn -0.3939 0.6460 0.6539
vn -0.2361 0.5588 0.7950
vn -0.1415 0.5582 0.8176
vn -0.5130 0.7261 0.4578
vn -0.2369 0.6948 0.6790
vn -0.1261 0.7015 0.7015
vn -0.2282 0.8185 0.5273
vn -0.6709 0.7103 0.2131
vn -0.1496 0.8506 0.5041
vn 0.1810 0.0000 0.9835
vn 0.7013 0.1655 0.6934
vn -0.3076 -0.1972 0.9308
vn 0.2591 0.0079 0.9658
vn -0.2047 -0.0709 0.9763
vn -0.6532 0.4643 0.5981
vn -0.0863 -0.0078 0.9962
vn -0.1337 0.8022 0.5820
vn 0.1265 0.7830 0.6090
vn -0.0393 0.0157 0.9991
vn 0.1967 0.7710 0.6058
vn -0.0236 0.0157 0.9996
vn 0.2283 0.7556 0.6139
vn -0.0315 -0.0236 0.9992
vn -0.1178 -0.3140 0.9421
vn -0.1260 -0.3466 0.9295
vn 0.1968 0.7165 0.6692
vn -0.0157 0.0629 0.9979
vn 0.1577 0.7177 0.6783
vn -0.3226 -0.4170 0.8497
vn -0.2277 -0.2748 0.9342
vn 0.1181 0.7478 0.6533
vn -0.2122 -0.2830 0.9354
vn 0.0079 0.6871 0.7266
vn -0.4403 -0.5425 0.7154
vn -0.2526 -0.1973 0.9472
vn -0.3614 -0.7227 0.5892
vn -0.3869 -0.6238 0.6791
vn -0.5655 -0.6284 0.5341
vn -0.4957 -0.7238 0.4799
vn -0.4405 -0.7866 0.4326
vn -0.3467 -0.7958 0.4964
vn -0.4016 -0.8268 0.3937
vn -0.3225 -0.8574 0.4012
vn -0.3309 -0.8745 0.3545
vn -0.3863 -0.3548 0.8514
vn -0.4479 0.1964 0.8722
vn -0.5042 -0.6146 0.6067
vn -0.6210 -0.5581 0.5503
vn -0.6911 -0.2356 0.6833
vn -0.7202 -0.3007 0.6252
vn 0.0158 0.6789 0.7341
vn 0.0705 0.6975 0.7131
vn -0.0237 0.9079 0.4184
vn -0.0158 0.6789 0.7341
vn -0.0474 0.9394 0.3395
vn -0.0394 0.9456 0.3231
vn -0.0237 0.6705 0.7415
vn -0.0235 0.9411 0.3372
vn -0.0472 0.9686 -0.2441
vn -0.0158 0.9632 -0.2684
vn 0.0314 0.9490 -0.3137
vn -0.0000 0.9263 0.3768
vn -0.0236 0.6369 0.7706
vn 0.0789 0.9314 -0.3552
vn 0.0237 0.9152 0.4024
vn -0.0157 0.5974 0.8018
vn 0.0236 0.8586 0.5120
vn -0.0079 0.5745 0.8185
vn -0.3223 0.9276 -0.1887
vn -0.2989 0.9517 0.0708
vn -0.3848 0.9109 -0.1492
vn -0.1022 0.8179 0.5662
vn -0.2918 0.9226 0.2523
vn -0.1648 0.9179 0.3609
vn -0.3607 0.9252 -0.1176
vn -0.2197 0.9730 0.0706
vn -0.9605 -0.2441 0.1338
vn -0.9867 -0.1579 0.0395
vn -0.9730 -0.2276 0.0392
vn -0.9771 -0.1655 0.1340
vn -0.9944 0.0947 0.0474
vn -0.8645 -0.2279 0.4480
vn -0.9902 0.0864 0.1100
vn -0.9124 0.4090 0.0157
vn -0.8827 -0.1813 0.4335
vn -0.7603 -0.1960 0.6193
vn -0.7603 -0.1960 0.6193
vn -0.9818 0.0943 0.1649
vn -0.9147 0.4022 0.0394
vn -0.8010 0.5968 -0.0471
vn -0.9238 0.3790 0.0553
vn -0.8105 0.5823 -0.0630
vn -0.7622 0.6443 -0.0629
vn -0.8258 0.5584 -0.0786
vn -0.7635 0.6376 -0.1023
vn -0.7324 0.6772 -0.0709
vn -0.7637 0.6298 -0.1417
vn -0.7336 0.6705 -0.1104
vn -0.1968 -0.8503 0.4881
vn -0.6935 -0.7093 0.1261
vn -0.7013 -0.6934 0.1655
vn -0.4024 -0.7179 0.5680
vn -0.5990 -0.7960 0.0867
vn 0.6787 -0.3472 0.6471
vn 0.9848 -0.1733 0.0079
vn 0.4815 -0.8761 0.0237
vn 0.9743 -0.1964 0.1100
vn 0.6410 -0.7676 -0.0000
vn 0.0079 -0.9899 0.1414
vn -0.3862 -0.9221 0.0236
vn -0.3930 -0.9195 -0.0079
vn 0.0157 -0.8184 0.5744
vn -0.2827 -0.9580 0.0471
vn -0.3139 -0.9495 -0.0000
vn -0.3228 -0.9055 0.2756
vn -0.1738 -0.9243 0.3397
vn -0.2602 -0.8280 0.4968
vn -0.3472 -0.8048 0.4813
vn -0.1100 -0.8330 0.5422
vn -0.3607 -0.6901 0.6274
vn -0.2518 -0.8576 0.4485
vn -0.1728 -0.7775 0.6047
vn 0.0393 -0.3697 0.9283
vn 0.2043 -0.3143 0.9271
vn -0.0315 -0.2127 0.9766
vn -0.3313 -0.5836 0.7414
vn 0.0472 -0.1731 0.9838
vn -0.4261 -0.7102 0.5603
vn -0.3851 -0.7467 0.5423
vn -0.4643 -0.8814 0.0866
vn -0.0158 -0.1182 0.9929
vn -0.2906 -0.7776 0.5576
vn -0.3475 -0.9320 0.1027
vn -0.0315 -0.1104 0.9934
vn -0.2598 -0.5118 0.8189
vn -0.0236 -0.1414 0.9897
vn -0.1338 -0.7715 0.6220
vn -0.1580 -0.9793 0.1264
vn -0.0237 -0.0948 0.9952
vn -0.1806 -0.4555 0.8717
vn -0.0078 -0.1491 0.9888
vn -0.0316 -0.0869 0.9957
vn -0.1340 -0.4178 0.8986
vn -0.0395 -0.0869 0.9954
vn -0.0947 -0.4102 0.9071
vn 0.0237 -0.1026 0.9944
vn -0.0158 -0.1733 0.9847
vn -0.0236 -0.4249 0.9049
vn 0.0393 -0.6987 0.7144
vn 0.0949 -0.9802 0.1739
vn 0.0708 -0.1653 0.9837
vn 0.2202 -0.5978 0.7708
vn 0.4027 -0.9002 0.1658
vn 0.0628 -0.1334 0.9891
vn 0.1265 -0.5773 0.8067
vn 0.1022 -0.9751 0.1966
vn -0.0236 -0.5120 0.8586
vn -0.1179 -0.9749 0.1887
vn -0.0789 -0.1421 0.9867
vn -0.0079 -0.5975 0.8019
vn 0.3000 -0.9394 0.1658
vn -0.1419 0.2917 0.9459
vn -0.0943 -0.6759 0.7309
vn 0.4474 -0.8790 0.1648
vn -0.3077 -0.0947 0.9468
vn -0.4631 0.3453 0.8163
vn 0.0237 -0.3232 0.9460
vn 0.0550 -0.4715 0.8801
vn -0.2132 -0.3396 0.9161
vn -0.1420 -0.5761 0.8049
vn -0.6054 -0.3145 0.7312
vn -0.3788 -0.7181 0.5839
vn -0.7147 0.4006 0.5733
vn -0.8084 -0.1648 0.5651
vn -0.2826 -0.8400 0.4632
vn -0.8274 -0.3152 0.4649
vn -0.6368 0.0314 0.7704
vn -0.8283 0.4575 0.3234
vn -0.8535 0.4821 0.1976
vn -0.2525 -0.7890 0.5602
vn 0.4734 -0.8758 0.0947
vn 0.4962 -0.8664 0.0551
vn -0.3868 -0.7815 0.4894
vn -0.8635 0.1805 0.4710
vn -0.9064 0.1025 0.4098
vn 0.8496 -0.5035 -0.1573
vn 0.8708 -0.4079 -0.2746
vn 0.8861 -0.4235 -0.1882
vn 0.7946 -0.5192 -0.3147
vn 0.7651 -0.3313 -0.5521
vn 0.3068 -0.9518 0.0079
vn 0.4499 -0.7419 -0.4972
vn 0.2904 -0.1177 -0.9496
vn 0.2052 -0.9787 -0.0000
vn 0.1264 -0.0948 -0.9874
vn 0.2040 -0.8709 -0.4472
vn 0.0157 -0.0472 -0.9988
vn 0.1104 -0.9939 -0.0000
vn 0.0157 -0.0472 -0.9988
vn 0.1027 -0.9320 -0.3475
vn -0.1026 -0.9947 -0.0000
vn 0.0079 -0.0550 -0.9985
vn -0.0943 -0.9114 -0.4007
vn -0.0000 -0.0472 -0.9989
vn -0.4156 -0.9096 -0.0000
vn -0.0079 -0.0315 -0.9995
vn -0.3867 -0.8444 -0.3709
vn -0.0628 -0.0314 -0.9975
vn -0.5112 -0.7235 -0.4640
vn -0.1491 0.0000 -0.9888
vn -0.5122 -0.8589 -0.0000
vn -0.5678 0.0710 -0.8201
vn -0.8247 -0.2592 -0.5027
vn -0.8563 0.1178 -0.5028
vn -0.9970 -0.0550 -0.0550
vn -0.9947 -0.1026 -0.0079
vn -0.9905 0.1258 -0.0550
vn -0.9930 0.1182 -0.0079
vn 0.6230 0.6230 -0.4731
vn 0.4161 0.4161 -0.8086
vn 0.2606 0.3870 -0.8845
vn 0.0707 0.1257 -0.9896
vn 0.1258 0.4717 -0.8727
vn 0.0079 0.1337 -0.9910
vn 0.1260 0.5593 -0.8193
vn 0.0078 0.1491 -0.9888
vn 0.0394 0.2051 -0.9780
vn 0.1335 0.5731 -0.8086
vn -0.0551 0.2753 -0.9598
vn -0.1572 -0.4322 -0.8880
vn -0.0788 0.5438 -0.8355
vn -0.3461 0.5113 -0.7866
vn -0.2606 0.2527 -0.9318
vn -0.0630 -0.5590 -0.8267
vn -0.3939 0.5751 -0.7170
vn -0.2364 0.1418 -0.9613
vn -0.3470 0.6940 -0.6309
vn -0.1884 0.1805 -0.9654
vn -0.3059 0.7295 -0.6118
vn -0.2372 0.7985 -0.5534
vn -0.8567 -0.0707 -0.5109
vn 0.0552 0.6779 -0.7331
vn -0.3219 0.2591 -0.9107
vn -0.8476 -0.2119 -0.4866
vn -0.5537 -0.2057 -0.8069
vn -0.9290 -0.3385 -0.1496
vn -0.9503 -0.2592 -0.1728
vn -0.8718 -0.4713 -0.1335
vn -0.2282 0.8185 -0.5273
vn -0.1496 0.8506 -0.5041
vn -0.1261 0.7015 -0.7015
vn -0.5130 0.7261 -0.4578
vn -0.6709 0.7103 -0.2131
vn -0.2369 0.6948 -0.6790
vn -0.1415 0.5582 -0.8176
vn -0.2361 0.5588 -0.7950
vn -0.3939 0.6460 -0.6539
vn -0.1736 0.4499 -0.8761
vn -0.2286 0.5124 -0.8277
vn -0.2676 0.5667 -0.7792
vn -0.2052 0.5681 -0.7970
vn -0.2282 0.5273 -0.8185
vn -0.2121 0.4713 -0.8561
vn -0.2441 0.5434 -0.8032
vn -0.3148 0.6138 -0.7240
vn -0.2444 0.8593 -0.4493
vn -0.2751 0.7938 -0.5423
vn -0.0474 -0.3395 -0.9394
vn -0.1340 0.1655 -0.9771
vn 0.0394 -0.4812 -0.8757
vn -0.2204 -0.1181 -0.9682
vn -0.0785 0.4708 -0.8788
vn 0.0788 -0.3152 -0.9457
vn 0.2121 -0.2278 -0.9503
vn -0.1659 -0.4188 -0.8928
vn -0.0631 -0.3156 -0.9468
vn 0.0395 -0.1579 -0.9867
vn 0.3861 0.0315 -0.9219
vn 0.5120 0.1654 -0.8429
vn -0.3548 -0.4494 -0.8199
vn 0.1810 0.0000 -0.9835
vn 0.7013 0.1655 -0.6934
vn -0.3710 -0.3078 -0.8761
vn -0.3076 -0.1972 -0.9308
vn 0.2591 0.0079 -0.9658
vn -0.7075 -0.2516 -0.6604
vn -0.6064 -0.4411 -0.6616
vn -0.4970 -0.5207 -0.6942
vn -0.2998 -0.4733 -0.8283
vn -0.2047 -0.0709 -0.9763
vn -0.6532 0.4643 -0.5981
vn -0.2985 -0.5420 -0.7856
vn -0.2440 -0.5981 -0.7634
vn -0.1491 -0.1255 -0.9808
vn -0.0000 0.4628 -0.8864
vn -0.2127 -0.5988 -0.7721
vn 0.0395 0.4500 -0.8921
vn -0.0706 -0.0471 -0.9964
vn -0.1659 -0.5687 -0.8057
vn 0.0707 0.4555 -0.8874
vn -0.0631 -0.0868 -0.9942
vn -0.1498 -0.5521 -0.8202
vn 0.0785 0.4552 -0.8869
vn -0.0393 -0.0550 -0.9977
vn -0.0314 -0.0472 -0.9984
vn 0.0785 0.4395 -0.8948
vn -0.1258 -0.4717 -0.8727
vn 0.0788 0.4490 -0.8901
vn -0.0315 0.0236 -0.9992
vn -0.1185 -0.3633 -0.9241
vn -0.1027 -0.2764 -0.9555
vn -0.1103 -0.3072 -0.9452
vn -0.0863 -0.0078 -0.9962
vn -0.1337 0.8022 -0.5820
vn -0.0393 0.0157 -0.9991
vn 0.1265 0.7830 -0.6090
vn 0.1967 0.7710 -0.6058
vn -0.0236 0.0157 -0.9996
vn 0.2283 0.7556 -0.6139
vn -0.0315 -0.0236 -0.9992
vn -0.1178 -0.3140 -0.9421
vn -0.1260 -0.3466 -0.9295
vn 0.1968 0.7165 -0.6692
vn -0.0157 0.0629 -0.9979
vn 0.1577 0.7177 -0.6783
vn -0.3226 -0.4170 -0.8497
vn -0.2277 -0.2748 -0.9342
vn 0.1181 0.7478 -0.6533
vn -0.2122 -0.2830 -0.9354
vn 0.0079 0.6871 -0.7266
vn -0.4403 -0.5425 -0.7154
vn -0.2526 -0.1973 -0.9472
vn -0.3614 -0.7227 -0.5892
vn -0.3869 -0.6238 -0.6791
vn -0.5655 -0.6284 -0.5341
vn -0.4957 -0.7238 -0.4799
vn -0.4405 -0.7866 -0.4326
vn -0.3467 -0.7958 -0.4964
vn -0.4016 -0.8268 -0.3937
vn -0.3225 -0.8574 -0.4012
vn -0.3309 -0.8745 -0.3545
vn -0.3863 -0.3548 -0.8514
vn -0.4479 0.1964 -0.8722
vn -0.5042 -0.6146 -0.6067
vn -0.6210 -0.5581 -0.5503
vn -0.6911 -0.2356 -0.6833
vn -0.7202 -0.3007 -0.6252
vn -0.1648 0.9179 -0.3609
vn -0.2197 0.9730 -0.0706
vn -0.3607 0.9252 0.1176
vn -0.2918 0.9226 -0.2523
vn -0.0079 0.5745 -0.8185
vn -0.3848 0.9109 0.1492
vn -0.1022 0.8179 -0.5662
vn 0.0236 0.8586 -0.5120
vn -0.0157 0.5974 -0.8018
vn -0.3223 0.9276 0.1887
vn -0.2989 0.9517 -0.0708
vn 0.0237 0.9152 -0.4024
vn -0.0236 0.6369 -0.7706
vn -0.0000 0.9263 -0.3768
vn 0.0789 0.9314 0.3552
vn 0.0314 0.9490 0.3137
vn -0.0237 0.6705 -0.7415
vn -0.0235 0.9411 -0.3372
vn -0.0158 0.9632 0.2684
vn -0.0472 0.9686 0.2441
vn -0.0394 0.9456 -0.3231
vn -0.0158 0.6789 -0.7341
vn -0.0474 0.9394 -0.3395
vn 0.0158 0.6789 -0.7341
vn -0.0237 0.9079 -0.4184
vn 0.0705 0.6975 -0.7131
vn -0.9867 -0.1579 -0.0395
vn -0.9605 -0.2441 -0.1338
vn -0.9730 -0.2276 -0.0392
vn -0.9771 -0.1655 -0.1340
vn -0.8645 -0.2279 -0.4480
vn -0.9944 0.0947 -0.0474
vn -0.8827 -0.1813 -0.4335
vn -0.7603 -0.1960 -0.6193
vn -0.7603 -0.1960 -0.6193
vn -0.9902 0.0864 -0.1100
vn -0.9124 0.4090 -0.0157
vn -0.9818 0.0943 -0.1649
vn -0.9147 0.4022 -0.0394
vn -0.8010 0.5968 0.0471
vn -0.9238 0.3790 -0.0553
vn -0.8105 0.5823 0.0630
vn -0.7622 0.6443 0.0629
vn -0.8258 0.5584 0.0786
vn -0.7635 0.6376 0.1023
vn -0.7324 0.6772 0.0709
vn -0.7637 0.6298 0.1417
vn -0.7336 0.6705 0.1104
vn -0.7013 -0.6934 -0.1655
vn -0.6935 -0.7093 -0.1261
vn -0.1968 -0.8503 -0.4881
vn 0.4815 -0.8761 -0.0237
vn 0.9848 -0.1733 -0.0079
vn 0.9743 -0.1964 -0.1100
vn 0.6410 -0.7676 -0.0000
vn -0.4024 -0.7179 -0.5680
vn -0.5990 -0.7960 -0.0867
vn 0.6787 -0.3472 -0.6471
vn 0.0079 -0.9899 -0.1414
vn -0.3862 -0.9221 -0.0236
vn -0.3930 -0.9195 0.0079
vn 0.0157 -0.8184 -0.5744
vn -0.2827 -0.9580 -0.0471
vn -0.3139 -0.9495 -0.0000
vn -0.3228 -0.9055 -0.2756
vn -0.1738 -0.9243 -0.3397
vn -0.2602 -0.8280 -0.4968
vn -0.3472 -0.8048 -0.4813
vn -0.1100 -0.8330 -0.5422
vn -0.3607 -0.6901 -0.6274
vn -0.2518 -0.8576 -0.4485
vn -0.1728 -0.7775 -0.6047
vn 0.0393 -0.3697 -0.9283
vn -0.0315 -0.2127 -0.9766
vn -0.3313 -0.5836 -0.7414
vn 0.2043 -0.3143 -0.9271
vn 0.0472 -0.1731 -0.9838
vn -0.4261 -0.7102 -0.5603
vn -0.3851 -0.7467 -0.5423
vn -0.4643 -0.8814 -0.0866
vn -0.0158 -0.1182 -0.9929
vn -0.2906 -0.7776 -0.5576
vn -0.3475 -0.9320 -0.1027
vn -0.0315 -0.1104 -0.9934
vn -0.2598 -0.5118 -0.8189
vn -0.0236 -0.1414 -0.9897
vn -0.0237 -0.0948 -0.9952
vn -0.1806 -0.4555 -0.8717
vn -0.1338 -0.7715 -0.6220
vn -0.1580 -0.9793 -0.1264
vn -0.0078 -0.1491 -0.9888
vn -0.0316 -0.0869 -0.9957
vn -0.1340 -0.4178 -0.8986
vn -0.0395 -0.0869 -0.9954
vn -0.0947 -0.4102 -0.9071
vn 0.0237 -0.1026 -0.9944
vn 0.0393 -0.6987 -0.7144
vn 0.0949 -0.9802 -0.1739
vn -0.0158 -0.1733 -0.9847
vn -0.0236 -0.4249 -0.9049
vn 0.0708 -0.1653 -0.9837
vn 0.2202 -0.5978 -0.7708
vn 0.4027 -0.9002 -0.1658
vn 0.0628 -0.1334 -0.9891
vn 0.1265 -0.5773 -0.8067
vn 0.1022 -0.9751 -0.1966
vn -0.1419 0.2917 -0.9459
vn -0.0236 -0.5120 -0.8586
vn -0.1179 -0.9749 -0.1887
vn -0.0789 -0.1421 -0.9867
vn -0.0079 -0.5975 -0.8019
vn 0.3000 -0.9394 -0.1658
vn -0.0943 -0.6759 -0.7309
vn 0.4474 -0.8790 -0.1648
vn -0.3077 -0.0947 -0.9468
vn -0.4631 0.3453 -0.8163
vn -0.6368 0.0314 -0.7704
vn -0.2525 -0.7890 -0.5602
vn 0.4734 -0.8758 -0.0947
vn 0.4962 -0.8664 -0.0551
vn -0.3868 -0.7815 -0.4894
vn -0.8635 0.1805 -0.4710
vn -0.9064 0.1025 -0.4098
vn -0.8535 0.4821 -0.1976
vn -0.8283 0.4575 -0.3234
vn -0.8274 -0.3152 -0.4649
vn -0.7147 0.4006 -0.5733
vn -0.8084 -0.1648 -0.5651
vn -0.2826 -0.8400 -0.4632
vn -0.3788 -0.7181 -0.5839
vn -0.6054 -0.3145 -0.7312
vn -0.1420 -0.5761 -0.8049
vn -0.2132 -0.3396 -0.9161
vn 0.0550 -0.4715 -0.8801
vn 0.0237 -0.3232 -0.9460
vn -0.9947 -0.1026 0.0079
vn -0.9905 0.1258 0.0550
vn -0.9930 0.1182 0.0079
vn -0.9970 -0.0550 0.0550
vn -0.8563 0.1178 0.5028
vn -0.5122 -0.8589 -0.0000
vn -0.8247 -0.2592 0.5027
vn -0.5678 0.0710 0.8201
vn -0.5112 -0.7235 0.4640
vn -0.1491 0.0000 0.9888
vn -0.4156 -0.9096 -0.0000
vn -0.0628 -0.0314 0.9975
vn -0.3867 -0.8444 0.3709
vn -0.0079 -0.0315 0.9995
vn -0.0943 -0.9114 0.4007
vn -0.0000 -0.0472 0.9989
vn -0.1026 -0.9947 -0.0000
vn 0.0079 -0.0550 0.9985
vn 0.1027 -0.9320 0.3475
vn 0.1104 -0.9939 -0.0000
vn 0.0157 -0.0472 0.9988
vn 0.2040 -0.8709 0.4472
vn 0.0157 -0.0472 0.9988
vn 0.2052 -0.9787 -0.0000
vn 0.1264 -0.0948 0.9874
vn 0.4499 -0.7419 0.4972
vn 0.2904 -0.1177 0.9496
vn 0.3068 -0.9518 -0.0079
vn 0.7651 -0.3313 0.5521
vn 0.7946 -0.5192 0.3147
vn 0.8496 -0.5035 0.1573
vn 0.8708 -0.4079 0.2746
vn 0.8861 -0.4235 0.1882
vn -0.1022 0.0865 0.9910
vn -0.1026 0.0237 0.9944
vn -0.1104 -0.0079 0.9939
vn -0.0869 0.1343 0.9871
vn -0.0552 0.4019 0.9140
vn -0.0709 0.1024 0.9922
vn -0.0394 0.3860 0.9217
vn -0.0237 0.4815 0.8761
vn -0.0472 0.2125 0.9760
vn -0.0235 0.3372 0.9411
vn -0.0392 0.2589 0.9651
vn -0.0236 0.4249 0.9049
vn -0.0158 0.3233 0.9462
vn -0.0157 0.4566 0.8895
vn -0.0157 0.5271 0.8497
vn -0.0158 0.3862 0.9223
vn -0.0000 0.3468 0.9379
vn -0.0079 0.5029 0.8643
vn -0.0000 0.5975 0.8019
vn -0.0079 0.4090 0.9125
vn 0.0079 0.3537 0.9353
vn 0.0079 0.5655 0.8247
vn 0.0079 0.6624 0.7491
vn 0.0236 0.3699 0.9288
vn -0.0000 0.4025 0.9154
vn 0.0079 0.6237 0.7816
vn 0.0079 0.7149 0.6992
vn 0.0237 0.3794 0.9249
vn 0.0315 0.3861 0.9219
vn 0.0158 0.6623 0.7491
vn 0.0079 0.7564 0.6540
vn 0.0394 0.3860 0.9217
vn 0.0157 0.7070 0.7070
vn 0.0079 0.7816 0.6237
vn 0.0157 0.7302 0.6831
vn 0.0079 0.8019 0.5975
vn 0.0314 0.3766 0.9258
vn 0.0079 0.7342 0.6789
vn 0.0079 0.8185 0.5745
vn 0.0079 0.7417 0.6707
vn 0.0079 0.3468 -0.9379
vn 0.0079 0.7491 -0.6624
vn 0.0079 0.3162 -0.9487
vn 0.0157 0.3303 -0.9437
vn -0.0000 0.8185 -0.5745
vn -0.0000 0.8404 -0.5419
vn -0.0000 0.8404 -0.5419
vn -0.0000 0.8404 -0.5419
vn 0.0079 0.8344 -0.5510
vn -0.0000 0.7778 -0.6285
vn -0.0000 0.8284 -0.5602
vn 0.0079 0.7417 -0.6707
vn 0.0236 0.3536 -0.9351
vn 0.0079 0.8185 -0.5745
vn -0.0079 0.7302 -0.6831
vn -0.0000 0.4566 -0.8897
vn -0.0079 0.8222 -0.5692
vn 0.0079 0.7342 -0.6789
vn 0.0079 0.8019 -0.5975
vn 0.0314 0.3766 -0.9258
vn 0.0157 0.7302 -0.6831
vn 0.0079 0.7816 -0.6237
vn 0.0394 0.3860 -0.9217
vn 0.0157 0.7070 -0.7070
vn 0.0079 0.7564 -0.6540
vn 0.0158 0.6623 -0.7491
vn 0.0315 0.3861 -0.9219
vn 0.0079 0.7149 -0.6992
vn 0.0079 0.6237 -0.7816
vn 0.0237 0.3794 -0.9249
vn 0.0079 0.6624 -0.7491
vn 0.0236 0.3699 -0.9288
vn 0.0079 0.5655 -0.8247
vn -0.0000 0.5975 -0.8019
vn 0.0079 0.3537 -0.9353
vn -0.0000 0.4025 -0.9154
vn -0.0079 0.5029 -0.8643
vn -0.0157 0.5271 -0.8497
vn -0.0079 0.4090 -0.9125
vn -0.0000 0.3468 -0.9379
vn -0.0158 0.3862 -0.9223
vn -0.0157 0.4566 -0.8895
vn -0.0237 0.4815 -0.8761
vn -0.0158 0.3233 -0.9462
vn -0.0394 0.3860 -0.9217
vn -0.0552 0.4019 -0.9140
vn -0.0235 0.3372 -0.9411
vn -0.0236 0.4249 -0.9049
vn -0.0392 0.2589 -0.9651
vn -0.0709 0.1024 -0.9922
vn -0.0472 0.2125 -0.9760
vn -0.0869 0.1343 -0.9871
vn -0.1026 0.0237 -0.9944
vn -0.1022 0.0865 -0.9910
vn -0.1104 -0.0079 -0.9939
vn -0.1815 0.3392 0.9230
vn 0.1338 -0.1181 0.9839
vn 0.1738 -0.2370 0.9558
vn -0.3298 0.3220 0.8874
vn 0.0945 -0.0866 0.9918
vn -0.3459 0.0708 0.9356
vn 0.0946 -0.0631 0.9935
vn -0.2828 -0.0393 0.9584
vn -0.2120 0.0864 0.9735
vn -0.1731 0.2203 0.9599
vn -0.1731 -0.0472 0.9838
vn -0.0868 -0.0631 0.9942
vn -0.1653 0.1417 0.9760
vn -0.1497 0.0867 0.9849
vn -0.3387 0.4018 0.8508
vn -0.4717 0.4560 0.7547
vn -0.6301 0.5041 0.5907
vn -0.5651 0.4631 0.6828
vn -0.6694 0.3937 0.6300
vn -0.1578 0.0473 0.9863
vn -0.5993 0.3548 0.7176
vn -0.7165 0.2441 0.6535
vn 0.0315 -0.0393 0.9987
vn -0.6371 0.1888 0.7473
vn -0.7561 0.0315 0.6537
vn -0.1884 0.0393 0.9813
vn 0.0236 0.0157 0.9996
vn 0.0236 0.0079 0.9997
vn -0.6624 0.0079 0.7491
vn -0.6934 -0.1655 0.7013
vn -0.5062 -0.1186 0.8542
vn -0.1885 0.0314 0.9816
vn 0.1338 -0.1181 -0.9839
vn -0.1815 0.3392 -0.9230
vn 0.1738 -0.2370 -0.9558
vn -0.3298 0.3220 -0.8874
vn 0.0945 -0.0866 -0.9918
vn -0.3459 0.0708 -0.9356
vn 0.0946 -0.0631 -0.9935
vn -0.2828 -0.0393 -0.9584
vn -0.2120 0.0864 -0.9735
vn -0.1731 0.2203 -0.9599
vn -0.1731 -0.0472 -0.9838
vn -0.0868 -0.0631 -0.9942
vn -0.1653 0.1417 -0.9760
vn -0.1497 0.0867 -0.9849
vn -0.3387 0.4018 -0.8508
vn -0.4717 0.4560 -0.7547
vn -0.5651 0.4631 -0.6828
vn -0.6301 0.5041 -0.5907
vn -0.6694 0.3937 -0.6300
vn -0.1578 0.0473 -0.9863
vn -0.5993 0.3548 -0.7176
vn -0.7165 0.2441 -0.6535
vn 0.0315 -0.0393 -0.9987
vn -0.6371 0.1888 -0.7473
vn -0.7561 0.0315 -0.6537
vn -0.1884 0.0393 -0.9813
vn 0.0236 0.0157 -0.9996
vn 0.0236 0.0079 -0.9997
vn -0.6624 0.0079 -0.7491
vn -0.6934 -0.1655 -0.7013
vn -0.5062 -0.1186 -0.8542
vn -0.1885 0.0314 -0.9816
vn -0.0869 0.4265 0.9003
vn -0.0790 0.4107 0.9083
vn -0.1022 0.4480 0.8882
vn -0.0945 0.5041 0.8585
vn -0.1027 0.5608 0.8215
vn -0.0628 0.6358 0.7693
vn -0.0711 0.6478 0.7584
vn -0.0549 0.7060 0.7060
vn -0.0314 0.7774 0.6282
vn -0.0944 0.4484 0.8889
vn -0.0473 0.7024 0.7102
vn -0.0079 0.8222 0.5692
vn -0.0631 0.4337 0.8989
vn -0.0078 0.7378 0.6750
vn -0.0000 0.8345 0.5511
vn -0.0000 0.7491 0.6624
vn -0.0000 0.8404 0.5419
vn -0.0236 0.5509 0.8342
vn -0.0079 0.6237 0.7816
vn -0.0000 0.6285 0.7778
vn -0.0000 0.7565 0.6540
vn -0.0000 0.8404 0.5419
vn -0.0000 0.7565 0.6540
vn -0.0000 0.6324 0.7747
vn 0.0079 0.4185 0.9082
vn 0.0079 0.7491 0.6624
vn 0.0079 0.8344 0.5510
vn 0.0158 0.3468 0.9378
vn 0.0236 0.3536 0.9351
vn -0.0790 0.4107 -0.9083
vn -0.0869 0.4265 -0.9003
vn -0.1022 0.4480 -0.8882
vn -0.0945 0.5041 -0.8585
vn -0.1027 0.5608 -0.8215
vn -0.0628 0.6358 -0.7693
vn -0.0711 0.6478 -0.7584
vn -0.0549 0.7060 -0.7060
vn -0.0314 0.7774 -0.6282
vn -0.0944 0.4484 -0.8889
vn -0.0552 0.4339 -0.8993
vn -0.0079 0.3795 -0.9251
vn -0.0473 0.7024 -0.7102
vn 0.7952 -0.6063 -0.0079
vn 0.7247 -0.6774 0.1260
vn 0.7302 -0.6831 -0.0079
vn 0.7315 -0.5270 0.4326
vn 0.4326 -0.3618 0.8258
vn 0.0711 -0.0632 0.9955
vn 0.7510 -0.3478 0.5613
vn 0.9005 -0.4345 -0.0158
vn 0.9630 -0.2684 -0.0237
vn 0.8493 -0.2202 0.4797
vn 0.9961 -0.0784 -0.0392
vn 0.2519 0.1181 0.9605
vn 0.9415 -0.0706 0.3295
vn 0.9985 -0.0079 -0.0550
vn 0.7091 0.6697 0.2206
vn 0.3223 0.0786 0.9434
vn 0.1413 0.1334 0.9809
vn -0.2604 0.6944 0.6708
vn -0.4184 0.9079 -0.0237
vn -0.3632 0.9316 -0.0158
vn -0.0943 0.6210 0.7782
vn -0.2203 0.9754 -0.0079
vn -0.0078 0.6585 0.7526
vn 0.0079 0.9997 -0.0236
vn -0.2433 -0.0942 0.9654
vn 0.0554 0.6485 0.7592
vn 0.1026 0.9946 -0.0158
vn 0.0550 0.9985 -0.0000
vn -0.0947 0.0552 0.9940
vn -0.6853 -0.4569 0.5671
vn -0.6371 -0.1888 0.7473
vn -0.4717 -0.6761 0.5660
vn -0.8910 -0.1577 0.4258
vn -0.9957 0.0316 0.0869
vn -0.9929 -0.1182 -0.0158
vn -0.9995 0.0315 -0.0079
vn -0.8436 -0.5361 -0.0315
vn -0.5269 -0.8493 -0.0315
vn -0.2684 -0.9630 -0.0237
vn -0.2676 -0.7555 0.5981
vn 0.0236 -0.9996 -0.0157
vn -0.0078 0.0863 0.9962
vn -0.0392 -0.7221 0.6907
vn 0.1500 -0.6709 0.7262
vn 0.3700 -0.9289 -0.0157
vn 0.0079 0.0629 0.9980
vn 0.0315 0.6453 0.7633
vn 0.0316 -0.3161 0.9482
vn -0.0867 0.6385 0.7647
vn -0.1491 0.9888 0.0078
vn -0.0079 0.0707 0.9975
vn -0.2519 0.6141 0.7479
vn -0.4090 0.9125 0.0079
vn -0.6750 0.7378 0.0078
vn -0.0392 0.0706 0.9967
vn -0.5124 0.6228 0.5912
vn -0.7637 0.6456 0.0079
vn -0.7988 0.0237 0.6011
vn -0.0785 0.0235 0.9966
vn 0.0630 -0.2679 0.9614
vn 0.0237 -0.1656 0.9859
vn -0.3463 -0.5666 0.7477
vn -0.7100 -0.7021 0.0552
vn -0.5828 -0.8112 0.0473
vn -0.2133 -0.6161 0.7583
vn -0.3929 -0.9193 0.0236
vn 0.0392 -0.0706 0.9967
vn 0.0944 -0.6921 0.7156
vn -0.3232 -0.9460 0.0237
vn 0.8729 -0.4876 0.0157
vn 0.8927 -0.4503 0.0158
vn 0.3932 -0.2359 0.8887
vn 0.8084 -0.5886 0.0078
vn 0.4257 -0.3469 0.8357
vn 0.0474 -0.0947 0.9944
vn 0.4506 -0.5692 0.6878
vn 0.6409 -0.7675 -0.0079
vn -0.9929 -0.1182 0.0158
vn -0.9957 0.0316 -0.0869
vn -0.9995 0.0315 0.0079
vn -0.8910 -0.1577 -0.4258
vn -0.6371 -0.1888 -0.7473
vn -0.6853 -0.4569 -0.5671
vn -0.8436 -0.5361 0.0315
vn -0.5269 -0.8493 0.0315
vn 0.0711 -0.0632 -0.9955
vn -0.4717 -0.6761 -0.5660
vn -0.2684 -0.9630 0.0237
vn -0.2433 -0.0942 -0.9654
vn -0.2676 -0.7555 -0.5981
vn 0.0236 -0.9996 0.0157
vn -0.0947 0.0552 -0.9940
vn -0.0392 -0.7221 -0.6907
vn -0.0078 0.6585 -0.7526
vn -0.0078 0.0863 -0.9962
vn 0.1500 -0.6709 -0.7262
vn 0.3700 -0.9289 0.0157
vn 0.0554 0.6485 -0.7592
vn 0.0079 0.0629 -0.9980
vn 0.4506 -0.5692 -0.6878
vn 0.6409 -0.7675 0.0079
vn 0.8084 -0.5886 -0.0078
vn 0.0316 -0.3161 -0.9482
vn 0.4257 -0.3469 -0.8357
vn 0.0474 -0.0947 -0.9944
vn 0.3932 -0.2359 -0.8887
vn 0.8729 -0.4876 -0.0157
vn 0.0392 -0.0706 -0.9967
vn 0.0944 -0.6921 -0.7156
vn 0.8927 -0.4503 -0.0158
vn -0.3929 -0.9193 -0.0236
vn -0.3232 -0.9460 -0.0237
vn -0.2133 -0.6161 -0.7583
vn -0.5828 -0.8112 -0.0473
vn 0.0630 -0.2679 -0.9614
vn 0.0237 -0.1656 -0.9859
vn -0.3463 -0.5666 -0.7477
vn -0.7100 -0.7021 -0.0552
vn -0.7988 0.0237 -0.6011
vn -0.0785 0.0235 -0.9966
vn -0.0392 0.0706 -0.9967
vn -0.0079 0.0707 -0.9975
vn -0.5124 0.6228 -0.5912
vn -0.7637 0.6456 -0.0079
vn -0.6750 0.7378 -0.0078
vn -0.2519 0.6141 -0.7479
vn -0.4090 0.9125 -0.0079
vn -0.1491 0.9888 -0.0078
vn -0.0867 0.6385 -0.7647
vn 0.0550 0.9985 -0.0000
vn 0.0315 0.6453 -0.7633
vn 0.1026 0.9946 0.0158
vn 0.0079 0.9997 0.0236
vn -0.2203 0.9754 0.0079
vn -0.0943 0.6210 -0.7782
vn -0.3632 0.9316 0.0158
vn 0.2519 0.1181 -0.9605
vn -0.2604 0.6944 -0.6708
vn -0.4184 0.9079 0.0237
vn 0.7091 0.6697 -0.2206
vn 0.1413 0.1334 -0.9809
vn 0.3223 0.0786 -0.9434
vn 0.9415 -0.0706 -0.3295
vn 0.9985 -0.0079 0.0550
vn 0.9961 -0.0784 0.0392
vn 0.8493 -0.2202 -0.4797
vn 0.9630 -0.2684 0.0237
vn 0.7510 -0.3478 -0.5613
vn 0.9005 -0.4345 0.0158
vn 0.7952 -0.6063 0.0079
vn 0.7315 -0.5270 -0.4326
vn 0.4326 -0.3618 -0.8258
vn 0.7247 -0.6774 -0.1260
vn 0.7302 -0.6831 0.0079
vn 0.5845 -0.5371 0.6082
vn 0.1806 -0.6675 0.7224
vn 0.6056 -0.5427 0.5820
vn 0.0788 -0.5674 0.8196
vn 0.0316 -0.3630 0.9312
vn 0.5835 -0.4810 0.6544
vn -0.1183 -0.5362 0.8358
vn -0.0870 -0.6721 0.7353
vn 0.1658 -0.3237 0.9315
vn 0.6056 -0.5427 0.5820
vn 0.5902 -0.5902 0.5508
vn -0.1338 -0.5588 0.8185
vn -0.1338 -0.6928 0.7086
vn -0.2829 0.0314 0.9586
vn -0.1888 -0.5980 0.7789
vn -0.1892 -0.7252 0.6621
vn -0.3629 -0.0394 0.9310
vn -0.2834 0.1102 0.9526
vn -0.3298 0.1806 0.9266
vn -0.3398 0.6243 0.7034
vn -0.3621 0.5668 0.7400
vn -0.4155 0.5644 0.7133
vn -0.3536 0.1729 0.9193
vn -0.5602 0.4970 0.6627
vn -0.4162 0.2591 0.8716
vn 0.2524 -0.3154 0.9148
vn -0.4349 0.3084 0.8460
vn -0.6848 0.3384 0.6454
vn 0.2441 -0.1811 0.9527
vn 0.5835 -0.4810 0.6544
vn -0.3773 0.4637 0.8017
vn 0.2285 0.1970 0.9534
vn 0.6460 -0.1497 0.7485
vn 0.5662 0.6527 0.5033
vn -0.3871 0.6319 0.6714
vn -0.4952 0.5738 0.6524
vn -0.2999 0.7418 0.5998
vn 0.0864 0.7463 0.6599
vn 0.0943 0.8247 0.5577
vn 0.5845 -0.5371 -0.6082
vn 0.6056 -0.5427 -0.5820
vn 0.1806 -0.6675 -0.7224
vn 0.0788 -0.5674 -0.8196
vn 0.0316 -0.3630 -0.9312
vn 0.5835 -0.4810 -0.6544
vn -0.1183 -0.5362 -0.8358
vn -0.0870 -0.6721 -0.7353
vn 0.1658 -0.3237 -0.9315
vn 0.6056 -0.5427 -0.5820
vn 0.5902 -0.5902 -0.5508
vn -0.1338 -0.5588 -0.8185
vn -0.1338 -0.6928 -0.7086
vn -0.2829 0.0314 -0.9586
vn -0.1888 -0.5980 -0.7789
vn -0.1892 -0.7252 -0.6621
vn -0.3629 -0.0394 -0.9310
vn -0.3298 0.1806 -0.9266
vn -0.3398 0.6243 -0.7034
vn -0.2834 0.1102 -0.9526
vn -0.3621 0.5668 -0.7400
vn -0.4155 0.5644 -0.7133
vn -0.3536 0.1729 -0.9193
vn -0.5602 0.4970 -0.6627
vn -0.4162 0.2591 -0.8716
vn 0.2524 -0.3154 -0.9148
vn -0.4349 0.3084 -0.8460
vn -0.6848 0.3384 -0.6454
vn 0.2441 -0.1811 -0.9527
vn 0.5835 -0.4810 -0.6544
vn -0.3773 0.4637 -0.8017
vn 0.2285 0.1970 -0.9534
vn 0.6460 -0.1497 -0.7485
vn 0.5662 0.6527 -0.5033
vn -0.3871 0.6319 -0.6714
vn -0.4952 0.5738 -0.6524
vn -0.2999 0.7418 -0.5998
vn 0.0864 0.7463 -0.6599
vn 0.0943 0.8247 -0.5577
vn -0.3939 0.2285 0.8903
vn -0.2904 -0.9496 0.1177
vn -0.3778 0.2833 0.8815
vn 0.5747 -0.1575 -0.8031
vn 0.2290 0.0632 -0.9714
vn 0.3237 -0.1658 -0.9315
vn 0.3708 0.1578 -0.9152
vn 0.3457 -0.4322 -0.8329
vn -0.1183 0.6942 -0.7100
vn -0.2603 0.6546 -0.7098
vn 0.2291 -0.0553 -0.9718
vn -0.0236 0.7147 -0.6990
vn 0.0079 -0.5029 -0.8643
vn 0.0079 -0.1886 -0.9820
vn -0.0000 0.7149 -0.6992
vn -0.0157 -0.1885 -0.9819
vn -0.0000 0.7149 -0.6992
vn -0.0236 -0.4875 -0.8728
vn 0.1423 0.6879 -0.7117
vn -0.1652 0.2281 -0.9595
vn -0.3067 0.0236 -0.9515
vn -0.3225 0.0708 -0.9439
vn -0.1335 0.2826 -0.9499
vn -0.1729 -0.0707 -0.9824
vn -0.1976 -0.0237 -0.9800
vn -0.1186 -0.1581 -0.9803
vn 0.4240 -0.0707 0.9029
vn 0.1655 -0.0394 0.9854
vn 0.2514 -0.0550 0.9663
vn 0.8580 -0.1338 0.4959
vn 0.9716 -0.1027 0.2133
vn 0.9244 -0.0869 0.3713
vn 0.3138 -0.0235 0.9492
vn 0.1580 -0.0158 0.9873
vn 0.6686 -0.0787 0.7394
vn 0.2829 0.0236 0.9588
vn 0.1733 0.0000 0.9849
vn 0.6285 0.0079 0.7778
vn 0.2987 0.0786 0.9511
vn 0.2590 -0.0314 0.9654
vn 0.1974 0.0474 0.9792
vn 0.2051 0.0394 0.9780
vn 0.3469 0.1183 0.9304
vn 0.5836 0.1104 0.8045
vn 0.9047 0.0315 0.4248
vn 0.9768 0.0236 0.2127
vn 0.5500 0.1728 0.8171
vn 0.5574 0.1884 0.8086
vn 0.8594 0.1735 0.4810
vn 0.9482 0.1817 0.2607
vn 0.7998 0.2431 0.5489
vn 0.7141 0.2354 0.6592
vn 0.9133 0.2677 0.3070
vn 0.8271 0.2915 0.4805
vn 0.9000 0.2921 0.3237
vn 0.8888 0.2910 0.3540
vn 0.2039 0.5412 -0.8158
vn -0.0157 0.8497 -0.5271
vn 0.1812 0.7484 -0.6381
vn -0.0158 0.7989 -0.6012
vn -0.0709 0.8742 -0.4804
vn -0.0709 0.8036 -0.5909
vn 0.1890 0.2677 -0.9448
vn 0.0079 0.6707 -0.7417
vn 0.1103 0.0551 -0.9924
vn -0.0314 0.5883 -0.8080
vn -0.0394 0.7411 -0.6702
vn 0.0316 -0.0948 -0.9950
vn -0.0316 0.2683 -0.9628
vn -0.0079 -0.1733 -0.9848
vn -0.0315 0.3861 -0.9219
vn -0.0079 0.6150 -0.7885
vn -0.0316 -0.2368 -0.9710
vn -0.0395 0.0869 -0.9954
vn -0.0392 -0.2589 -0.9651
vn -0.0157 0.2202 -0.9753
vn -0.0079 0.4409 -0.8975
vn -0.0550 -0.2514 -0.9663
vn -0.0314 0.0550 -0.9980
vn -0.0000 0.3162 -0.9487
vn -0.0710 -0.2289 -0.9709
vn -0.0315 0.1182 -0.9925
vn -0.0315 0.1182 -0.9925
vn -0.0157 0.8497 0.5271
vn 0.2039 0.5412 0.8158
vn 0.1812 0.7484 0.6381
vn -0.0709 0.8742 0.4804
vn -0.0158 0.7989 0.6012
vn -0.0709 0.8036 0.5909
vn 0.1890 0.2677 0.9448
vn 0.0079 0.6707 0.7417
vn 0.1103 0.0551 0.9924
vn -0.0314 0.5883 0.8080
vn -0.0394 0.7411 0.6702
vn 0.0316 -0.0948 0.9950
vn -0.0316 0.2683 0.9628
vn -0.0079 -0.1733 0.9848
vn -0.0315 0.3861 0.9219
vn -0.0079 0.6150 0.7885
vn -0.0316 -0.2368 0.9710
vn -0.0395 0.0869 0.9954
vn -0.0392 -0.2589 0.9651
vn -0.0157 0.2202 0.9753
vn -0.0079 0.4409 0.8975
vn -0.0550 -0.2514 0.9663
vn -0.0314 0.0550 0.9980
vn -0.0000 0.3162 0.9487
vn -0.0710 -0.2289 0.9709
vn -0.0315 0.1182 0.9925
vn -0.0315 0.1182 0.9925
vn 0.1655 -0.0394 -0.9854
vn 0.4240 -0.0707 -0.9029
vn 0.2514 -0.0550 -0.9663
vn 0.9716 -0.1027 -0.2133
vn 0.8580 -0.1338 -0.4959
vn 0.9244 -0.0869 -0.3713
vn 0.3138 -0.0235 -0.9492
vn 0.1580 -0.0158 -0.9873
vn 0.6686 -0.0787 -0.7394
vn 0.2829 0.0236 -0.9588
vn 0.1733 0.0000 -0.9849
vn 0.6285 0.0079 -0.7778
vn 0.2987 0.0786 -0.9511
vn 0.2590 -0.0314 -0.9654
vn 0.1974 0.0474 -0.9792
vn 0.2051 0.0394 -0.9780
vn 0.3469 0.1183 -0.9304
vn 0.5836 0.1104 -0.8045
vn 0.9047 0.0315 -0.4248
vn 0.9768 0.0236 -0.2127
vn 0.5500 0.1728 -0.8171
vn 0.5574 0.1884 -0.8086
vn 0.8594 0.1735 -0.4810
vn 0.9482 0.1817 -0.2607
vn 0.7998 0.2431 -0.5489
vn 0.7141 0.2354 -0.6592
vn 0.9133 0.2677 -0.3070
vn 0.8271 0.2915 -0.4805
vn 0.9000 0.2921 -0.3237
vn 0.8888 0.2910 -0.3540
usemtl AK_Foresaken_white
f 1/1/1 2/2/2 3/3/3
f 4/4/4 1/1/1 3/3/3
f 3/3/3 5/5/5 4/4/4
f 6/6/6 4/4/4 5/5/5
f 5/5/5 7/7/7 6/6/6
f 8/8/8 6/6/6 7/7/7
f 9/9/9 8/8/8 7/7/7
f 8/8/8 9/9/9 10/10/10
f 11/11/11 10/10/10 9/9/9
f 12/12/12 11/11/11 9/9/9
f 13/13/13 10/10/10 11/11/11
f 14/14/14 10/10/10 13/13/13
f 11/11/11 12/12/12 15/15/15
f 15/15/15 13/13/13 11/11/11
f 16/16/16 15/15/15 12/12/12
f 17/17/17 14/14/14 13/13/13
f 17/17/17 18/18/18 14/14/14
f 13/13/13 19/19/19 17/17/17
f 13/13/13 15/15/15 20/20/20
f 19/19/19 13/13/13 20/20/20
f 15/15/15 16/16/16 21/21/21
f 21/21/21 20/20/20 15/15/15
f 22/22/22 19/19/19 20/20/20
f 21/21/21 22/22/22 20/20/20
f 22/22/22 23/23/23 19/19/19
f 24/24/24 21/21/21 16/16/16
f 16/16/16 25/25/25 24/24/24
f 26/26/26 22/22/22 21/21/21
f 21/21/21 24/24/24 26/26/26
f 27/27/27 23/23/23 22/22/22
f 22/22/22 26/26/26 27/27/27
f 28/28/28 23/23/23 27/27/27
f 29/29/29 26/26/26 24/24/24
f 25/25/25 29/29/29 24/24/24
f 30/30/30 28/28/28 27/27/27
f 28/28/28 30/30/30 31/31/31
f 29/29/29 25/25/25 32/32/32
f 33/33/33 32/32/32 25/25/25
f 33/33/33 34/34/34 32/32/32
f 35/35/35 32/32/32 34/34/34
f 32/32/32 35/35/35 29/29/29
f 36/36/36 29/29/29 35/35/35
f 26/26/26 29/29/29 36/36/36
f 37/37/37 36/36/36 35/35/35
f 26/26/26 38/38/38 27/27/27
f 36/36/36 38/38/38 26/26/26
f 30/30/30 27/27/27 38/38/38
f 37/37/37 39/39/39 36/36/36
f 38/38/38 36/36/36 39/39/39
f 39/39/39 37/37/37 40/40/40
f 41/41/41 39/39/39 40/40/40
f 39/39/39 41/41/41 42/42/42
f 42/42/42 38/38/38 39/39/39
f 43/43/43 42/42/42 41/41/41
f 44/44/44 30/30/30 38/38/38
f 38/38/38 42/42/42 44/44/44
f 45/45/45 30/30/30 44/44/44
f 45/45/45 31/31/31 30/30/30
f 31/31/31 45/45/45 46/46/46
f 47/47/47 46/46/46 45/45/45
f 46/46/46 47/47/47 48/48/48
f 49/49/49 45/45/45 44/44/44
f 47/47/47 45/45/45 49/49/49
f 50/50/50 48/48/48 47/47/47
f 50/50/50 47/47/47 49/49/49
f 51/51/51 48/48/48 50/50/50
f 52/52/52 51/51/51 50/50/50
f 44/44/44 53/53/53 49/49/49
f 53/53/53 44/44/44 42/42/42
f 50/50/50 49/49/49 54/54/54
f 54/54/54 49/49/49 53/53/53
f 50/50/50 55/55/55 52/52/52
f 55/55/55 50/50/50 54/54/54
f 53/53/53 42/42/42 56/56/56
f 42/42/42 43/43/43 56/56/56
f 57/57/57 54/54/54 53/53/53
f 53/53/53 56/56/56 57/57/57
f 58/58/58 54/54/54 57/57/57
f 56/56/56 58/58/58 57/57/57
f 59/59/59 56/56/56 43/43/43
f 58/58/58 56/56/56 59/59/59
f 43/43/43 60/60/60 59/59/59
f 61/61/61 60/60/60 43/43/43
f 58/58/58 59/59/59 62/62/62
f 59/59/59 63/63/63 62/62/62
f 59/59/59 60/60/60 63/63/63
f 58/58/58 62/62/62 64/64/64
f 60/60/60 65/65/65 63/63/63
f 66/66/66 58/58/58 64/64/64
f 60/60/60 67/67/67 65/65/65
f 60/60/60 61/61/61 67/67/67
f 68/68/68 65/65/65 67/67/67
f 61/61/61 68/68/68 67/67/67
f 58/58/58 66/66/66 69/69/69
f 54/54/54 58/58/58 69/69/69
f 66/66/66 70/70/70 69/69/69
f 69/69/69 55/55/55 54/54/54
f 71/71/71 69/69/69 70/70/70
f 55/55/55 69/69/69 72/72/72
f 69/69/69 71/71/71 72/72/72
f 70/70/70 73/73/73 71/71/71
f 73/73/73 70/70/70 74/74/74
f 74/74/74 75/75/75 73/73/73
f 76/76/76 73/73/73 75/75/75
f 73/73/73 76/76/76 71/71/71
f 76/76/76 75/75/75 77/77/77
f 78/78/78 72/72/72 71/71/71
f 78/78/78 71/71/71 76/76/76
f 78/78/78 79/79/79 72/72/72
f 72/72/72 79/79/79 55/55/55
f 80/80/80 78/78/78 76/76/76
f 79/79/79 78/78/78 80/80/80
f 77/77/77 81/81/81 76/76/76
f 81/81/81 80/80/80 76/76/76
f 81/81/81 77/77/77 82/82/82
f 81/81/81 82/82/82 83/83/83
f 83/83/83 84/84/84 81/81/81
f 84/84/84 85/85/85 81/81/81
f 85/85/85 84/84/84 86/86/86
f 81/81/81 87/87/87 80/80/80
f 87/87/87 81/81/81 85/85/85
f 80/80/80 88/88/88 79/79/79
f 88/88/88 80/80/80 87/87/87
f 89/89/89 85/85/85 86/86/86
f 89/89/89 86/86/86 90/90/90
f 85/85/85 91/91/91 87/87/87
f 91/91/91 85/85/85 89/89/89
f 87/87/87 92/92/92 88/88/88
f 92/92/92 87/87/87 91/91/91
f 90/90/90 93/93/93 89/89/89
f 93/93/93 90/90/90 94/94/94
f 95/95/95 91/91/91 89/89/89
f 93/93/93 95/95/95 89/89/89
f 96/96/96 92/92/92 91/91/91
f 91/91/91 95/95/95 96/96/96
f 97/97/97 93/93/93 94/94/94
f 94/94/94 98/98/98 97/97/97
f 99/99/99 95/95/95 93/93/93
f 97/97/97 99/99/99 93/93/93
f 95/95/95 99/99/99 100/100/100
f 100/100/100 96/96/96 95/95/95
f 98/98/98 101/101/101 97/97/97
f 101/101/101 98/98/98 102/102/102
f 103/103/103 99/99/99 97/97/97
f 103/103/103 97/97/97 101/101/101
f 104/104/104 100/100/100 99/99/99
f 99/99/99 103/103/103 104/104/104
f 105/105/105 101/101/101 102/102/102
f 102/102/102 106/106/106 105/105/105
f 107/107/107 103/103/103 101/101/101
f 107/107/107 101/101/101 105/105/105
f 108/108/108 104/104/104 103/103/103
f 108/108/108 103/103/103 107/107/107
f 109/109/109 100/100/100 104/104/104
f 109/109/109 96/96/96 100/100/100
f 110/110/110 104/104/104 108/108/108
f 110/110/110 109/109/109 104/104/104
f 107/107/107 111/111/111 108/108/108
f 109/109/109 110/110/110 112/112/112
f 111/111/111 107/107/107 113/113/113
f 105/105/105 113/113/113 107/107/107
f 114/114/114 108/108/108 111/111/111
f 108/108/108 114/114/114 110/110/110
f 111/111/111 113/113/113 115/115/115
f 114/114/114 111/111/111 115/115/115
f 113/113/113 105/105/105 116/116/116
f 106/106/106 116/116/116 105/105/105
f 116/116/116 106/106/106 117/117/117
f 118/118/118 116/116/116 117/117/117
f 115/115/115 113/113/113 119/119/119
f 116/116/116 119/119/119 113/113/113
f 116/116/116 118/118/118 120/120/120
f 119/119/119 116/116/116 120/120/120
f 120/120/120 118/118/118 121/121/121
f 122/122/122 120/120/120 121/121/121
f 120/120/120 122/122/122 123/123/123
f 123/123/123 119/119/119 120/120/120
f 123/123/123 122/122/122 124/124/124
f 115/115/115 119/119/119 125/125/125
f 119/119/119 123/123/123 125/125/125
f 114/114/114 115/115/115 125/125/125
f 123/123/123 124/124/124 126/126/126
f 126/126/126 125/125/125 123/123/123
f 124/124/124 127/127/127 126/126/126
f 126/126/126 127/127/127 128/128/128
f 125/125/125 126/126/126 129/129/129
f 128/128/128 129/129/129 126/126/126
f 130/130/130 131/131/131 128/128/128
f 128/128/128 131/131/131 129/129/129
f 132/132/132 129/129/129 131/131/131
f 133/133/133 125/125/125 129/129/129
f 129/129/129 132/132/132 133/133/133
f 125/125/125 133/133/133 114/114/114
f 134/134/134 133/133/133 132/132/132
f 133/133/133 134/134/134 135/135/135
f 135/135/135 114/114/114 133/133/133
f 136/136/136 135/135/135 134/134/134
f 114/114/114 135/135/135 137/137/137
f 114/114/114 137/137/137 110/110/110
f 137/137/137 112/112/112 110/110/110
f 135/135/135 136/136/136 138/138/138
f 138/138/138 137/137/137 135/135/135
f 137/137/137 138/138/138 112/112/112
f 136/136/136 139/139/139 138/138/138
f 138/138/138 140/140/140 112/112/112
f 139/139/139 140/140/140 138/138/138
f 112/112/112 140/140/140 109/109/109
f 96/96/96 109/109/109 140/140/140
f 140/140/140 139/139/139 141/141/141
f 141/141/141 96/96/96 140/140/140
f 96/96/96 141/141/141 92/92/92
f 139/139/139 142/142/142 141/141/141
f 141/141/141 88/88/88 92/92/92
f 141/141/141 142/142/142 143/143/143
f 88/88/88 141/141/141 143/143/143
f 142/142/142 144/144/144 143/143/143
f 143/143/143 79/79/79 88/88/88
f 52/52/52 143/143/143 144/144/144
f 143/143/143 55/55/55 79/79/79
f 143/143/143 52/52/52 55/55/55
f 145/145/145 146/146/146 147/147/147
f 147/147/147 146/146/146 148/148/148
f 148/148/148 149/149/149 147/147/147
f 148/148/148 150/150/150 149/149/149
f 149/149/149 150/150/150 151/151/151
f 151/151/151 150/150/150 152/152/152
f 153/153/153 151/151/151 152/152/152
f 153/153/153 152/152/152 154/154/154
f 154/154/154 155/155/155 153/153/153
f 156/156/156 155/155/155 157/157/157
f 155/155/155 156/156/156 158/158/158
f 159/159/159 155/155/155 158/158/158
f 160/160/160 151/151/151 153/153/153
f 151/151/151 160/160/160 149/149/149
f 161/161/161 153/153/153 155/155/155
f 155/155/155 159/159/159 162/162/162
f 161/161/161 155/155/155 162/162/162
f 162/162/162 159/159/159 163/163/163
f 164/164/164 162/162/162 163/163/163
f 153/153/153 161/161/161 165/165/165
f 160/160/160 153/153/153 165/165/165
f 162/162/162 165/165/165 161/161/161
f 166/166/166 162/162/162 164/164/164
f 167/167/167 160/160/160 165/165/165
f 166/166/166 168/168/168 162/162/162
f 168/168/168 166/166/166 169/169/169
f 169/169/169 170/170/170 168/168/168
f 168/168/168 170/170/170 171/171/171
f 171/171/171 172/172/172 168/168/168
f 171/171/171 173/173/173 172/172/172
f 174/174/174 168/168/168 172/172/172
f 162/162/162 168/168/168 174/174/174
f 175/175/175 172/172/172 173/173/173
f 172/172/172 175/175/175 174/174/174
f 173/173/173 176/176/176 175/175/175
f 174/174/174 177/177/177 162/162/162
f 176/176/176 178/178/178 175/175/175
f 178/178/178 176/176/176 179/179/179
f 175/175/175 180/180/180 174/174/174
f 180/180/180 175/175/175 178/178/178
f 177/177/177 174/174/174 180/180/180
f 179/179/179 181/181/181 178/178/178
f 178/178/178 181/181/181 180/180/180
f 179/179/179 182/182/182 181/181/181
f 183/183/183 182/182/182 184/184/184
f 185/185/185 182/182/182 183/183/183
f 186/186/186 182/182/182 185/185/185
f 187/187/187 182/182/182 186/186/186
f 181/181/181 182/182/182 187/187/187
f 186/186/186 188/188/188 187/187/187
f 189/189/189 180/180/180 181/181/181
f 187/187/187 189/189/189 181/181/181
f 190/190/190 180/180/180 189/189/189
f 180/180/180 190/190/190 177/177/177
f 189/189/189 187/187/187 191/191/191
f 190/190/190 189/189/189 191/191/191
f 187/187/187 188/188/188 192/192/192
f 192/192/192 191/191/191 187/187/187
f 193/193/193 177/177/177 190/190/190
f 191/191/191 192/192/192 194/194/194
f 195/195/195 177/177/177 193/193/193
f 177/177/177 195/195/195 162/162/162
f 165/165/165 162/162/162 195/195/195
f 165/165/165 195/195/195 167/167/167
f 195/195/195 193/193/193 196/196/196
f 167/167/167 195/195/195 196/196/196
f 190/190/190 197/197/197 193/193/193
f 196/196/196 193/193/193 197/197/197
f 191/191/191 198/198/198 190/190/190
f 198/198/198 197/197/197 190/190/190
f 196/196/196 197/197/197 199/199/199
f 199/199/199 197/197/197 200/200/200
f 198/198/198 200/200/200 197/197/197
f 201/201/201 196/196/196 199/199/199
f 196/196/196 201/201/201 167/167/167
f 200/200/200 198/198/198 202/202/202
f 198/198/198 203/203/203 202/202/202
f 201/201/201 204/204/204 167/167/167
f 160/160/160 167/167/167 204/204/204
f 204/204/204 201/201/201 205/205/205
f 149/149/149 160/160/160 204/204/204
f 205/205/205 149/149/149 204/204/204
f 206/206/206 149/149/149 205/205/205
f 149/149/149 206/206/206 207/207/207
f 208/208/208 207/207/207 206/206/206
f 207/207/207 208/208/208 209/209/209
f 210/210/210 209/209/209 208/208/208
f 209/209/209 210/210/210 211/211/211
f 210/210/210 212/212/212 211/211/211
f 212/212/212 210/210/210 213/213/213
f 213/213/213 214/214/214 212/212/212
f 214/214/214 213/213/213 215/215/215
f 216/216/216 214/214/214 215/215/215
f 215/215/215 213/213/213 217/217/217
f 218/218/218 215/215/215 217/217/217
f 217/217/217 219/219/219 218/218/218
f 219/219/219 220/220/220 218/218/218
f 219/219/219 221/221/221 220/220/220
f 219/219/219 222/222/222 221/221/221
f 221/221/221 222/222/222 223/223/223
f 222/222/222 224/224/224 223/223/223
f 224/224/224 222/222/222 225/225/225
f 225/225/225 226/226/226 224/224/224
f 227/227/227 226/226/226 225/225/225
f 228/228/228 227/227/227 225/225/225
f 227/227/227 228/228/228 229/229/229
f 229/229/229 228/228/228 230/230/230
f 229/229/229 230/230/230 231/231/231
f 230/230/230 232/232/232 231/231/231
f 232/232/232 233/233/233 231/231/231
f 234/234/234 233/233/233 232/232/232
f 232/232/232 235/235/235 234/234/234
f 236/236/236 235/235/235 232/232/232
f 237/237/237 238/238/238 239/239/239
f 240/240/240 239/239/239 238/238/238
f 239/239/239 240/240/240 241/241/241
f 240/240/240 242/242/242 241/241/241
f 242/242/242 243/243/243 241/241/241
f 242/242/242 244/244/244 243/243/243
f 243/243/243 244/244/244 245/245/245
f 244/244/244 246/246/246 245/245/245
f 246/246/246 244/244/244 247/247/247
f 247/247/247 248/248/248 246/246/246
f 248/248/248 247/247/247 249/249/249
f 249/249/249 250/250/250 248/248/248
f 250/250/250 249/249/249 251/251/251
f 251/251/251 252/252/252 250/250/250
f 252/252/252 251/251/251 253/253/253
f 254/254/254 252/252/252 253/253/253
f 252/252/252 254/254/254 255/255/255
f 256/256/256 255/255/255 254/254/254
f 255/255/255 256/256/256 257/257/257
f 256/256/256 258/258/258 257/257/257
f 258/258/258 256/256/256 259/259/259
f 259/259/259 260/260/260 258/258/258
f 260/260/260 259/259/259 261/261/261
f 261/261/261 262/262/262 260/260/260
f 262/262/262 261/261/261 263/263/263
f 263/263/263 264/264/264 262/262/262
f 264/264/264 263/263/263 265/265/265
f 266/266/266 264/264/264 265/265/265
f 265/265/265 267/267/267 266/266/266
f 268/268/268 266/266/266 267/267/267
f 269/269/269 268/268/268 267/267/267
f 269/269/269 270/270/270 268/268/268
f 269/269/269 271/271/271 270/270/270
f 272/272/272 273/273/273 274/274/274
f 274/274/274 273/273/273 275/275/275
f 275/275/275 276/276/276 274/274/274
f 275/275/275 277/277/277 276/276/276
f 277/277/277 275/275/275 278/278/278
f 279/279/279 280/280/280 281/281/281
f 282/282/282 279/279/279 281/281/281
f 283/283/283 279/279/279 282/282/282
f 282/282/282 284/284/284 283/283/283
f 285/285/285 286/286/286 287/287/287
f 288/288/288 289/289/289 290/290/290
f 288/288/288 291/291/291 289/289/289
f 291/291/291 292/292/292 289/289/289
f 292/292/292 293/293/293 289/289/289
f 294/294/294 293/293/293 292/292/292
f 293/293/293 294/294/294 295/295/295
f 296/296/296 295/295/295 294/294/294
f 295/295/295 296/296/296 297/297/297
f 298/298/298 297/297/297 296/296/296
f 297/297/297 298/298/298 299/299/299
f 300/300/300 299/299/299 298/298/298
f 299/299/299 300/300/300 301/301/301
f 302/302/302 300/300/300 303/303/303
f 301/301/301 300/300/300 302/302/302
f 301/301/301 302/302/302 304/304/304
f 305/305/305 301/301/301 304/304/304
f 306/306/306 307/307/307 308/308/308
f 309/309/309 308/308/308 307/307/307
f 309/309/309 310/310/310 308/308/308
f 309/309/309 311/311/311 310/310/310
f 309/309/309 312/312/312 311/311/311
f 313/313/313 312/312/312 309/309/309
f 312/312/312 313/313/313 314/314/314
f 315/315/315 314/314/314 313/313/313
f 314/314/314 315/315/315 316/316/316
f 317/317/317 316/316/316 315/315/315
f 318/318/318 316/316/316 317/317/317
f 315/315/315 319/319/319 317/317/317
f 320/320/320 318/318/318 317/317/317
f 320/320/320 317/317/317 319/319/319
f 319/319/319 321/321/321 320/320/320
f 320/320/320 322/322/322 318/318/318
f 323/323/323 320/320/320 321/321/321
f 324/324/324 322/322/322 320/320/320
f 323/323/323 324/324/324 320/320/320
f 324/324/324 325/325/325 322/322/322
f 324/324/324 326/326/326 325/325/325
f 323/323/323 327/327/327 324/324/324
f 326/326/326 324/324/324 327/327/327
f 327/327/327 323/323/323 328/328/328
f 327/327/327 329/329/329 326/326/326
f 327/327/327 328/328/328 330/330/330
f 331/331/331 330/330/330 328/328/328
f 330/330/330 331/331/331 332/332/332
f 329/329/329 327/327/327 333/333/333
f 330/330/330 333/333/333 327/327/327
f 333/333/333 334/334/334 329/329/329
f 335/335/335 330/330/330 332/332/332
f 333/333/333 330/330/330 335/335/335
f 332/332/332 336/336/336 335/335/335
f 335/335/335 336/336/336 337/337/337
f 333/333/333 335/335/335 337/337/337
f 338/338/338 337/337/337 336/336/336
f 334/334/334 333/333/333 339/339/339
f 333/333/333 337/337/337 339/339/339
f 338/338/338 340/340/340 337/337/337
f 340/340/340 339/339/339 337/337/337
f 340/340/340 338/338/338 341/341/341
f 342/342/342 334/334/334 339/339/339
f 334/334/334 342/342/342 343/343/343
f 340/340/340 341/341/341 344/344/344
f 345/345/345 344/344/344 341/341/341
f 346/346/346 339/339/339 340/340/340
f 339/339/339 346/346/346 342/342/342
f 347/347/347 340/340/340 344/344/344
f 347/347/347 344/344/344 345/345/345
f 340/340/340 347/347/347 346/346/346
f 348/348/348 343/343/343 342/342/342
f 343/343/343 348/348/348 349/349/349
f 350/350/350 342/342/342 346/346/346
f 342/342/342 350/350/350 348/348/348
f 351/351/351 349/349/349 348/348/348
f 349/349/349 351/351/351 352/352/352
f 352/352/352 353/353/353 354/354/354
f 353/353/353 352/352/352 351/351/351
f 355/355/355 353/353/353 351/351/351
f 348/348/348 356/356/356 351/351/351
f 355/355/355 351/351/351 356/356/356
f 356/356/356 348/348/348 350/350/350
f 357/357/357 355/355/355 356/356/356
f 356/356/356 358/358/358 357/357/357
f 356/356/356 350/350/350 358/358/358
f 358/358/358 359/359/359 357/357/357
f 358/358/358 360/360/360 359/359/359
f 361/361/361 358/358/358 350/350/350
f 358/358/358 361/361/361 360/360/360
f 346/346/346 361/361/361 350/350/350
f 361/361/361 346/346/346 347/347/347
f 361/361/361 362/362/362 360/360/360
f 347/347/347 362/362/362 361/361/361
f 347/347/347 363/363/363 362/362/362
f 364/364/364 362/362/362 363/363/363
f 347/347/347 365/365/365 363/363/363
f 345/345/345 365/365/365 347/347/347
f 365/365/365 345/345/345 366/366/366
f 367/367/367 364/364/364 363/363/363
f 367/367/367 368/368/368 364/364/364
f 363/363/363 365/365/365 369/369/369
f 367/367/367 363/363/363 369/369/369
f 366/366/366 370/370/370 365/365/365
f 370/370/370 369/369/369 365/365/365
f 371/371/371 370/370/370 366/366/366
f 372/372/372 367/367/367 369/369/369
f 371/371/371 373/373/373 370/370/370
f 373/373/373 371/371/371 374/374/374
f 367/367/367 372/372/372 375/375/375
f 376/376/376 373/373/373 374/374/374
f 369/369/369 377/377/377 372/372/372
f 367/367/367 375/375/375 378/378/378
f 368/368/368 367/367/367 378/378/378
f 379/379/379 378/378/378 375/375/375
f 378/378/378 380/380/380 368/368/368
f 381/381/381 378/378/378 379/379/379
f 379/379/379 382/382/382 381/381/381
f 380/380/380 378/378/378 383/383/383
f 378/378/378 381/381/381 383/383/383
f 380/380/380 383/383/383 384/384/384
f 381/381/381 382/382/382 385/385/385
f 386/386/386 385/385/385 382/382/382
f 387/387/387 385/385/385 386/386/386
f 385/385/385 387/387/387 388/388/388
f 381/381/381 389/389/389 383/383/383
f 385/385/385 389/389/389 381/381/381
f 384/384/384 383/383/383 389/389/389
f 388/388/388 389/389/389 385/385/385
f 390/390/390 384/384/384 389/389/389
f 389/389/389 388/388/388 390/390/390
f 369/369/369 370/370/370 391/391/391
f 377/377/377 369/369/369 391/391/391
f 373/373/373 391/391/391 370/370/370
f 392/392/392 377/377/377 391/391/391
f 391/391/391 373/373/373 392/392/392
f 377/377/377 392/392/392 393/393/393
f 373/373/373 394/394/394 392/392/392
f 376/376/376 394/394/394 373/373/373
f 395/395/395 394/394/394 376/376/376
f 396/396/396 393/393/393 392/392/392
f 396/396/396 392/392/392 394/394/394
f 397/397/397 393/393/393 396/396/396
f 395/395/395 398/398/398 394/394/394
f 394/394/394 398/398/398 396/396/396
f 398/398/398 395/395/395 399/399/399
f 398/398/398 399/399/399 400/400/400
f 401/401/401 397/397/397 396/396/396
f 401/401/401 396/396/396 398/398/398
f 400/400/400 401/401/401 398/398/398
f 397/397/397 401/401/401 402/402/402
f 401/401/401 400/400/400 403/403/403
f 403/403/403 402/402/402 401/401/401
f 402/402/402 403/403/403 404/404/404
f 405/405/405 406/406/406 407/407/407
f 405/405/405 407/407/407 408/408/408
f 407/407/407 409/409/409 408/408/408
f 410/410/410 411/411/411 412/412/412
f 411/411/411 413/413/413 412/412/412
f 412/412/412 413/413/413 414/414/414
f 413/413/413 415/415/415 414/414/414
f 414/414/414 415/415/415 416/416/416
f 415/415/415 417/417/417 416/416/416
f 417/417/417 415/415/415 418/418/418
f 415/415/415 419/419/419 418/418/418
f 413/413/413 420/420/420 415/415/415
f 419/419/419 415/415/415 420/420/420
f 420/420/420 413/413/413 421/421/421
f 420/420/420 422/422/422 419/419/419
f 423/423/423 420/420/420 421/421/421
f 424/424/424 422/422/422 420/420/420
f 423/423/423 424/424/424 420/420/420
f 425/425/425 424/424/424 423/423/423
f 426/426/426 427/427/427 428/428/428
f 428/428/428 429/429/429 426/426/426
f 429/429/429 428/428/428 430/430/430
f 431/431/431 429/429/429 430/430/430
f 432/432/432 431/431/431 430/430/430
f 431/431/431 432/432/432 433/433/433
f 432/432/432 434/434/434 433/433/433
f 435/435/435 433/433/433 434/434/434
f 436/436/436 435/435/435 434/434/434
f 436/436/436 437/437/437 435/435/435
f 438/438/438 437/437/437 436/436/436
f 437/437/437 438/438/438 439/439/439
f 439/439/439 438/438/438 440/440/440
f 441/441/441 439/439/439 440/440/440
f 442/442/442 443/443/443 444/444/444
f 445/445/445 446/446/446 444/444/444
f 447/447/447 448/448/448 449/449/449
f 450/450/450 451/451/451 452/452/452
f 451/451/451 450/450/450 453/453/453
f 453/453/453 450/450/450 454/454/454
f 454/454/454 450/450/450 455/455/455
f 455/455/455 456/456/456 454/454/454
f 456/456/456 455/455/455 457/457/457
f 457/457/457 458/458/458 456/456/456
f 458/458/458 457/457/457 459/459/459
f 459/459/459 460/460/460 458/458/458
f 460/460/460 459/459/459 461/461/461
f 461/461/461 462/462/462 460/460/460
f 462/462/462 461/461/461 463/463/463
f 464/464/464 465/465/465 462/462/462
f 462/462/462 463/463/463 464/464/464
f 466/466/466 464/464/464 463/463/463
f 467/467/467 466/466/466 463/463/463
f 468/468/468 469/469/469 470/470/470
f 471/471/471 472/472/472 473/473/473
f 474/474/474 475/475/475 476/476/476
f 474/474/474 471/471/471 475/475/475
f 477/477/477 476/476/476 478/478/478
f 477/477/477 478/478/478 479/479/479
f 476/476/476 480/480/480 474/474/474
f 480/480/480 476/476/476 477/477/477
f 479/479/479 481/481/481 477/477/477
f 481/481/481 479/479/479 482/482/482
f 477/477/477 483/483/483 480/480/480
f 483/483/483 477/477/477 481/481/481
f 482/482/482 484/484/484 481/481/481
f 484/484/484 482/482/482 485/485/485
f 486/486/486 483/483/483 481/481/481
f 481/481/481 484/484/484 486/486/486
f 485/485/485 487/487/487 484/484/484
f 485/485/485 488/488/488 487/487/487
f 484/484/484 489/489/489 486/486/486
f 489/489/489 484/484/484 487/487/487
f 490/490/490 483/483/483 486/486/486
f 486/486/486 489/489/489 490/490/490
f 491/491/491 487/487/487 488/488/488
f 492/492/492 491/491/491 488/488/488
f 493/493/493 489/489/489 487/487/487
f 487/487/487 491/491/491 493/493/493
f 492/492/492 494/494/494 491/491/491
f 494/494/494 492/492/492 495/495/495
f 494/494/494 493/493/493 491/491/491
f 494/494/494 496/496/496 497/497/497
f 497/497/497 498/498/498 494/494/494
f 494/494/494 498/498/498 493/493/493
f 497/497/497 499/499/499 498/498/498
f 500/500/500 493/493/493 498/498/498
f 500/500/500 498/498/498 499/499/499
f 493/493/493 500/500/500 489/489/489
f 500/500/500 490/490/490 489/489/489
f 501/501/501 500/500/500 499/499/499
f 500/500/500 501/501/501 490/490/490
f 502/502/502 490/490/490 501/501/501
f 490/490/490 502/502/502 503/503/503
f 483/483/483 490/490/490 503/503/503
f 503/503/503 480/480/480 483/483/483
f 504/504/504 503/503/503 502/502/502
f 480/480/480 503/503/503 505/505/505
f 503/503/503 504/504/504 505/505/505
f 505/505/505 474/474/474 480/480/480
f 505/505/505 504/504/504 506/506/506
f 474/474/474 505/505/505 506/506/506
f 504/504/504 507/507/507 506/506/506
f 506/506/506 471/471/471 474/474/474
f 507/507/507 508/508/508 506/506/506
f 471/471/471 506/506/506 508/508/508
f 508/508/508 507/507/507 509/509/509
f 471/471/471 508/508/508 472/472/472
f 508/508/508 509/509/509 510/510/510
f 508/508/508 510/510/510 472/472/472
f 509/509/509 511/511/511 510/510/510
f 510/510/510 512/512/512 472/472/472
f 513/513/513 472/472/472 512/512/512
f 513/513/513 512/512/512 470/470/470
f 510/510/510 511/511/511 514/514/514
f 512/512/512 510/510/510 514/514/514
f 514/514/514 470/470/470 512/512/512
f 511/511/511 515/515/515 514/514/514
f 470/470/470 514/514/514 516/516/516
f 515/515/515 516/516/516 514/514/514
f 516/516/516 468/468/468 470/470/470
f 516/516/516 515/515/515 517/517/517
f 517/517/517 518/518/518 516/516/516
f 516/516/516 518/518/518 468/468/468
f 518/518/518 517/517/517 519/519/519
f 518/518/518 520/520/520 468/468/468
f 468/468/468 520/520/520 521/521/521
f 520/520/520 522/522/522 521/521/521
f 519/519/519 523/523/523 518/518/518
f 520/520/520 518/518/518 523/523/523
f 523/523/523 519/519/519 524/524/524
f 522/522/522 520/520/520 525/525/525
f 523/523/523 525/525/525 520/520/520
f 525/525/525 526/526/526 522/522/522
f 523/523/523 524/524/524 527/527/527
f 525/525/525 528/528/528 526/526/526
f 528/528/528 529/529/529 526/526/526
f 525/525/525 523/523/523 530/530/530
f 530/530/530 528/528/528 525/525/525
f 523/523/523 527/527/527 530/530/530
f 528/528/528 530/530/530 531/531/531
f 527/527/527 531/531/531 530/530/530
f 532/532/532 528/528/528 531/531/531
f 527/527/527 533/533/533 531/531/531
f 531/531/531 534/534/534 532/532/532
f 533/533/533 534/534/534 531/531/531
f 534/534/534 533/533/533 535/535/535
f 536/536/536 534/534/534 535/535/535
f 534/534/534 536/536/536 537/537/537
f 538/538/538 537/537/537 536/536/536
f 539/539/539 540/540/540 541/541/541
f 541/541/541 542/542/542 539/539/539
f 542/542/542 541/541/541 543/543/543
f 544/544/544 542/542/542 543/543/543
f 542/542/542 544/544/544 545/545/545
f 545/545/545 546/546/546 542/542/542
f 547/547/547 545/545/545 544/544/544
f 546/546/546 545/545/545 548/548/548
f 549/549/549 548/548/548 550/550/550
f 551/551/551 545/545/545 547/547/547
f 551/551/551 548/548/548 545/545/545
f 548/548/548 552/552/552 550/550/550
f 548/548/548 551/551/551 552/552/552
f 553/553/553 550/550/550 552/552/552
f 547/547/547 554/554/554 551/551/551
f 554/554/554 552/552/552 551/551/551
f 555/555/555 554/554/554 547/547/547
f 556/556/556 554/554/554 555/555/555
f 557/557/557 553/553/553 552/552/552
f 552/552/552 554/554/554 557/557/557
f 553/553/553 557/557/557 558/558/558
f 559/559/559 558/558/558 557/557/557
f 556/556/556 560/560/560 554/554/554
f 560/560/560 557/557/557 554/554/554
f 560/560/560 559/559/559 557/557/557
f 561/561/561 560/560/560 556/556/556
f 561/561/561 562/562/562 560/560/560
f 562/562/562 559/559/559 560/560/560
f 563/563/563 562/562/562 561/561/561
f 562/562/562 564/564/564 559/559/559
f 564/564/564 565/565/565 559/559/559
f 563/563/563 566/566/566 562/562/562
f 566/566/566 564/564/564 562/562/562
f 567/567/567 566/566/566 563/563/563
f 566/566/566 568/568/568 564/564/564
f 568/568/568 569/569/569 564/564/564
f 570/570/570 566/566/566 567/567/567
f 570/570/570 568/568/568 566/566/566
f 571/571/571 570/570/570 567/567/567
f 572/572/572 570/570/570 571/571/571
f 573/573/573 572/572/572 571/571/571
f 568/568/568 570/570/570 574/574/574
f 572/572/572 574/574/574 570/570/570
f 574/574/574 575/575/575 568/568/568
f 576/576/576 574/574/574 572/572/572
f 576/576/576 577/577/577 574/574/574
f 578/578/578 579/579/579 580/580/580
f 579/579/579 578/578/578 576/576/576
f 580/580/580 581/581/581 582/582/582
f 583/583/583 582/582/582 581/581/581
f 584/584/584 580/580/580 579/579/579
f 580/580/580 584/584/584 581/581/581
f 576/576/576 585/585/585 579/579/579
f 585/585/585 576/576/576 572/572/572
f 572/572/572 573/573/573 585/585/585
f 586/586/586 579/579/579 585/585/585
f 573/573/573 586/586/586 585/585/585
f 579/579/579 586/586/586 584/584/584
f 586/586/586 573/573/573 587/587/587
f 586/586/586 587/587/587 588/588/588
f 588/588/588 584/584/584 586/586/586
f 587/587/587 589/589/589 588/588/588
f 584/584/584 588/588/588 590/590/590
f 590/590/590 581/581/581 584/584/584
f 588/588/588 589/589/589 591/591/591
f 588/588/588 591/591/591 590/590/590
f 581/581/581 590/590/590 592/592/592
f 592/592/592 583/583/583 581/581/581
f 593/593/593 583/583/583 592/592/592
f 590/590/590 594/594/594 592/592/592
f 590/590/590 591/591/591 594/594/594
f 595/595/595 593/593/593 592/592/592
f 595/595/595 592/592/592 594/594/594
f 596/596/596 593/593/593 595/595/595
f 591/591/591 597/597/597 594/594/594
f 597/597/597 595/595/595 594/594/594
f 598/598/598 596/596/596 595/595/595
f 595/595/595 597/597/597 598/598/598
f 599/599/599 596/596/596 598/598/598
f 597/597/597 591/591/591 600/600/600
f 589/589/589 600/600/600 591/591/591
f 600/600/600 589/589/589 601/601/601
f 598/598/598 602/602/602 599/599/599
f 603/603/603 599/599/599 602/602/602
f 597/597/597 604/604/604 598/598/598
f 602/602/602 598/598/598 604/604/604
f 600/600/600 604/604/604 597/597/597
f 603/603/603 602/602/602 605/605/605
f 605/605/605 602/602/602 604/604/604
f 605/605/605 606/606/606 603/603/603
f 604/604/604 600/600/600 607/607/607
f 605/605/605 604/604/604 607/607/607
f 607/607/607 600/600/600 601/601/601
f 608/608/608 607/607/607 601/601/601
f 608/608/608 605/605/605 607/607/607
f 605/605/605 608/608/608 609/609/609
f 610/610/610 611/611/611 612/612/612
f 612/612/612 613/613/613 614/614/614
f 615/615/615 613/613/613 616/616/616
f 617/617/617 616/616/616 618/618/618
f 619/619/619 620/620/620 621/621/621
f 622/622/622 621/621/621 623/623/623
f 622/622/622 624/624/624 625/625/625
f 625/625/625 626/626/626 627/627/627
f 628/628/628 629/629/629 630/630/630
f 628/628/628 631/631/631 629/629/629
f 629/629/629 631/631/631 632/632/632
f 633/633/633 632/632/632 631/631/631
f 634/634/634 632/632/632 633/633/633
f 635/635/635 634/634/634 633/633/633
f 635/635/635 636/636/636 634/634/634
f 636/636/636 635/635/635 637/637/637
f 638/638/638 636/636/636 637/637/637
f 639/639/639 636/636/636 638/638/638
f 640/640/640 638/638/638 637/637/637
f 640/640/640 637/637/637 641/641/641
f 638/638/638 642/642/642 639/639/639
f 640/640/640 642/642/642 638/638/638
f 642/642/642 643/643/643 639/639/639
f 644/644/644 640/640/640 641/641/641
f 644/644/644 641/641/641 645/645/645
f 646/646/646 640/640/640 644/644/644
f 642/642/642 640/640/640 647/647/647
f 646/646/646 647/647/647 640/640/640
f 643/643/643 642/642/642 648/648/648
f 642/642/642 647/647/647 648/648/648
f 646/646/646 649/649/649 647/647/647
f 649/649/649 648/648/648 647/647/647
f 649/649/649 646/646/646 650/650/650
f 651/651/651 643/643/643 648/648/648
f 643/643/643 651/651/651 652/652/652
f 649/649/649 653/653/653 648/648/648
f 648/648/648 653/653/653 651/651/651
f 654/654/654 649/649/649 650/650/650
f 653/653/653 649/649/649 654/654/654
f 655/655/655 654/654/654 650/650/650
f 651/651/651 653/653/653 656/656/656
f 656/656/656 652/652/652 651/651/651
f 655/655/655 657/657/657 654/654/654
f 657/657/657 655/655/655 658/658/658
f 652/652/652 656/656/656 659/659/659
f 660/660/660 652/652/652 659/659/659
f 660/660/660 659/659/659 661/661/661
f 659/659/659 662/662/662 661/661/661
f 662/662/662 659/659/659 656/656/656
f 663/663/663 662/662/662 656/656/656
f 653/653/653 663/663/663 656/656/656
f 664/664/664 662/662/662 663/663/663
f 665/665/665 653/653/653 654/654/654
f 665/665/665 663/663/663 653/653/653
f 657/657/657 665/665/665 654/654/654
f 666/666/666 664/664/664 663/663/663
f 663/663/663 665/665/665 666/666/666
f 664/664/664 666/666/666 667/667/667
f 666/666/666 668/668/668 667/667/667
f 668/668/668 666/666/666 669/669/669
f 665/665/665 669/669/669 666/666/666
f 669/669/669 670/670/670 668/668/668
f 671/671/671 665/665/665 657/657/657
f 669/669/669 665/665/665 671/671/671
f 657/657/657 672/672/672 671/671/671
f 658/658/658 672/672/672 657/657/657
f 672/672/672 658/658/658 673/673/673
f 671/671/671 674/674/674 669/669/669
f 673/673/673 675/675/675 672/672/672
f 675/675/675 673/673/673 676/676/676
f 677/677/677 671/671/671 672/672/672
f 672/672/672 675/675/675 677/677/677
f 674/674/674 671/671/671 677/677/677
f 678/678/678 675/675/675 676/676/676
f 678/678/678 677/677/677 675/675/675
f 679/679/679 678/678/678 676/676/676
f 680/680/680 678/678/678 679/679/679
f 681/681/681 677/677/677 678/678/678
f 677/677/677 681/681/681 674/674/674
f 678/678/678 680/680/680 682/682/682
f 682/682/682 681/681/681 678/678/678
f 669/669/669 674/674/674 683/683/683
f 670/670/670 669/669/669 683/683/683
f 684/684/684 674/674/674 681/681/681
f 684/684/684 683/683/683 674/674/674
f 681/681/681 685/685/685 684/684/684
f 685/685/685 683/683/683 684/684/684
f 686/686/686 670/670/670 683/683/683
f 683/683/683 685/685/685 686/686/686
f 670/670/670 686/686/686 687/687/687
f 687/687/687 688/688/688 670/670/670
f 686/686/686 685/685/685 689/689/689
f 689/689/689 690/690/690 686/686/686
f 687/687/687 686/686/686 690/690/690
f 691/691/691 689/689/689 685/685/685
f 690/690/690 692/692/692 687/687/687
f 685/685/685 693/693/693 691/691/691
f 694/694/694 687/687/687 692/692/692
f 688/688/688 687/687/687 694/694/694
f 695/695/695 694/694/694 692/692/692
f 688/688/688 694/694/694 695/695/695
f 693/693/693 685/685/685 696/696/696
f 681/681/681 696/696/696 685/685/685
f 693/693/693 696/696/696 697/697/697
f 682/682/682 696/696/696 681/681/681
f 698/698/698 697/697/697 696/696/696
f 699/699/699 696/696/696 682/682/682
f 696/696/696 699/699/699 698/698/698
f 700/700/700 697/697/697 698/698/698
f 697/697/697 700/700/700 701/701/701
f 701/701/701 700/700/700 702/702/702
f 703/703/703 702/702/702 700/700/700
f 703/703/703 700/700/700 698/698/698
f 704/704/704 702/702/702 703/703/703
f 705/705/705 698/698/698 699/699/699
f 698/698/698 705/705/705 703/703/703
f 706/706/706 705/705/705 699/699/699
f 699/699/699 682/682/682 706/706/706
f 707/707/707 703/703/703 705/705/705
f 705/705/705 706/706/706 707/707/707
f 708/708/708 704/704/704 703/703/703
f 708/708/708 703/703/703 707/707/707
f 704/704/704 708/708/708 709/709/709
f 708/708/708 710/710/710 709/709/709
f 710/710/710 708/708/708 711/711/711
f 712/712/712 711/711/711 708/708/708
f 711/711/711 712/712/712 713/713/713
f 714/714/714 708/708/708 707/707/707
f 708/708/708 714/714/714 712/712/712
f 712/712/712 715/715/715 713/713/713
f 716/716/716 713/713/713 715/715/715
f 717/717/717 712/712/712 714/714/714
f 712/712/712 717/717/717 715/715/715
f 707/707/707 718/718/718 714/714/714
f 718/718/718 707/707/707 706/706/706
f 714/714/714 719/719/719 717/717/717
f 719/719/719 714/714/714 718/718/718
f 720/720/720 718/718/718 706/706/706
f 720/720/720 706/706/706 682/682/682
f 680/680/680 720/720/720 682/682/682
f 720/720/720 680/680/680 721/721/721
f 722/722/722 720/720/720 721/721/721
f 723/723/723 718/718/718 720/720/720
f 723/723/723 720/720/720 722/722/722
f 719/719/719 718/718/718 723/723/723
f 724/724/724 723/723/723 722/722/722
f 723/723/723 725/725/725 719/719/719
f 725/725/725 717/717/717 719/719/719
f 726/726/726 723/723/723 724/724/724
f 725/725/725 723/723/723 726/726/726
f 724/724/724 727/727/727 726/726/726
f 727/727/727 724/724/724 728/728/728
f 729/729/729 717/717/717 725/725/725
f 717/717/717 729/729/729 715/715/715
f 728/728/728 730/730/730 727/727/727
f 730/730/730 728/728/728 731/731/731
f 732/732/732 715/715/715 729/729/729
f 732/732/732 716/716/716 715/715/715
f 716/716/716 732/732/732 733/733/733
f 731/731/731 734/734/734 730/730/730
f 734/734/734 731/731/731 735/735/735
f 732/732/732 736/736/736 733/733/733
f 737/737/737 733/733/733 736/736/736
f 738/738/738 732/732/732 729/729/729
f 736/736/736 732/732/732 738/738/738
f 739/739/739 737/737/737 736/736/736
f 740/740/740 737/737/737 739/739/739
f 741/741/741 736/736/736 738/738/738
f 736/736/736 741/741/741 739/739/739
f 738/738/738 729/729/729 742/742/742
f 725/725/725 742/742/742 729/729/729
f 743/743/743 738/738/738 742/742/742
f 741/741/741 738/738/738 743/743/743
f 742/742/742 725/725/725 744/744/744
f 744/744/744 743/743/743 742/742/742
f 725/725/725 726/726/726 744/744/744
f 743/743/743 745/745/745 741/741/741
f 746/746/746 744/744/744 726/726/726
f 727/727/727 746/746/746 726/726/726
f 744/744/744 747/747/747 743/743/743
f 747/747/747 744/744/744 746/746/746
f 747/747/747 745/745/745 743/743/743
f 727/727/727 748/748/748 746/746/746
f 746/746/746 748/748/748 747/747/747
f 748/748/748 727/727/727 730/730/730
f 749/749/749 747/747/747 748/748/748
f 730/730/730 749/749/749 748/748/748
f 747/747/747 749/749/749 745/745/745
f 749/749/749 730/730/730 734/734/734
f 750/750/750 741/741/741 745/745/745
f 741/741/741 750/750/750 739/739/739
f 745/745/745 749/749/749 751/751/751
f 751/751/751 750/750/750 745/745/745
f 752/752/752 739/739/739 750/750/750
f 752/752/752 740/740/740 739/739/739
f 753/753/753 740/740/740 752/752/752
f 750/750/750 751/751/751 754/754/754
f 754/754/754 752/752/752 750/750/750
f 755/755/755 753/753/753 752/752/752
f 752/752/752 754/754/754 755/755/755
f 753/753/753 755/755/755 756/756/756
f 755/755/755 757/757/757 756/756/756
f 751/751/751 758/758/758 754/754/754
f 749/749/749 758/758/758 751/751/751
f 754/754/754 759/759/759 755/755/755
f 758/758/758 759/759/759 754/754/754
f 757/757/757 755/755/755 760/760/760
f 759/759/759 760/760/760 755/755/755
f 760/760/760 761/761/761 757/757/757
f 762/762/762 761/761/761 760/760/760
f 749/749/749 763/763/763 758/758/758
f 758/758/758 763/763/763 759/759/759
f 734/734/734 763/763/763 749/749/749
f 764/764/764 760/760/760 759/759/759
f 760/760/760 764/764/764 762/762/762
f 764/764/764 759/759/759 763/763/763
f 764/764/764 765/765/765 762/762/762
f 763/763/763 734/734/734 766/766/766
f 735/735/735 766/766/766 734/734/734
f 766/766/766 735/735/735 767/767/767
f 768/768/768 764/764/764 763/763/763
f 765/765/765 764/764/764 768/768/768
f 768/768/768 763/763/763 766/766/766
f 765/765/765 768/768/768 769/769/769
f 768/768/768 770/770/770 769/769/769
f 770/770/770 768/768/768 766/766/766
f 770/770/770 766/766/766 767/767/767
f 771/771/771 770/770/770 767/767/767
f 772/772/772 773/773/773 774/774/774
f 775/775/775 774/774/774 773/773/773
f 774/774/774 775/775/775 776/776/776
f 775/775/775 777/777/777 776/776/776
f 778/778/778 776/776/776 777/777/777
f 777/777/777 779/779/779 778/778/778
f 779/779/779 780/780/780 778/778/778
f 779/779/779 781/781/781 780/780/780
f 781/781/781 782/782/782 780/780/780
f 782/782/782 781/781/781 783/783/783
f 783/783/783 784/784/784 782/782/782
f 785/785/785 784/784/784 783/783/783
f 782/782/782 784/784/784 786/786/786
f 782/782/782 786/786/786 787/787/787
f 784/784/784 785/785/785 788/788/788
f 789/789/789 788/788/788 785/785/785
f 790/790/790 786/786/786 784/784/784
f 788/788/788 790/790/790 784/784/784
f 791/791/791 787/787/787 786/786/786
f 787/787/787 791/791/791 792/792/792
f 791/791/791 793/793/793 792/792/792
f 794/794/794 791/791/791 786/786/786
f 786/786/786 790/790/790 794/794/794
f 791/791/791 795/795/795 793/793/793
f 796/796/796 793/793/793 795/795/795
f 791/791/791 794/794/794 797/797/797
f 797/797/797 795/795/795 791/791/791
f 796/796/796 795/795/795 798/798/798
f 796/796/796 798/798/798 799/799/799
f 798/798/798 800/800/800 799/799/799
f 795/795/795 797/797/797 801/801/801
f 802/802/802 800/800/800 798/798/798
f 800/800/800 802/802/802 803/803/803
f 802/802/802 804/804/804 803/803/803
f 795/795/795 805/805/805 798/798/798
f 805/805/805 795/795/795 801/801/801
f 798/798/798 806/806/806 802/802/802
f 806/806/806 798/798/798 805/805/805
f 804/804/804 802/802/802 807/807/807
f 807/807/807 808/808/808 804/804/804
f 802/802/802 806/806/806 809/809/809
f 802/802/802 809/809/809 807/807/807
f 810/810/810 808/808/808 807/807/807
f 808/808/808 810/810/810 811/811/811
f 810/810/810 812/812/812 811/811/811
f 813/813/813 814/814/814 812/812/812
f 812/812/812 810/810/810 813/813/813
f 810/810/810 815/815/815 813/813/813
f 807/807/807 816/816/816 810/810/810
f 816/816/816 815/815/815 810/810/810
f 816/816/816 807/807/807 809/809/809
f 816/816/816 817/817/817 815/815/815
f 817/817/817 816/816/816 818/818/818
f 809/809/809 818/818/818 816/816/816
f 817/817/817 818/818/818 819/819/819
f 818/818/818 820/820/820 819/819/819
f 818/818/818 809/809/809 821/821/821
f 820/820/820 818/818/818 821/821/821
f 806/806/806 821/821/821 809/809/809
f 821/821/821 822/822/822 820/820/820
f 821/821/821 806/806/806 823/823/823
f 822/822/822 821/821/821 823/823/823
f 806/806/806 805/805/805 823/823/823
f 823/823/823 824/824/824 822/822/822
f 825/825/825 823/823/823 805/805/805
f 824/824/824 823/823/823 825/825/825
f 801/801/801 825/825/825 805/805/805
f 825/825/825 826/826/826 824/824/824
f 825/825/825 801/801/801 827/827/827
f 826/826/826 825/825/825 827/827/827
f 797/797/797 827/827/827 801/801/801
f 828/828/828 826/826/826 827/827/827
f 829/829/829 828/828/828 827/827/827
f 827/827/827 797/797/797 829/829/829
f 829/829/829 830/830/830 828/828/828
f 797/797/797 831/831/831 829/829/829
f 830/830/830 829/829/829 831/831/831
f 831/831/831 797/797/797 794/794/794
f 832/832/832 830/830/830 831/831/831
f 794/794/794 832/832/832 831/831/831
f 830/830/830 832/832/832 833/833/833
f 832/832/832 794/794/794 790/790/790
f 832/832/832 834/834/834 833/833/833
f 834/834/834 832/832/832 835/835/835
f 790/790/790 835/835/835 832/832/832
f 835/835/835 836/836/836 834/834/834
f 835/835/835 790/790/790 837/837/837
f 837/837/837 790/790/790 788/788/788
f 835/835/835 838/838/838 836/836/836
f 837/837/837 838/838/838 835/835/835
f 838/838/838 839/839/839 836/836/836
f 194/194/194 837/837/837 788/788/788
f 788/788/788 789/789/789 194/194/194
f 837/837/837 194/194/194 192/192/192
f 188/188/188 837/837/837 192/192/192
f 838/838/838 837/837/837 188/188/188
f 840/840/840 194/194/194 789/789/789
f 203/203/203 840/840/840 789/789/789
f 191/191/191 194/194/194 840/840/840
f 203/203/203 198/198/198 840/840/840
f 198/198/198 191/191/191 840/840/840
f 841/841/841 838/838/838 188/188/188
f 839/839/839 838/838/838 841/841/841
f 188/188/188 842/842/842 841/841/841
f 843/843/843 839/839/839 841/841/841
f 842/842/842 844/844/844 841/841/841
f 841/841/841 844/844/844 843/843/843
f 844/844/844 842/842/842 845/845/845
f 843/843/843 844/844/844 846/846/846
f 845/845/845 846/846/846 844/844/844
f 846/846/846 845/845/845 847/847/847
f 843/843/843 846/846/846 848/848/848
f 849/849/849 846/846/846 847/847/847
f 849/849/849 848/848/848 846/846/846
f 849/849/849 850/850/850 848/848/848
f 850/850/850 849/849/849 851/851/851
f 850/850/850 852/852/852 848/848/848
f 853/853/853 854/854/854 855/855/855
f 854/854/854 856/856/856 855/855/855
f 856/856/856 854/854/854 857/857/857
f 856/856/856 857/857/857 858/858/858
f 857/857/857 859/859/859 858/858/858
f 859/859/859 860/860/860 858/858/858
f 859/859/859 861/861/861 860/860/860
f 860/860/860 861/861/861 862/862/862
f 863/863/863 862/862/862 861/861/861
f 863/863/863 864/864/864 865/865/865
f 863/863/863 866/866/866 864/864/864
f 863/863/863 867/867/867 866/866/866
f 859/859/859 868/868/868 861/861/861
f 868/868/868 859/859/859 857/857/857
f 861/861/861 869/869/869 863/863/863
f 867/867/867 863/863/863 870/870/870
f 869/869/869 870/870/870 863/863/863
f 870/870/870 871/871/871 867/867/867
f 872/872/872 871/871/871 870/870/870
f 861/861/861 873/873/873 869/869/869
f 868/868/868 873/873/873 861/861/861
f 873/873/873 870/870/870 869/869/869
f 874/874/874 872/872/872 870/870/870
f 868/868/868 875/875/875 873/873/873
f 876/876/876 874/874/874 870/870/870
f 874/874/874 876/876/876 877/877/877
f 877/877/877 876/876/876 878/878/878
f 876/876/876 879/879/879 878/878/878
f 880/880/880 879/879/879 876/876/876
f 879/879/879 880/880/880 881/881/881
f 882/882/882 880/880/880 876/876/876
f 870/870/870 882/882/882 876/876/876
f 883/883/883 881/881/881 880/880/880
f 883/883/883 880/880/880 882/882/882
f 884/884/884 881/881/881 883/883/883
f 885/885/885 882/882/882 870/870/870
f 886/886/886 884/884/884 883/883/883
f 884/884/884 886/886/886 887/887/887
f 888/888/888 883/883/883 882/882/882
f 883/883/883 888/888/888 886/886/886
f 882/882/882 885/885/885 888/888/888
f 886/886/886 889/889/889 887/887/887
f 888/888/888 889/889/889 886/886/886
f 887/887/887 889/889/889 890/890/890
f 891/891/891 892/892/892 890/890/890
f 893/893/893 891/891/891 890/890/890
f 894/894/894 893/893/893 890/890/890
f 895/895/895 894/894/894 890/890/890
f 889/889/889 895/895/895 890/890/890
f 894/894/894 895/895/895 896/896/896
f 889/889/889 888/888/888 897/897/897
f 895/895/895 889/889/889 897/897/897
f 888/888/888 898/898/898 897/897/897
f 898/898/898 888/888/888 885/885/885
f 897/897/897 899/899/899 895/895/895
f 898/898/898 899/899/899 897/897/897
f 895/895/895 900/900/900 896/896/896
f 899/899/899 900/900/900 895/895/895
f 901/901/901 898/898/898 885/885/885
f 900/900/900 899/899/899 902/902/902
f 885/885/885 903/903/903 901/901/901
f 903/903/903 885/885/885 870/870/870
f 870/870/870 873/873/873 903/903/903
f 875/875/875 903/903/903 873/873/873
f 904/904/904 901/901/901 903/903/903
f 903/903/903 875/875/875 904/904/904
f 898/898/898 901/901/901 905/905/905
f 901/901/901 904/904/904 905/905/905
f 906/906/906 899/899/899 898/898/898
f 905/905/905 906/906/906 898/898/898
f 905/905/905 904/904/904 907/907/907
f 907/907/907 908/908/908 905/905/905
f 908/908/908 906/906/906 905/905/905
f 904/904/904 909/909/909 907/907/907
f 909/909/909 904/904/904 875/875/875
f 906/906/906 908/908/908 910/910/910
f 911/911/911 906/906/906 910/910/910
f 912/912/912 909/909/909 875/875/875
f 875/875/875 868/868/868 912/912/912
f 909/909/909 912/912/912 913/913/913
f 857/857/857 912/912/912 868/868/868
f 913/913/913 912/912/912 857/857/857
f 857/857/857 914/914/914 913/913/913
f 914/914/914 857/857/857 915/915/915
f 915/915/915 916/916/916 914/914/914
f 916/916/916 915/915/915 917/917/917
f 917/917/917 918/918/918 916/916/916
f 918/918/918 917/917/917 919/919/919
f 920/920/920 918/918/918 919/919/919
f 918/918/918 920/920/920 921/921/921
f 922/922/922 921/921/921 920/920/920
f 921/921/921 922/922/922 923/923/923
f 924/924/924 923/923/923 922/922/922
f 923/923/923 925/925/925 921/921/921
f 926/926/926 925/925/925 923/923/923
f 926/926/926 927/927/927 925/925/925
f 927/927/927 926/926/926 928/928/928
f 927/927/927 928/928/928 929/929/929
f 930/930/930 927/927/927 929/929/929
f 930/930/930 929/929/929 931/931/931
f 932/932/932 930/930/930 931/931/931
f 930/930/930 932/932/932 933/933/933
f 933/933/933 932/932/932 934/934/934
f 935/935/935 933/933/933 934/934/934
f 935/935/935 936/936/936 933/933/933
f 936/936/936 935/935/935 937/937/937
f 937/937/937 938/938/938 936/936/936
f 937/937/937 939/939/939 938/938/938
f 938/938/938 939/939/939 940/940/940
f 940/940/940 939/939/939 941/941/941
f 942/942/942 940/940/940 941/941/941
f 940/940/940 942/942/942 943/943/943
f 944/944/944 940/940/940 943/943/943
f 945/945/945 946/946/946 947/947/947
f 947/947/947 948/948/948 945/945/945
f 948/948/948 947/947/947 949/949/949
f 950/950/950 948/948/948 949/949/949
f 951/951/951 950/950/950 949/949/949
f 950/950/950 951/951/951 952/952/952
f 953/953/953 952/952/952 951/951/951
f 952/952/952 953/953/953 954/954/954
f 955/955/955 954/954/954 953/953/953
f 954/954/954 955/955/955 956/956/956
f 956/956/956 955/955/955 957/957/957
f 957/957/957 958/958/958 956/956/956
f 959/959/959 957/957/957 955/955/955
f 955/955/955 960/960/960 959/959/959
f 958/958/958 957/957/957 961/961/961
f 961/961/961 962/962/962 958/958/958
f 959/959/959 963/963/963 957/957/957
f 961/961/961 957/957/957 963/963/963
f 960/960/960 964/964/964 959/959/959
f 964/964/964 960/960/960 965/965/965
f 965/965/965 966/966/966 964/964/964
f 964/964/964 967/967/967 959/959/959
f 963/963/963 959/959/959 967/967/967
f 968/968/968 964/964/964 966/966/966
f 969/969/969 968/968/968 966/966/966
f 967/967/967 964/964/964 970/970/970
f 968/968/968 970/970/970 964/964/964
f 971/971/971 968/968/968 969/969/969
f 971/971/971 969/969/969 972/972/972
f 971/971/971 972/972/972 973/973/973
f 970/970/970 968/968/968 974/974/974
f 973/973/973 975/975/975 971/971/971
f 975/975/975 973/973/973 976/976/976
f 977/977/977 975/975/975 976/976/976
f 978/978/978 968/968/968 971/971/971
f 968/968/968 978/978/978 974/974/974
f 979/979/979 971/971/971 975/975/975
f 971/971/971 979/979/979 978/978/978
f 975/975/975 977/977/977 980/980/980
f 980/980/980 977/977/977 981/981/981
f 975/975/975 982/982/982 979/979/979
f 982/982/982 975/975/975 980/980/980
f 981/981/981 983/983/983 980/980/980
f 983/983/983 981/981/981 984/984/984
f 985/985/985 983/983/983 984/984/984
f 986/986/986 985/985/985 987/987/987
f 983/983/983 985/985/985 986/986/986
f 983/983/983 986/986/986 988/988/988
f 989/989/989 980/980/980 983/983/983
f 983/983/983 988/988/988 989/989/989
f 980/980/980 989/989/989 982/982/982
f 990/990/990 989/989/989 988/988/988
f 989/989/989 990/990/990 991/991/991
f 991/991/991 982/982/982 989/989/989
f 990/990/990 992/992/992 991/991/991
f 993/993/993 991/991/991 992/992/992
f 982/982/982 991/991/991 994/994/994
f 991/991/991 993/993/993 994/994/994
f 994/994/994 979/979/979 982/982/982
f 995/995/995 994/994/994 993/993/993
f 979/979/979 994/994/994 996/996/996
f 994/994/994 995/995/995 996/996/996
f 978/978/978 979/979/979 996/996/996
f 997/997/997 996/996/996 995/995/995
f 998/998/998 978/978/978 996/996/996
f 996/996/996 997/997/997 998/998/998
f 998/998/998 974/974/974 978/978/978
f 999/999/999 998/998/998 997/997/997
f 974/974/974 998/998/998 1000/1000/1000
f 998/998/998 999/999/999 1000/1000/1000
f 1000/1000/1000 970/970/970 974/974/974
f 1001/1001/1001 1000/1000/1000 999/999/999
f 1002/1002/1002 1000/1000/1000 1001/1001/1001
f 970/970/970 1000/1000/1000 1002/1002/1002
f 1003/1003/1003 1002/1002/1002 1001/1001/1001
f 1004/1004/1004 970/970/970 1002/1002/1002
f 1002/1002/1002 1003/1003/1003 1004/1004/1004
f 970/970/970 1004/1004/1004 967/967/967
f 1003/1003/1003 1005/1005/1005 1004/1004/1004
f 1005/1005/1005 967/967/967 1004/1004/1004
f 1005/1005/1005 1003/1003/1003 1006/1006/1006
f 967/967/967 1005/1005/1005 963/963/963
f 1007/1007/1007 1005/1005/1005 1006/1006/1006
f 1005/1005/1005 1007/1007/1007 1008/1008/1008
f 1008/1008/1008 963/963/963 1005/1005/1005
f 1009/1009/1009 1008/1008/1008 1007/1007/1007
f 963/963/963 1008/1008/1008 1010/1010/1010
f 963/963/963 1010/1010/1010 961/961/961
f 1011/1011/1011 1008/1008/1008 1009/1009/1009
f 1011/1011/1011 1010/1010/1010 1008/1008/1008
f 1012/1012/1012 1011/1011/1011 1009/1009/1009
f 1010/1010/1010 902/902/902 961/961/961
f 962/962/962 961/961/961 902/902/902
f 902/902/902 1010/1010/1010 900/900/900
f 896/896/896 900/900/900 1010/1010/1010
f 1010/1010/1010 1011/1011/1011 896/896/896
f 1013/1013/1013 962/962/962 902/902/902
f 911/911/911 962/962/962 1013/1013/1013
f 899/899/899 1013/1013/1013 902/902/902
f 906/906/906 911/911/911 1013/1013/1013
f 899/899/899 906/906/906 1013/1013/1013
f 1014/1014/1014 896/896/896 1011/1011/1011
f 1011/1011/1011 1012/1012/1012 1014/1014/1014
f 896/896/896 1014/1014/1014 1015/1015/1015
f 1012/1012/1012 1016/1016/1016 1014/1014/1014
f 1014/1014/1014 1017/1017/1017 1015/1015/1015
f 1014/1014/1014 1016/1016/1016 1017/1017/1017
f 1017/1017/1017 1018/1018/1018 1015/1015/1015
f 1016/1016/1016 1019/1019/1019 1017/1017/1017
f 1019/1019/1019 1018/1018/1018 1017/1017/1017
f 1018/1018/1018 1019/1019/1019 1020/1020/1020
f 1019/1019/1019 1016/1016/1016 1021/1021/1021
f 1022/1022/1022 1020/1020/1020 1019/1019/1019
f 1019/1019/1019 1021/1021/1021 1022/1022/1022
f 1023/1023/1023 1022/1022/1022 1021/1021/1021
f 1022/1022/1022 1023/1023/1023 1024/1024/1024
f 1023/1023/1023 1021/1021/1021 1025/1025/1025
f 1026/1026/1026 1027/1027/1027 1028/1028/1028
f 1029/1029/1029 1027/1027/1027 1026/1026/1026
f 1030/1030/1030 1031/1031/1031 1032/1032/1032
f 1033/1033/1033 1030/1030/1030 1032/1032/1032
f 1034/1034/1034 1035/1035/1035 1036/1036/1036
f 1035/1035/1035 1034/1034/1034 1037/1037/1037
f 1038/1038/1038 1035/1035/1035 1037/1037/1037
f 1039/1039/1039 1038/1038/1038 1037/1037/1037
f 1040/1040/1040 1038/1038/1038 1039/1039/1039
f 1041/1041/1041 1038/1038/1038 1040/1040/1040
f 1038/1038/1038 1041/1041/1041 1042/1042/1042
f 1042/1042/1042 1041/1041/1041 1043/1043/1043
f 1042/1042/1042 1043/1043/1043 1044/1044/1044
f 1045/1045/1045 1042/1042/1042 1044/1044/1044
f 1045/1045/1045 1046/1046/1046 1042/1042/1042
f 1047/1047/1047 1046/1046/1046 1045/1045/1045
f 1047/1047/1047 1048/1048/1048 1046/1046/1046
f 1049/1049/1049 1050/1050/1050 1051/1051/1051
f 1050/1050/1050 1049/1049/1049 1052/1052/1052
f 1053/1053/1053 1052/1052/1052 1049/1049/1049
f 1052/1052/1052 1053/1053/1053 1054/1054/1054
f 1053/1053/1053 1055/1055/1055 1054/1054/1054
f 1055/1055/1055 1053/1053/1053 1056/1056/1056
f 1056/1056/1056 1057/1057/1057 1055/1055/1055
f 1057/1057/1057 1056/1056/1056 1058/1058/1058
f 1059/1059/1059 1060/1060/1060 1061/1061/1061
f 1059/1059/1059 1062/1062/1062 1060/1060/1060
f 1059/1059/1059 1063/1063/1063 1062/1062/1062
f 1062/1062/1062 1063/1063/1063 1064/1064/1064
f 1063/1063/1063 1065/1065/1065 1064/1064/1064
f 1064/1064/1064 1065/1065/1065 1066/1066/1066
f 1067/1067/1067 1066/1066/1066 1065/1065/1065
f 1066/1066/1066 1067/1067/1067 1068/1068/1068
f 1069/1069/1069 1068/1068/1068 1067/1067/1067
f 1068/1068/1068 1069/1069/1069 1070/1070/1070
f 1071/1071/1071 1070/1070/1070 1069/1069/1069
f 1070/1070/1070 1071/1071/1071 1072/1072/1072
f 1073/1073/1073 1072/1072/1072 1071/1071/1071
f 1072/1072/1072 1073/1073/1073 1074/1074/1074
f 1075/1075/1075 1074/1074/1074 1073/1073/1073
f 1076/1076/1076 1075/1075/1075 1073/1073/1073
f 1077/1077/1077 1075/1075/1075 1076/1076/1076
f 1078/1078/1078 1077/1077/1077 1076/1076/1076
f 1079/1079/1079 1077/1077/1077 1078/1078/1078
f 1077/1077/1077 1079/1079/1079 1080/1080/1080
f 1081/1081/1081 1080/1080/1080 1079/1079/1079
f 1081/1081/1081 1082/1082/1082 1080/1080/1080
f 1083/1083/1083 1082/1082/1082 1081/1081/1081
f 1083/1083/1083 1084/1084/1084 1082/1082/1082
f 1085/1085/1085 1084/1084/1084 1083/1083/1083
f 1085/1085/1085 1086/1086/1086 1084/1084/1084
f 1087/1087/1087 1086/1086/1086 1085/1085/1085
f 1088/1088/1088 1087/1087/1087 1085/1085/1085
f 1088/1088/1088 1089/1089/1089 1087/1087/1087
f 1089/1089/1089 1088/1088/1088 1090/1090/1090
f 1090/1090/1090 1091/1091/1091 1089/1089/1089
f 1091/1091/1091 1090/1090/1090 1092/1092/1092
f 1093/1093/1093 1091/1091/1091 1092/1092/1092
f 1094/1094/1094 1095/1095/1095 1096/1096/1096
f 1095/1095/1095 1094/1094/1094 1097/1097/1097
f 1098/1098/1098 1097/1097/1097 1094/1094/1094
f 1097/1097/1097 1098/1098/1098 1099/1099/1099
f 1098/1098/1098 1100/1100/1100 1099/1099/1099
f 1101/1101/1101 1100/1100/1100 1098/1098/1098
f 1101/1101/1101 1102/1102/1102 1100/1100/1100
f 1102/1102/1102 1101/1101/1101 1103/1103/1103
f 1104/1104/1104 1105/1105/1105 1106/1106/1106
f 1106/1106/1106 1107/1107/1107 1108/1108/1108
f 1109/1109/1109 1110/1110/1110 1111/1111/1111
f 1112/1112/1112 1111/1111/1111 1110/1110/1110
f 1110/1110/1110 1113/1113/1113 1112/1112/1112
f 1112/1112/1112 1114/1114/1114 1111/1111/1111
f 1115/1115/1115 1112/1112/1112 1113/1113/1113
f 1112/1112/1112 1115/1115/1115 1116/1116/1116
f 1117/1117/1117 1116/1116/1116 1115/1115/1115
f 1118/1118/1118 1114/1114/1114 1112/1112/1112
f 1116/1116/1116 1118/1118/1118 1112/1112/1112
f 1116/1116/1116 1117/1117/1117 1119/1119/1119
f 1120/1120/1120 1119/1119/1119 1117/1117/1117
f 1121/1121/1121 1118/1118/1118 1116/1116/1116
f 1121/1121/1121 1116/1116/1116 1119/1119/1119
f 1119/1119/1119 1120/1120/1120 1122/1122/1122
f 1123/1123/1123 1122/1122/1122 1120/1120/1120
f 1124/1124/1124 1121/1121/1121 1119/1119/1119
f 1119/1119/1119 1122/1122/1122 1124/1124/1124
f 1122/1122/1122 1123/1123/1123 1125/1125/1125
f 1126/1126/1126 1125/1125/1125 1123/1123/1123
f 1127/1127/1127 1124/1124/1124 1122/1122/1122
f 1125/1125/1125 1127/1127/1127 1122/1122/1122
f 1125/1125/1125 1128/1128/1128 1127/1127/1127
f 1125/1125/1125 1126/1126/1126 1129/1129/1129
f 1128/1128/1128 1125/1125/1125 1129/1129/1129
f 1130/1130/1130 1129/1129/1129 1126/1126/1126
f 1131/1131/1131 1128/1128/1128 1129/1129/1129
f 1129/1129/1129 1130/1130/1130 1132/1132/1132
f 1129/1129/1129 1132/1132/1132 1131/1131/1131
f 1133/1133/1133 1132/1132/1132 1130/1130/1130
f 1133/1133/1133 1131/1131/1131 1132/1132/1132
f 1134/1134/1134 1121/1121/1121 1124/1124/1124
f 1134/1134/1134 1124/1124/1124 1135/1135/1135
f 1136/1136/1136 1134/1134/1134 1135/1135/1135
f 1121/1121/1121 1134/1134/1134 1137/1137/1137
f 1136/1136/1136 1137/1137/1137 1134/1134/1134
f 1137/1137/1137 1118/1118/1118 1121/1121/1121
f 1137/1137/1137 1136/1136/1136 1138/1138/1138
f 1138/1138/1138 1139/1139/1139 1137/1137/1137
f 1118/1118/1118 1137/1137/1137 1139/1139/1139
f 1139/1139/1139 1138/1138/1138 1140/1140/1140
f 1141/1141/1141 1118/1118/1118 1139/1139/1139
f 1140/1140/1140 1141/1141/1141 1139/1139/1139
f 1141/1141/1141 1114/1114/1114 1118/1118/1118
f 1141/1141/1141 1140/1140/1140 1142/1142/1142
f 1141/1141/1141 1143/1143/1143 1114/1114/1114
f 1141/1141/1141 1142/1142/1142 1144/1144/1144
f 1145/1145/1145 1143/1143/1143 1141/1141/1141
f 1145/1145/1145 1141/1141/1141 1144/1144/1144
f 1146/1146/1146 1147/1147/1147 1148/1148/1148
f 1147/1147/1147 1146/1146/1146 1149/1149/1149
f 1150/1150/1150 1149/1149/1149 1146/1146/1146
f 1149/1149/1149 1150/1150/1150 1151/1151/1151
f 1150/1150/1150 1152/1152/1152 1151/1151/1151
f 1152/1152/1152 1150/1150/1150 1153/1153/1153
f 1153/1153/1153 1154/1154/1154 1152/1152/1152
f 1154/1154/1154 1153/1153/1153 1155/1155/1155
f 1155/1155/1155 1156/1156/1156 1154/1154/1154
f 1156/1156/1156 1155/1155/1155 1157/1157/1157
f 1158/1158/1158 1159/1159/1159 1160/1160/1160
f 1159/1159/1159 1161/1161/1161 1160/1160/1160
f 1161/1161/1161 1159/1159/1159 1162/1162/1162
f 1163/1163/1163 1161/1161/1161 1162/1162/1162
f 1161/1161/1161 1163/1163/1163 1164/1164/1164
f 1165/1165/1165 1166/1166/1166 1167/1167/1167
f 1166/1166/1166 1165/1165/1165 1168/1168/1168
f 1169/1169/1169 1168/1168/1168 1165/1165/1165
f 1170/1170/1170 1168/1168/1168 1169/1169/1169
f 1171/1171/1171 1172/1172/1172 1173/1173/1173
f 1174/1174/1174 1173/1173/1173 1172/1172/1172
f 1174/1174/1174 1172/1172/1172 1175/1175/1175
f 1176/1176/1176 1174/1174/1174 1175/1175/1175
f 1176/1176/1176 1177/1177/1177 1174/1174/1174
f 1177/1177/1177 1178/1178/1178 1174/1174/1174
f 1178/1178/1178 1177/1177/1177 1179/1179/1179
f 1179/1179/1179 1180/1180/1180 1178/1178/1178
f 1180/1180/1180 1179/1179/1179 1181/1181/1181
f 1181/1181/1181 1182/1182/1182 1180/1180/1180
f 1182/1182/1182 1181/1181/1181 1183/1183/1183
f 1180/1180/1180 1182/1182/1182 1184/1184/1184
f 1183/1183/1183 1185/1185/1185 1182/1182/1182
f 1185/1185/1185 1184/1184/1184 1182/1182/1182
f 1184/1184/1184 1185/1185/1185 1186/1186/1186
f 1185/1185/1185 1183/1183/1183 1187/1187/1187
f 1185/1185/1185 1188/1188/1188 1186/1186/1186
f 1187/1187/1187 1189/1189/1189 1185/1185/1185
f 1188/1188/1188 1185/1185/1185 1189/1189/1189
f 1189/1189/1189 1187/1187/1187 1190/1190/1190
f 1191/1191/1191 1189/1189/1189 1190/1190/1190
f 1192/1192/1192 1188/1188/1188 1189/1189/1189
f 1191/1191/1191 1192/1192/1192 1189/1189/1189
f 1188/1188/1188 1192/1192/1192 1193/1193/1193
f 1194/1194/1194 1192/1192/1192 1191/1191/1191
f 1192/1192/1192 1195/1195/1195 1193/1193/1193
f 1195/1195/1195 1196/1196/1196 1193/1193/1193
f 1196/1196/1196 1195/1195/1195 1197/1197/1197
f 1194/1194/1194 1198/1198/1198 1192/1192/1192
f 1198/1198/1198 1195/1195/1195 1192/1192/1192
f 1199/1199/1199 1198/1198/1198 1194/1194/1194
f 1200/1200/1200 1197/1197/1197 1195/1195/1195
f 1195/1195/1195 1198/1198/1198 1200/1200/1200
f 1200/1200/1200 1201/1201/1201 1197/1197/1197
f 1200/1200/1200 1202/1202/1202 1201/1201/1201
f 1198/1198/1198 1202/1202/1202 1200/1200/1200
f 1202/1202/1202 1203/1203/1203 1201/1201/1201
f 1199/1199/1199 1204/1204/1204 1198/1198/1198
f 1202/1202/1202 1198/1198/1198 1204/1204/1204
f 1203/1203/1203 1202/1202/1202 1205/1205/1205
f 1202/1202/1202 1204/1204/1204 1205/1205/1205
f 1205/1205/1205 1206/1206/1206 1203/1203/1203
f 1199/1199/1199 1207/1207/1207 1204/1204/1204
f 1207/1207/1207 1199/1199/1199 1208/1208/1208
f 1205/1205/1205 1209/1209/1209 1206/1206/1206
f 1210/1210/1210 1206/1206/1206 1209/1209/1209
f 1205/1205/1205 1204/1204/1204 1211/1211/1211
f 1204/1204/1204 1207/1207/1207 1211/1211/1211
f 1205/1205/1205 1212/1212/1212 1209/1209/1209
f 1212/1212/1212 1210/1210/1210 1209/1209/1209
f 1212/1212/1212 1205/1205/1205 1211/1211/1211
f 1208/1208/1208 1213/1213/1213 1207/1207/1207
f 1213/1213/1213 1208/1208/1208 1214/1214/1214
f 1215/1215/1215 1211/1211/1211 1207/1207/1207
f 1207/1207/1207 1213/1213/1213 1215/1215/1215
f 1214/1214/1214 1216/1216/1216 1213/1213/1213
f 1216/1216/1216 1214/1214/1214 1217/1217/1217
f 1218/1218/1218 1217/1217/1217 1219/1219/1219
f 1217/1217/1217 1218/1218/1218 1216/1216/1216
f 1216/1216/1216 1218/1218/1218 1220/1220/1220
f 1221/1221/1221 1213/1213/1213 1216/1216/1216
f 1220/1220/1220 1221/1221/1221 1216/1216/1216
f 1213/1213/1213 1221/1221/1221 1215/1215/1215
f 1221/1221/1221 1220/1220/1220 1222/1222/1222
f 1222/1222/1222 1223/1223/1223 1221/1221/1221
f 1221/1221/1221 1223/1223/1223 1215/1215/1215
f 1223/1223/1223 1222/1222/1222 1224/1224/1224
f 1225/1225/1225 1223/1223/1223 1224/1224/1224
f 1223/1223/1223 1226/1226/1226 1215/1215/1215
f 1223/1223/1223 1225/1225/1225 1226/1226/1226
f 1226/1226/1226 1211/1211/1211 1215/1215/1215
f 1211/1211/1211 1226/1226/1226 1212/1212/1212
f 1226/1226/1226 1225/1225/1225 1227/1227/1227
f 1212/1212/1212 1226/1226/1226 1227/1227/1227
f 1212/1212/1212 1227/1227/1227 1228/1228/1228
f 1229/1229/1229 1228/1228/1228 1227/1227/1227
f 1212/1212/1212 1228/1228/1228 1230/1230/1230
f 1212/1212/1212 1230/1230/1230 1210/1210/1210
f 1210/1210/1210 1230/1230/1230 1231/1231/1231
f 1232/1232/1232 1228/1228/1228 1229/1229/1229
f 1233/1233/1233 1232/1232/1232 1229/1229/1229
f 1228/1228/1228 1234/1234/1234 1230/1230/1230
f 1232/1232/1232 1234/1234/1234 1228/1228/1228
f 1231/1231/1231 1230/1230/1230 1235/1235/1235
f 1234/1234/1234 1235/1235/1235 1230/1230/1230
f 1236/1236/1236 1231/1231/1231 1235/1235/1235
f 1232/1232/1232 1237/1237/1237 1234/1234/1234
f 1237/1237/1237 1232/1232/1232 1238/1238/1238
f 1239/1239/1239 1234/1234/1234 1237/1237/1237
f 1238/1238/1238 1232/1232/1232 1240/1240/1240
f 1232/1232/1232 1233/1233/1233 1240/1240/1240
f 1238/1238/1238 1240/1240/1240 1241/1241/1241
f 1233/1233/1233 1242/1242/1242 1240/1240/1240
f 1239/1239/1239 1243/1243/1243 1234/1234/1234
f 1235/1235/1235 1234/1234/1234 1243/1243/1243
f 1242/1242/1242 1244/1244/1244 1240/1240/1240
f 1242/1242/1242 1245/1245/1245 1244/1244/1244
f 1240/1240/1240 1246/1246/1246 1241/1241/1241
f 1246/1246/1246 1240/1240/1240 1244/1244/1244
f 1241/1241/1241 1246/1246/1246 1247/1247/1247
f 1245/1245/1245 1248/1248/1248 1244/1244/1244
f 1246/1246/1246 1244/1244/1244 1248/1248/1248
f 1248/1248/1248 1245/1245/1245 1249/1249/1249
f 1250/1250/1250 1248/1248/1248 1249/1249/1249
f 1251/1251/1251 1247/1247/1247 1246/1246/1246
f 1251/1251/1251 1246/1246/1246 1248/1248/1248
f 1248/1248/1248 1250/1250/1250 1251/1251/1251
f 1251/1251/1251 1252/1252/1252 1247/1247/1247
f 1250/1250/1250 1253/1253/1253 1251/1251/1251
f 1252/1252/1252 1251/1251/1251 1253/1253/1253
f 1254/1254/1254 1236/1236/1236 1235/1235/1235
f 1243/1243/1243 1254/1254/1254 1235/1235/1235
f 1236/1236/1236 1254/1254/1254 1255/1255/1255
f 1255/1255/1255 1254/1254/1254 1256/1256/1256
f 1254/1254/1254 1243/1243/1243 1257/1257/1257
f 1239/1239/1239 1257/1257/1257 1243/1243/1243
f 1257/1257/1257 1239/1239/1239 1258/1258/1258
f 1256/1256/1256 1254/1254/1254 1259/1259/1259
f 1259/1259/1259 1254/1254/1254 1257/1257/1257
f 1260/1260/1260 1256/1256/1256 1259/1259/1259
f 1261/1261/1261 1257/1257/1257 1258/1258/1258
f 1259/1259/1259 1257/1257/1257 1261/1261/1261
f 1262/1262/1262 1261/1261/1261 1258/1258/1258
f 1263/1263/1263 1260/1260/1260 1259/1259/1259
f 1263/1263/1263 1259/1259/1259 1261/1261/1261
f 1260/1260/1260 1263/1263/1263 1264/1264/1264
f 1263/1263/1263 1265/1265/1265 1264/1264/1264
f 1262/1262/1262 1266/1266/1266 1261/1261/1261
f 1261/1261/1261 1266/1266/1266 1263/1263/1263
f 1266/1266/1266 1265/1265/1265 1263/1263/1263
f 1266/1266/1266 1262/1262/1262 1267/1267/1267
f 1265/1265/1265 1266/1266/1266 1268/1268/1268
f 1267/1267/1267 1268/1268/1268 1266/1266/1266
f 1268/1268/1268 1267/1267/1267 1269/1269/1269
f 1270/1270/1270 1271/1271/1271 1272/1272/1272
f 1273/1273/1273 1271/1271/1271 1270/1270/1270
f 1271/1271/1271 1273/1273/1273 1274/1274/1274
f 1275/1275/1275 1276/1276/1276 1277/1277/1277
f 1278/1278/1278 1277/1277/1277 1276/1276/1276
f 1276/1276/1276 1279/1279/1279 1278/1278/1278
f 1280/1280/1280 1278/1278/1278 1279/1279/1279
f 1279/1279/1279 1281/1281/1281 1280/1280/1280
f 1282/1282/1282 1280/1280/1280 1281/1281/1281
f 1280/1280/1280 1282/1282/1282 1283/1283/1283
f 1284/1284/1284 1280/1280/1280 1283/1283/1283
f 1285/1285/1285 1278/1278/1278 1280/1280/1280
f 1280/1280/1280 1284/1284/1284 1285/1285/1285
f 1278/1278/1278 1285/1285/1285 1286/1286/1286
f 1285/1285/1285 1284/1284/1284 1287/1287/1287
f 1288/1288/1288 1286/1286/1286 1285/1285/1285
f 1287/1287/1287 1289/1289/1289 1285/1285/1285
f 1288/1288/1288 1285/1285/1285 1289/1289/1289
f 1289/1289/1289 1290/1290/1290 1288/1288/1288
f 1291/1291/1291 1292/1292/1292 1293/1293/1293
f 1291/1291/1291 1293/1293/1293 1294/1294/1294
f 1294/1294/1294 1295/1295/1295 1291/1291/1291
f 1295/1295/1295 1294/1294/1294 1296/1296/1296
f 1296/1296/1296 1297/1297/1297 1295/1295/1295
f 1297/1297/1297 1296/1296/1296 1298/1298/1298
f 1297/1297/1297 1298/1298/1298 1299/1299/1299
f 1298/1298/1298 1300/1300/1300 1299/1299/1299
f 1300/1300/1300 1301/1301/1301 1299/1299/1299
f 1301/1301/1301 1300/1300/1300 1302/1302/1302
f 1301/1301/1301 1302/1302/1302 1303/1303/1303
f 1304/1304/1304 1303/1303/1303 1302/1302/1302
f 1303/1303/1303 1304/1304/1304 1305/1305/1305
f 1305/1305/1305 1304/1304/1304 1306/1306/1306
f 1307/1307/1307 1308/1308/1308 1309/1309/1309
f 1309/1309/1309 1310/1310/1310 1307/1307/1307
f 1307/1307/1307 1310/1310/1310 1311/1311/1311
f 1310/1310/1310 1309/1309/1309 1312/1312/1312
f 1310/1310/1310 1313/1313/1313 1311/1311/1311
f 1313/1313/1313 1310/1310/1310 1314/1314/1314
f 1314/1314/1314 1315/1315/1315 1313/1313/1313
f 1312/1312/1312 1316/1316/1316 1310/1310/1310
f 1314/1314/1314 1310/1310/1310 1316/1316/1316
f 1315/1315/1315 1314/1314/1314 1317/1317/1317
f 1317/1317/1317 1318/1318/1318 1315/1315/1315
f 1316/1316/1316 1319/1319/1319 1314/1314/1314
f 1319/1319/1319 1317/1317/1317 1314/1314/1314
f 1318/1318/1318 1317/1317/1317 1320/1320/1320
f 1320/1320/1320 1321/1321/1321 1318/1318/1318
f 1322/1322/1322 1317/1317/1317 1319/1319/1319
f 1317/1317/1317 1322/1322/1322 1320/1320/1320
f 1321/1321/1321 1320/1320/1320 1323/1323/1323
f 1323/1323/1323 1324/1324/1324 1321/1321/1321
f 1325/1325/1325 1320/1320/1320 1322/1322/1322
f 1323/1323/1323 1320/1320/1320 1325/1325/1325
f 1326/1326/1326 1323/1323/1323 1325/1325/1325
f 1324/1324/1324 1323/1323/1323 1327/1327/1327
f 1323/1323/1323 1326/1326/1326 1327/1327/1327
f 1327/1327/1327 1328/1328/1328 1324/1324/1324
f 1327/1327/1327 1326/1326/1326 1329/1329/1329
f 1328/1328/1328 1327/1327/1327 1330/1330/1330
f 1327/1327/1327 1329/1329/1329 1330/1330/1330
f 1331/1331/1331 1328/1328/1328 1330/1330/1330
f 1331/1331/1331 1330/1330/1330 1329/1329/1329
f 1322/1322/1322 1319/1319/1319 1332/1332/1332
f 1332/1332/1332 1333/1333/1333 1322/1322/1322
f 1334/1334/1334 1333/1333/1333 1332/1332/1332
f 1319/1319/1319 1335/1335/1335 1332/1332/1332
f 1332/1332/1332 1335/1335/1335 1334/1334/1334
f 1319/1319/1319 1316/1316/1316 1335/1335/1335
f 1336/1336/1336 1334/1334/1334 1335/1335/1335
f 1335/1335/1335 1337/1337/1337 1336/1336/1336
f 1316/1316/1316 1337/1337/1337 1335/1335/1335
f 1337/1337/1337 1338/1338/1338 1336/1336/1336
f 1316/1316/1316 1339/1339/1339 1337/1337/1337
f 1338/1338/1338 1337/1337/1337 1339/1339/1339
f 1339/1339/1339 1316/1316/1316 1312/1312/1312
f 1339/1339/1339 1340/1340/1340 1338/1338/1338
f 1339/1339/1339 1312/1312/1312 1341/1341/1341
f 1339/1339/1339 1342/1342/1342 1340/1340/1340
f 1343/1343/1343 1339/1339/1339 1341/1341/1341
f 1343/1343/1343 1342/1342/1342 1339/1339/1339
f 1344/1344/1344 1345/1345/1345 1346/1346/1346
f 1345/1345/1345 1344/1344/1344 1347/1347/1347
f 1347/1347/1347 1348/1348/1348 1345/1345/1345
f 1348/1348/1348 1347/1347/1347 1349/1349/1349
f 1348/1348/1348 1349/1349/1349 1350/1350/1350
f 1348/1348/1348 1350/1350/1350 1351/1351/1351
f 1351/1351/1351 1350/1350/1350 1352/1352/1352
f 1351/1351/1351 1352/1352/1352 1353/1353/1353
f 1353/1353/1353 1352/1352/1352 1354/1354/1354
f 1353/1353/1353 1354/1354/1354 1355/1355/1355
f 1356/1356/1356 1357/1357/1357 1358/1358/1358
f 1359/1359/1359 1356/1356/1356 1358/1358/1358
f 1360/1360/1360 1356/1356/1356 1359/1359/1359
f 1361/1361/1361 1360/1360/1360 1359/1359/1359
f 1362/1362/1362 1360/1360/1360 1361/1361/1361
f 1360/1360/1360 1362/1362/1362 1363/1363/1363
f 1362/1362/1362 1364/1364/1364 1363/1363/1363
f 1365/1365/1365 1363/1363/1363 1364/1364/1364
f 1366/1366/1366 1365/1365/1365 1364/1364/1364
f 1365/1365/1365 1366/1366/1366 1367/1367/1367
f 1366/1366/1366 1368/1368/1368 1367/1367/1367
f 1368/1368/1368 1366/1366/1366 1369/1369/1369
f 1370/1370/1370 1368/1368/1368 1369/1369/1369
f 1369/1369/1369 1371/1371/1371 1370/1370/1370
f 1371/1371/1371 1372/1372/1372 1370/1370/1370
f 1372/1372/1372 1371/1371/1371 1373/1373/1373
f 1374/1374/1374 1372/1372/1372 1373/1373/1373
f 1373/1373/1373 1375/1375/1375 1374/1374/1374
f 1376/1376/1376 1374/1374/1374 1375/1375/1375
f 1375/1375/1375 1377/1377/1377 1376/1376/1376
f 1378/1378/1378 1377/1377/1377 1375/1375/1375
f 1377/1377/1377 1378/1378/1378 1379/1379/1379
f 1380/1380/1380 1381/1381/1381 1382/1382/1382
f 1383/1383/1383 1382/1382/1382 1381/1381/1381
f 1381/1381/1381 1384/1384/1384 1383/1383/1383
f 1383/1383/1383 1384/1384/1384 1385/1385/1385
f 1384/1384/1384 1386/1386/1386 1385/1385/1385
f 1386/1386/1386 1384/1384/1384 1387/1387/1387
f 1388/1388/1388 1386/1386/1386 1387/1387/1387
f 1389/1389/1389 1388/1388/1388 1387/1387/1387
f 1389/1389/1389 1390/1390/1390 1388/1388/1388
f 1390/1390/1390 1389/1389/1389 1391/1391/1391
f 1392/1392/1392 1390/1390/1390 1391/1391/1391
f 1390/1390/1390 1392/1392/1392 1393/1393/1393
f 1392/1392/1392 1394/1394/1394 1393/1393/1393
f 1393/1393/1393 1394/1394/1394 1395/1395/1395
f 1394/1394/1394 1396/1396/1396 1395/1395/1395
f 1395/1395/1395 1396/1396/1396 1397/1397/1397
f 1397/1397/1397 1396/1396/1396 1398/1398/1398
f 1397/1397/1397 1398/1398/1398 1399/1399/1399
f 1400/1400/1400 1399/1399/1399 1398/1398/1398
f 1399/1399/1399 1400/1400/1400 1401/1401/1401
f 1401/1401/1401 1402/1402/1402 1399/1399/1399
f 1402/1402/1402 1401/1401/1401 1403/1403/1403
f 1404/1404/1404 1405/1405/1405 1406/1406/1406
f 1405/1405/1405 1404/1404/1404 1407/1407/1407
f 1405/1405/1405 1407/1407/1407 1408/1408/1408
f 1409/1409/1409 1408/1408/1408 1407/1407/1407
f 1410/1410/1410 1408/1408/1408 1409/1409/1409
f 1408/1408/1408 1410/1410/1410 1411/1411/1411
f 1412/1412/1412 1411/1411/1411 1410/1410/1410
f 1411/1411/1411 1412/1412/1412 1413/1413/1413
f 1414/1414/1414 1415/1415/1415 1416/1416/1416
f 1414/1414/1414 1417/1417/1417 1415/1415/1415
f 1414/1414/1414 1418/1418/1418 1417/1417/1417
f 1418/1418/1418 1414/1414/1414 1419/1419/1419
f 1420/1420/1420 1421/1421/1421 1422/1422/1422
f 1421/1421/1421 1420/1420/1420 1423/1423/1423
f 1420/1420/1420 1424/1424/1424 1423/1423/1423
f 1424/1424/1424 1420/1420/1420 1425/1425/1425
f 1426/1426/1426 1427/1427/1427 1428/1428/1428
f 1429/1429/1429 1428/1428/1428 1427/1427/1427
f 1429/1429/1429 1427/1427/1427 1430/1430/1430
f 1427/1427/1427 1431/1431/1431 1430/1430/1430
f 1432/1432/1432 1433/1433/1433 1434/1434/1434
f 1435/1435/1435 1434/1434/1434 1433/1433/1433
f 1435/1435/1435 1436/1436/1436 1434/1434/1434
f 1434/1434/1434 1436/1436/1436 1437/1437/1437
f 1438/1438/1438 1439/1439/1439 1440/1440/1440
f 1438/1438/1438 1440/1440/1440 1441/1441/1441
f 1441/1441/1441 1442/1442/1442 1438/1438/1438
f 1442/1442/1442 1441/1441/1441 1443/1443/1443
f 1444/1444/1444 1442/1442/1442 1443/1443/1443
f 1442/1442/1442 1444/1444/1444 1445/1445/1445
f 1446/1446/1446 1445/1445/1445 1444/1444/1444
f 1445/1445/1445 1446/1446/1446 1447/1447/1447
f 1446/1446/1446 1448/1448/1448 1447/1447/1447
f 1446/1446/1446 1449/1449/1449 1448/1448/1448
f 1448/1448/1448 1449/1449/1449 1450/1450/1450
f 1449/1449/1449 1451/1451/1451 1450/1450/1450
f 1449/1449/1449 1452/1452/1452 1451/1451/1451
f 1451/1451/1451 1452/1452/1452 1453/1453/1453
f 1452/1452/1452 1454/1454/1454 1453/1453/1453
f 1454/1454/1454 1452/1452/1452 1455/1455/1455
f 1456/1456/1456 1454/1454/1454 1455/1455/1455
f 1454/1454/1454 1457/1457/1457 1453/1453/1453
f 1458/1458/1458 1453/1453/1453 1457/1457/1457
f 1454/1454/1454 1456/1456/1456 1459/1459/1459
f 1456/1456/1456 1460/1460/1460 1459/1459/1459
f 1461/1461/1461 1459/1459/1459 1460/1460/1460
f 1459/1459/1459 1462/1462/1462 1454/1454/1454
f 1462/1462/1462 1457/1457/1457 1454/1454/1454
f 1461/1461/1461 1463/1463/1463 1459/1459/1459
f 1462/1462/1462 1459/1459/1459 1463/1463/1463
f 1464/1464/1464 1457/1457/1457 1462/1462/1462
f 1463/1463/1463 1464/1464/1464 1462/1462/1462
f 1457/1457/1457 1464/1464/1464 1465/1465/1465
f 1464/1464/1464 1463/1463/1463 1466/1466/1466
f 1465/1465/1465 1467/1467/1467 1457/1457/1457
f 1463/1463/1463 1468/1468/1468 1466/1466/1466
f 1469/1469/1469 1457/1457/1457 1467/1467/1467
f 1457/1457/1457 1469/1469/1469 1458/1458/1458
f 1469/1469/1469 1467/1467/1467 1470/1470/1470
f 1469/1469/1469 1471/1471/1471 1458/1458/1458
f 1470/1470/1470 1472/1472/1472 1469/1469/1469
f 1471/1471/1471 1469/1469/1469 1472/1472/1472
f 1470/1470/1470 1473/1473/1473 1472/1472/1472
f 1472/1472/1472 1474/1474/1474 1471/1471/1471
f 1472/1472/1472 1473/1473/1473 1474/1474/1474
f 1468/1468/1468 1463/1463/1463 1475/1475/1475
f 1463/1463/1463 1461/1461/1461 1475/1475/1475
f 1475/1475/1475 1476/1476/1476 1468/1468/1468
f 1461/1461/1461 1477/1477/1477 1475/1475/1475
f 1476/1476/1476 1475/1475/1475 1477/1477/1477
f 1477/1477/1477 1478/1478/1478 1476/1476/1476
f 1479/1479/1479 1480/1480/1480 1481/1481/1481
f 1480/1480/1480 1482/1482/1482 1481/1481/1481
f 1482/1482/1482 1483/1483/1483 1481/1481/1481
f 1484/1484/1484 1481/1481/1481 1483/1483/1483
f 1485/1485/1485 1484/1484/1484 1483/1483/1483
f 1484/1484/1484 1485/1485/1485 1486/1486/1486
f 1482/1482/1482 1487/1487/1487 1483/1483/1483
f 1488/1488/1488 1486/1486/1486 1485/1485/1485
f 1486/1486/1486 1488/1488/1488 1489/1489/1489
f 1483/1483/1483 1490/1490/1490 1485/1485/1485
f 1490/1490/1490 1483/1483/1483 1487/1487/1487
f 1488/1488/1488 1485/1485/1485 1491/1491/1491
f 1485/1485/1485 1490/1490/1490 1491/1491/1491
f 1492/1492/1492 1489/1489/1489 1488/1488/1488
f 1489/1489/1489 1492/1492/1492 1493/1493/1493
f 1494/1494/1494 1488/1488/1488 1491/1491/1491
f 1488/1488/1488 1494/1494/1494 1492/1492/1492
f 1495/1495/1495 1493/1493/1493 1492/1492/1492
f 1493/1493/1493 1495/1495/1495 1496/1496/1496
f 1492/1492/1492 1494/1494/1494 1497/1497/1497
f 1497/1497/1497 1495/1495/1495 1492/1492/1492
f 1498/1498/1498 1496/1496/1496 1495/1495/1495
f 1496/1496/1496 1498/1498/1498 1499/1499/1499
f 1500/1500/1500 1495/1495/1495 1497/1497/1497
f 1495/1495/1495 1500/1500/1500 1498/1498/1498
f 1501/1501/1501 1499/1499/1499 1498/1498/1498
f 1500/1500/1500 1501/1501/1501 1498/1498/1498
f 1499/1499/1499 1501/1501/1501 1502/1502/1502
f 1503/1503/1503 1502/1502/1502 1501/1501/1501
f 1503/1503/1503 1501/1501/1501 1500/1500/1500
f 1502/1502/1502 1503/1503/1503 1504/1504/1504
f 1504/1504/1504 1503/1503/1503 1505/1505/1505
f 1505/1505/1505 1503/1503/1503 1506/1506/1506
f 1500/1500/1500 1506/1506/1506 1503/1503/1503
f 1506/1506/1506 1507/1507/1507 1505/1505/1505
f 1508/1508/1508 1506/1506/1506 1500/1500/1500
f 1507/1507/1507 1506/1506/1506 1508/1508/1508
f 1497/1497/1497 1508/1508/1508 1500/1500/1500
f 1508/1508/1508 1509/1509/1509 1507/1507/1507
f 1508/1508/1508 1497/1497/1497 1510/1510/1510
f 1509/1509/1509 1508/1508/1508 1510/1510/1510
f 1497/1497/1497 1494/1494/1494 1510/1510/1510
f 1510/1510/1510 1511/1511/1511 1509/1509/1509
f 1512/1512/1512 1510/1510/1510 1494/1494/1494
f 1511/1511/1511 1510/1510/1510 1512/1512/1512
f 1491/1491/1491 1512/1512/1512 1494/1494/1494
f 1512/1512/1512 1513/1513/1513 1511/1511/1511
f 1512/1512/1512 1491/1491/1491 1514/1514/1514
f 1513/1513/1513 1512/1512/1512 1514/1514/1514
f 1490/1490/1490 1514/1514/1514 1491/1491/1491
f 1514/1514/1514 1515/1515/1515 1513/1513/1513
f 1514/1514/1514 1490/1490/1490 1516/1516/1516
f 1515/1515/1515 1514/1514/1514 1516/1516/1516
f 1487/1487/1487 1516/1516/1516 1490/1490/1490
f 1516/1516/1516 1517/1517/1517 1515/1515/1515
f 1517/1517/1517 1516/1516/1516 1518/1518/1518
f 1516/1516/1516 1487/1487/1487 1518/1518/1518
f 1518/1518/1518 1519/1519/1519 1517/1517/1517
f 1520/1520/1520 1518/1518/1518 1487/1487/1487
f 1487/1487/1487 1482/1482/1482 1520/1520/1520
f 1520/1520/1520 1482/1482/1482 1521/1521/1521
f 1521/1521/1521 1522/1522/1522 1520/1520/1520
f 1519/1519/1519 1518/1518/1518 1523/1523/1523
f 1518/1518/1518 1520/1520/1520 1523/1523/1523
f 1523/1523/1523 1524/1524/1524 1519/1519/1519
f 1525/1525/1525 1524/1524/1524 1523/1523/1523
f 1526/1526/1526 1520/1520/1520 1522/1522/1522
f 1520/1520/1520 1526/1526/1526 1523/1523/1523
f 1526/1526/1526 1525/1525/1525 1523/1523/1523
f 1527/1527/1527 1526/1526/1526 1522/1522/1522
f 1526/1526/1526 1528/1528/1528 1525/1525/1525
f 1526/1526/1526 1527/1527/1527 1529/1529/1529
f 1528/1528/1528 1526/1526/1526 1529/1529/1529
f 1530/1530/1530 1529/1529/1529 1527/1527/1527
f 1529/1529/1529 1531/1531/1531 1528/1528/1528
f 1531/1531/1531 1529/1529/1529 1532/1532/1532
f 1529/1529/1529 1530/1530/1530 1532/1532/1532
f 1533/1533/1533 1531/1531/1531 1532/1532/1532
f 1534/1534/1534 1532/1532/1532 1530/1530/1530
f 1532/1532/1532 1534/1534/1534 1533/1533/1533
f 1530/1530/1530 1535/1535/1535 1534/1534/1534
f 1536/1536/1536 1534/1534/1534 1535/1535/1535
f 1534/1534/1534 1536/1536/1536 1537/1537/1537
f 1537/1537/1537 1533/1533/1533 1534/1534/1534
f 1537/1537/1537 1536/1536/1536 1538/1538/1538
f 1539/1539/1539 1538/1538/1538 1540/1540/1540
f 1539/1539/1539 1537/1537/1537 1538/1538/1538
f 1541/1541/1541 1533/1533/1533 1537/1537/1537
f 1539/1539/1539 1541/1541/1541 1537/1537/1537
f 1541/1541/1541 1542/1542/1542 1533/1533/1533
f 1541/1541/1541 1539/1539/1539 1543/1543/1543
f 1541/1541/1541 1544/1544/1544 1542/1542/1542
f 1541/1541/1541 1543/1543/1543 1545/1545/1545
f 1541/1541/1541 1546/1546/1546 1544/1544/1544
f 1546/1546/1546 1541/1541/1541 1545/1545/1545
f 1547/1547/1547 1548/1548/1548 1549/1549/1549
f 1550/1550/1550 1549/1549/1549 1548/1548/1548
f 1551/1551/1551 1550/1550/1550 1548/1548/1548
f 1550/1550/1550 1551/1551/1551 1552/1552/1552
f 1551/1551/1551 1553/1553/1553 1552/1552/1552
f 1553/1553/1553 1551/1551/1551 1554/1554/1554
f 1554/1554/1554 1555/1555/1555 1553/1553/1553
f 1555/1555/1555 1554/1554/1554 1556/1556/1556
f 1557/1557/1557 1555/1555/1555 1556/1556/1556
f 1558/1558/1558 1555/1555/1555 1557/1557/1557
f 1557/1557/1557 1559/1559/1559 1558/1558/1558
f 1560/1560/1560 1558/1558/1558 1559/1559/1559
f 1561/1561/1561 1558/1558/1558 1560/1560/1560
f 1560/1560/1560 1562/1562/1562 1561/1561/1561
f 1563/1563/1563 1561/1561/1561 1562/1562/1562
f 1561/1561/1561 1563/1563/1563 1564/1564/1564
f 1563/1563/1563 1565/1565/1565 1564/1564/1564
f 1566/1566/1566 1563/1563/1563 1562/1562/1562
f 1567/1567/1567 1566/1566/1566 1562/1562/1562
f 1565/1565/1565 1563/1563/1563 1568/1568/1568
f 1568/1568/1568 1569/1569/1569 1565/1565/1565
f 1568/1568/1568 1570/1570/1570 1569/1569/1569
f 1571/1571/1571 1568/1568/1568 1563/1563/1563
f 1563/1563/1563 1566/1566/1566 1571/1571/1571
f 1572/1572/1572 1570/1570/1570 1568/1568/1568
f 1568/1568/1568 1571/1571/1571 1572/1572/1572
f 1566/1566/1566 1573/1573/1573 1571/1571/1571
f 1573/1573/1573 1572/1572/1572 1571/1571/1571
f 1573/1573/1573 1566/1566/1566 1574/1574/1574
f 1572/1572/1572 1573/1573/1573 1575/1575/1575
f 1574/1574/1574 1566/1566/1566 1576/1576/1576
f 1577/1577/1577 1572/1572/1572 1575/1575/1575
f 1566/1566/1566 1578/1578/1578 1576/1576/1576
f 1566/1566/1566 1567/1567/1567 1578/1578/1578
f 1578/1578/1578 1579/1579/1579 1576/1576/1576
f 1567/1567/1567 1580/1580/1580 1578/1578/1578
f 1579/1579/1579 1578/1578/1578 1581/1581/1581
f 1580/1580/1580 1581/1581/1581 1578/1578/1578
f 1579/1579/1579 1581/1581/1581 1582/1582/1582
f 1581/1581/1581 1580/1580/1580 1583/1583/1583
f 1581/1581/1581 1583/1583/1583 1582/1582/1582
f 1572/1572/1572 1577/1577/1577 1584/1584/1584
f 1570/1570/1570 1572/1572/1572 1584/1584/1584
f 1584/1584/1584 1577/1577/1577 1585/1585/1585
f 1570/1570/1570 1584/1584/1584 1586/1586/1586
f 1586/1586/1586 1584/1584/1584 1585/1585/1585
f 1586/1586/1586 1585/1585/1585 1587/1587/1587
f 1588/1588/1588 1589/1589/1589 1590/1590/1590
f 1590/1590/1590 1589/1589/1589 1591/1591/1591
f 1589/1589/1589 1592/1592/1592 1591/1591/1591
f 1589/1589/1589 1593/1593/1593 1592/1592/1592
f 1593/1593/1593 1594/1594/1594 1592/1592/1592
f 1594/1594/1594 1593/1593/1593 1595/1595/1595
f 1596/1596/1596 1591/1591/1591 1592/1592/1592
f 1595/1595/1595 1597/1597/1597 1594/1594/1594
f 1597/1597/1597 1595/1595/1595 1598/1598/1598
f 1599/1599/1599 1592/1592/1592 1594/1594/1594
f 1592/1592/1592 1599/1599/1599 1596/1596/1596
f 1597/1597/1597 1600/1600/1600 1594/1594/1594
f 1594/1594/1594 1600/1600/1600 1599/1599/1599
f 1598/1598/1598 1601/1601/1601 1597/1597/1597
f 1601/1601/1601 1598/1598/1598 1602/1602/1602
f 1597/1597/1597 1603/1603/1603 1600/1600/1600
f 1603/1603/1603 1597/1597/1597 1601/1601/1601
f 1602/1602/1602 1604/1604/1604 1601/1601/1601
f 1604/1604/1604 1602/1602/1602 1605/1605/1605
f 1601/1601/1601 1606/1606/1606 1603/1603/1603
f 1604/1604/1604 1606/1606/1606 1601/1601/1601
f 1605/1605/1605 1607/1607/1607 1604/1604/1604
f 1607/1607/1607 1605/1605/1605 1608/1608/1608
f 1604/1604/1604 1609/1609/1609 1606/1606/1606
f 1609/1609/1609 1604/1604/1604 1607/1607/1607
f 1607/1607/1607 1608/1608/1608 1610/1610/1610
f 1609/1609/1609 1607/1607/1607 1610/1610/1610
f 1611/1611/1611 1610/1610/1610 1608/1608/1608
f 1611/1611/1611 1612/1612/1612 1610/1610/1610
f 1612/1612/1612 1609/1609/1609 1610/1610/1610
f 1612/1612/1612 1611/1611/1611 1613/1613/1613
f 1612/1612/1612 1613/1613/1613 1614/1614/1614
f 1612/1612/1612 1614/1614/1614 1615/1615/1615
f 1609/1609/1609 1612/1612/1612 1615/1615/1615
f 1616/1616/1616 1615/1615/1615 1614/1614/1614
f 1617/1617/1617 1609/1609/1609 1615/1615/1615
f 1615/1615/1615 1616/1616/1616 1617/1617/1617
f 1617/1617/1617 1606/1606/1606 1609/1609/1609
f 1618/1618/1618 1617/1617/1617 1616/1616/1616
f 1606/1606/1606 1617/1617/1617 1619/1619/1619
f 1617/1617/1617 1618/1618/1618 1619/1619/1619
f 1603/1603/1603 1606/1606/1606 1619/1619/1619
f 1619/1619/1619 1618/1618/1618 1620/1620/1620
f 1603/1603/1603 1619/1619/1619 1621/1621/1621
f 1621/1621/1621 1619/1619/1619 1620/1620/1620
f 1621/1621/1621 1600/1600/1600 1603/1603/1603
f 1622/1622/1622 1621/1621/1621 1620/1620/1620
f 1600/1600/1600 1621/1621/1621 1623/1623/1623
f 1621/1621/1621 1622/1622/1622 1623/1623/1623
f 1599/1599/1599 1600/1600/1600 1623/1623/1623
f 1623/1623/1623 1622/1622/1622 1624/1624/1624
f 1623/1623/1623 1625/1625/1625 1599/1599/1599
f 1625/1625/1625 1623/1623/1623 1624/1624/1624
f 1596/1596/1596 1599/1599/1599 1625/1625/1625
f 1625/1625/1625 1624/1624/1624 1626/1626/1626
f 1627/1627/1627 1625/1625/1625 1626/1626/1626
f 1596/1596/1596 1625/1625/1625 1627/1627/1627
f 1628/1628/1628 1627/1627/1627 1626/1626/1626
f 1627/1627/1627 1629/1629/1629 1596/1596/1596
f 1591/1591/1591 1596/1596/1596 1629/1629/1629
f 1629/1629/1629 1630/1630/1630 1591/1591/1591
f 1630/1630/1630 1629/1629/1629 1631/1631/1631
f 1627/1627/1627 1628/1628/1628 1632/1632/1632
f 1629/1629/1629 1627/1627/1627 1632/1632/1632
f 1632/1632/1632 1628/1628/1628 1633/1633/1633
f 1634/1634/1634 1632/1632/1632 1633/1633/1633
f 1631/1631/1631 1629/1629/1629 1635/1635/1635
f 1629/1629/1629 1632/1632/1632 1635/1635/1635
f 1635/1635/1635 1632/1632/1632 1634/1634/1634
f 1635/1635/1635 1636/1636/1636 1631/1631/1631
f 1637/1637/1637 1635/1635/1635 1634/1634/1634
f 1636/1636/1636 1635/1635/1635 1638/1638/1638
f 1635/1635/1635 1637/1637/1637 1638/1638/1638
f 1638/1638/1638 1639/1639/1639 1636/1636/1636
f 1638/1638/1638 1637/1637/1637 1640/1640/1640
f 1640/1640/1640 1641/1641/1641 1638/1638/1638
f 1639/1639/1639 1638/1638/1638 1641/1641/1641
f 1642/1642/1642 1641/1641/1641 1640/1640/1640
f 1643/1643/1643 1639/1639/1639 1641/1641/1641
f 1641/1641/1641 1642/1642/1642 1643/1643/1643
f 1639/1639/1639 1643/1643/1643 1644/1644/1644
f 1643/1643/1643 1645/1645/1645 1644/1644/1644
f 1645/1645/1645 1643/1643/1643 1646/1646/1646
f 1646/1646/1646 1643/1643/1643 1642/1642/1642
f 1646/1646/1646 1647/1647/1647 1645/1645/1645
f 1648/1648/1648 1649/1649/1649 1647/1647/1647
f 1647/1647/1647 1646/1646/1646 1648/1648/1648
f 1646/1646/1646 1642/1642/1642 1650/1650/1650
f 1650/1650/1650 1648/1648/1648 1646/1646/1646
f 1650/1650/1650 1642/1642/1642 1651/1651/1651
f 1648/1648/1648 1650/1650/1650 1652/1652/1652
f 1650/1650/1650 1651/1651/1651 1653/1653/1653
f 1650/1650/1650 1654/1654/1654 1652/1652/1652
f 1655/1655/1655 1650/1650/1650 1653/1653/1653
f 1654/1654/1654 1650/1650/1650 1655/1655/1655
f 1656/1656/1656 1657/1657/1657 1658/1658/1658
f 1658/1658/1658 1657/1657/1657 1659/1659/1659
f 1659/1659/1659 1660/1660/1660 1658/1658/1658
f 1657/1657/1657 1661/1661/1661 1659/1659/1659
f 1660/1660/1660 1659/1659/1659 1662/1662/1662
f 1662/1662/1662 1663/1663/1663 1660/1660/1660
f 1662/1662/1662 1664/1664/1664 1663/1663/1663
f 1659/1659/1659 1661/1661/1661 1665/1665/1665
f 1665/1665/1665 1662/1662/1662 1659/1659/1659
f 1661/1661/1661 1666/1666/1666 1665/1665/1665
f 1667/1667/1667 1664/1664/1664 1662/1662/1662
f 1662/1662/1662 1665/1665/1665 1667/1667/1667
f 1664/1664/1664 1667/1667/1667 1668/1668/1668
f 1665/1665/1665 1666/1666/1666 1669/1669/1669
f 1669/1669/1669 1667/1667/1667 1665/1665/1665
f 1666/1666/1666 1670/1670/1670 1669/1669/1669
f 1671/1671/1671 1668/1668/1668 1667/1667/1667
f 1667/1667/1667 1669/1669/1669 1671/1671/1671
f 1671/1671/1671 1672/1672/1672 1668/1668/1668
f 1673/1673/1673 1672/1672/1672 1671/1671/1671
f 1671/1671/1671 1669/1669/1669 1673/1673/1673
f 1674/1674/1674 1672/1672/1672 1673/1673/1673
f 1669/1669/1669 1670/1670/1670 1675/1675/1675
f 1673/1673/1673 1669/1669/1669 1675/1675/1675
f 1676/1676/1676 1674/1674/1674 1673/1673/1673
f 1673/1673/1673 1675/1675/1675 1676/1676/1676
f 1677/1677/1677 1674/1674/1674 1676/1676/1676
f 1676/1676/1676 1678/1678/1678 1677/1677/1677
f 1670/1670/1670 1679/1679/1679 1675/1675/1675
f 1675/1675/1675 1679/1679/1679 1676/1676/1676
f 1679/1679/1679 1670/1670/1670 1680/1680/1680
f 1678/1678/1678 1676/1676/1676 1681/1681/1681
f 1681/1681/1681 1676/1676/1676 1679/1679/1679
f 1680/1680/1680 1682/1682/1682 1679/1679/1679
f 1679/1679/1679 1682/1682/1682 1681/1681/1681
f 1682/1682/1682 1680/1680/1680 1683/1683/1683
f 1684/1684/1684 1678/1678/1678 1681/1681/1681
f 1684/1684/1684 1681/1681/1681 1682/1682/1682
f 1678/1678/1678 1684/1684/1684 1685/1685/1685
f 1684/1684/1684 1686/1686/1686 1685/1685/1685
f 1683/1683/1683 1687/1687/1687 1682/1682/1682
f 1682/1682/1682 1687/1687/1687 1684/1684/1684
f 1686/1686/1686 1684/1684/1684 1687/1687/1687
f 1687/1687/1687 1683/1683/1683 1688/1688/1688
f 1686/1686/1686 1687/1687/1687 1688/1688/1688
f 1689/1689/1689 1690/1690/1690 1691/1691/1691
f 1690/1690/1690 1692/1692/1692 1691/1691/1691
f 1693/1693/1693 1692/1692/1692 1690/1690/1690
f 1691/1691/1691 1692/1692/1692 1694/1694/1694
f 1692/1692/1692 1693/1693/1693 1695/1695/1695
f 1693/1693/1693 1696/1696/1696 1695/1695/1695
f 1697/1697/1697 1695/1695/1695 1696/1696/1696
f 1692/1692/1692 1698/1698/1698 1694/1694/1694
f 1695/1695/1695 1698/1698/1698 1692/1692/1692
f 1694/1694/1694 1698/1698/1698 1699/1699/1699
f 1697/1697/1697 1700/1700/1700 1695/1695/1695
f 1698/1698/1698 1695/1695/1695 1700/1700/1700
f 1700/1700/1700 1697/1697/1697 1701/1701/1701
f 1698/1698/1698 1702/1702/1702 1699/1699/1699
f 1700/1700/1700 1702/1702/1702 1698/1698/1698
f 1699/1699/1699 1702/1702/1702 1703/1703/1703
f 1700/1700/1700 1701/1701/1701 1704/1704/1704
f 1702/1702/1702 1700/1700/1700 1704/1704/1704
f 1705/1705/1705 1704/1704/1704 1701/1701/1701
f 1706/1706/1706 1704/1704/1704 1705/1705/1705
f 1702/1702/1702 1704/1704/1704 1706/1706/1706
f 1707/1707/1707 1706/1706/1706 1705/1705/1705
f 1702/1702/1702 1708/1708/1708 1703/1703/1703
f 1708/1708/1708 1702/1702/1702 1706/1706/1706
f 1709/1709/1709 1706/1706/1706 1707/1707/1707
f 1706/1706/1706 1709/1709/1709 1708/1708/1708
f 1710/1710/1710 1709/1709/1709 1707/1707/1707
f 1711/1711/1711 1709/1709/1709 1710/1710/1710
f 1712/1712/1712 1703/1703/1703 1708/1708/1708
f 1712/1712/1712 1708/1708/1708 1709/1709/1709
f 1703/1703/1703 1712/1712/1712 1713/1713/1713
f 1709/1709/1709 1711/1711/1711 1714/1714/1714
f 1709/1709/1709 1714/1714/1714 1712/1712/1712
f 1715/1715/1715 1713/1713/1713 1712/1712/1712
f 1712/1712/1712 1714/1714/1714 1715/1715/1715
f 1713/1713/1713 1715/1715/1715 1716/1716/1716
f 1711/1711/1711 1717/1717/1717 1714/1714/1714
f 1714/1714/1714 1717/1717/1717 1715/1715/1715
f 1711/1711/1711 1718/1718/1718 1717/1717/1717
f 1717/1717/1717 1718/1718/1718 1719/1719/1719
f 1715/1715/1715 1720/1720/1720 1716/1716/1716
f 1715/1715/1715 1717/1717/1717 1720/1720/1720
f 1719/1719/1719 1720/1720/1720 1717/1717/1717
f 1721/1721/1721 1716/1716/1716 1720/1720/1720
f 1719/1719/1719 1721/1721/1721 1720/1720/1720
f 1722/1722/1722 1723/1723/1723 1724/1724/1724
f 1725/1725/1725 1723/1723/1723 1722/1722/1722
f 1722/1722/1722 1726/1726/1726 1725/1725/1725
f 1723/1723/1723 1725/1725/1725 1727/1727/1727
f 1726/1726/1726 1728/1728/1728 1725/1725/1725
f 1729/1729/1729 1730/1730/1730 1731/1731/1731
f 1731/1731/1731 1732/1732/1732 1729/1729/1729
f 1729/1729/1729 1732/1732/1732 1733/1733/1733
f 1732/1732/1732 1731/1731/1731 1734/1734/1734
f 1733/1733/1733 1732/1732/1732 1735/1735/1735
f 1736/1736/1736 1737/1737/1737 1738/1738/1738
f 1736/1736/1736 1738/1738/1738 1739/1739/1739
f 1740/1740/1740 1739/1739/1739 1741/1741/1741
f 1740/1740/1740 1736/1736/1736 1739/1739/1739
f 1742/1742/1742 1740/1740/1740 1741/1741/1741
f 1743/1743/1743 1737/1737/1737 1736/1736/1736
f 1737/1737/1737 1743/1743/1743 1744/1744/1744
f 1736/1736/1736 1740/1740/1740 1745/1745/1745
f 1743/1743/1743 1736/1736/1736 1745/1745/1745
f 1742/1742/1742 1746/1746/1746 1740/1740/1740
f 1746/1746/1746 1742/1742/1742 1747/1747/1747
f 1748/1748/1748 1746/1746/1746 1747/1747/1747
f 1745/1745/1745 1740/1740/1740 1749/1749/1749
f 1746/1746/1746 1749/1749/1749 1740/1740/1740
f 1750/1750/1750 1746/1746/1746 1751/1751/1751
f 1749/1749/1749 1746/1746/1746 1752/1752/1752
f 1750/1750/1750 1752/1752/1752 1746/1746/1746
f 1752/1752/1752 1753/1753/1753 1749/1749/1749
f 1754/1754/1754 1749/1749/1749 1753/1753/1753
f 1754/1754/1754 1745/1745/1745 1749/1749/1749
f 1753/1753/1753 1752/1752/1752 1755/1755/1755
f 1756/1756/1756 1745/1745/1745 1754/1754/1754
f 1757/1757/1757 1756/1756/1756 1754/1754/1754
f 1752/1752/1752 1758/1758/1758 1755/1755/1755
f 1758/1758/1758 1752/1752/1752 1750/1750/1750
f 1759/1759/1759 1755/1755/1755 1758/1758/1758
f 1756/1756/1756 1757/1757/1757 1760/1760/1760
f 1761/1761/1761 1760/1760/1760 1757/1757/1757
f 1762/1762/1762 1759/1759/1759 1758/1758/1758
f 1750/1750/1750 1762/1762/1762 1758/1758/1758
f 1759/1759/1759 1762/1762/1762 1763/1763/1763
f 1762/1762/1762 1764/1764/1764 1763/1763/1763
f 1762/1762/1762 1750/1750/1750 1765/1765/1765
f 1764/1764/1764 1762/1762/1762 1766/1766/1766
f 1767/1767/1767 1764/1764/1764 1766/1766/1766
f 1768/1768/1768 1762/1762/1762 1765/1765/1765
f 1762/1762/1762 1768/1768/1768 1766/1766/1766
f 1768/1768/1768 1767/1767/1767 1766/1766/1766
f 1767/1767/1767 1768/1768/1768 1769/1769/1769
f 1770/1770/1770 1767/1767/1767 1769/1769/1769
f 1770/1770/1770 1769/1769/1769 1771/1771/1771
f 1772/1772/1772 1771/1771/1771 1769/1769/1769
f 1773/1773/1773 1770/1770/1770 1771/1771/1771
f 1774/1774/1774 1771/1771/1771 1775/1775/1775
f 1771/1771/1771 1774/1774/1774 1773/1773/1773
f 1775/1775/1775 1776/1776/1776 1774/1774/1774
f 1777/1777/1777 1773/1773/1773 1774/1774/1774
f 1777/1777/1777 1774/1774/1774 1776/1776/1776
f 1773/1773/1773 1777/1777/1777 1778/1778/1778
f 1776/1776/1776 1779/1779/1779 1777/1777/1777
f 1780/1780/1780 1778/1778/1778 1777/1777/1777
f 1780/1780/1780 1777/1777/1777 1779/1779/1779
f 1781/1781/1781 1745/1745/1745 1756/1756/1756
f 1781/1781/1781 1756/1756/1756 1760/1760/1760
f 1745/1745/1745 1781/1781/1781 1743/1743/1743
f 1782/1782/1782 1781/1781/1781 1760/1760/1760
f 1783/1783/1783 1743/1743/1743 1781/1781/1781
f 1783/1783/1783 1781/1781/1781 1782/1782/1782
f 1782/1782/1782 1760/1760/1760 1784/1784/1784
f 1785/1785/1785 1783/1783/1783 1782/1782/1782
f 1784/1784/1784 1785/1785/1785 1782/1782/1782
f 1786/1786/1786 1743/1743/1743 1783/1783/1783
f 1784/1784/1784 1760/1760/1760 1787/1787/1787
f 1760/1760/1760 1761/1761/1761 1787/1787/1787
f 1787/1787/1787 1761/1761/1761 1788/1788/1788
f 1789/1789/1789 1787/1787/1787 1788/1788/1788
f 1790/1790/1790 1789/1789/1789 1788/1788/1788
f 1791/1791/1791 1784/1784/1784 1787/1787/1787
f 1791/1791/1791 1787/1787/1787 1789/1789/1789
f 1790/1790/1790 1792/1792/1792 1789/1789/1789
f 1792/1792/1792 1790/1790/1790 1793/1793/1793
f 1789/1789/1789 1794/1794/1794 1791/1791/1791
f 1794/1794/1794 1789/1789/1789 1792/1792/1792
f 1795/1795/1795 1792/1792/1792 1793/1793/1793
f 1795/1795/1795 1794/1794/1794 1792/1792/1792
f 1793/1793/1793 1796/1796/1796 1795/1795/1795
f 1796/1796/1796 1797/1797/1797 1795/1795/1795
f 1797/1797/1797 1798/1798/1798 1795/1795/1795
f 1798/1798/1798 1794/1794/1794 1795/1795/1795
f 1798/1798/1798 1797/1797/1797 1799/1799/1799
f 1800/1800/1800 1799/1799/1799 1797/1797/1797
f 1798/1798/1798 1801/1801/1801 1794/1794/1794
f 1801/1801/1801 1798/1798/1798 1802/1802/1802
f 1799/1799/1799 1802/1802/1802 1798/1798/1798
f 1803/1803/1803 1794/1794/1794 1801/1801/1801
f 1802/1802/1802 1799/1799/1799 1804/1804/1804
f 1794/1794/1794 1803/1803/1803 1805/1805/1805
f 1791/1791/1791 1794/1794/1794 1805/1805/1805
f 1806/1806/1806 1805/1805/1805 1803/1803/1803
f 1805/1805/1805 1807/1807/1807 1791/1791/1791
f 1805/1805/1805 1806/1806/1806 1807/1807/1807
f 1784/1784/1784 1791/1791/1791 1807/1807/1807
f 1808/1808/1808 1807/1807/1807 1806/1806/1806
f 1809/1809/1809 1784/1784/1784 1807/1807/1807
f 1807/1807/1807 1808/1808/1808 1809/1809/1809
f 1784/1784/1784 1809/1809/1809 1785/1785/1785
f 1810/1810/1810 1809/1809/1809 1808/1808/1808
f 1809/1809/1809 1810/1810/1810 1811/1811/1811
f 1809/1809/1809 1811/1811/1811 1785/1785/1785
f 1812/1812/1812 1811/1811/1811 1810/1810/1810
f 1813/1813/1813 1785/1785/1785 1811/1811/1811
f 1811/1811/1811 1812/1812/1812 1814/1814/1814
f 1811/1811/1811 1814/1814/1814 1813/1813/1813
f 1813/1813/1813 1815/1815/1815 1785/1785/1785
f 1785/1785/1785 1815/1815/1815 1783/1783/1783
f 1815/1815/1815 1786/1786/1786 1783/1783/1783
f 1815/1815/1815 1813/1813/1813 1816/1816/1816
f 1813/1813/1813 1814/1814/1814 1816/1816/1816
f 1815/1815/1815 1817/1817/1817 1786/1786/1786
f 1816/1816/1816 1817/1817/1817 1815/1815/1815
f 1814/1814/1814 1818/1818/1818 1816/1816/1816
f 1818/1818/1818 1817/1817/1817 1816/1816/1816
f 1812/1812/1812 1819/1819/1819 1814/1814/1814
f 1818/1818/1818 1814/1814/1814 1819/1819/1819
f 1819/1819/1819 1812/1812/1812 1820/1820/1820
f 1817/1817/1817 1818/1818/1818 1821/1821/1821
f 1819/1819/1819 1820/1820/1820 1822/1822/1822
f 1820/1820/1820 1823/1823/1823 1822/1822/1822
f 1818/1818/1818 1819/1819/1819 1824/1824/1824
f 1819/1819/1819 1822/1822/1822 1824/1824/1824
f 1821/1821/1821 1818/1818/1818 1824/1824/1824
f 1825/1825/1825 1822/1822/1822 1823/1823/1823
f 1823/1823/1823 1826/1826/1826 1825/1825/1825
f 1827/1827/1827 1825/1825/1825 1826/1826/1826
f 1828/1828/1828 1824/1824/1824 1822/1822/1822
f 1822/1822/1822 1825/1825/1825 1828/1828/1828
f 1824/1824/1824 1829/1829/1829 1821/1821/1821
f 1824/1824/1824 1828/1828/1828 1829/1829/1829
f 1817/1817/1817 1821/1821/1821 1830/1830/1830
f 1817/1817/1817 1830/1830/1830 1786/1786/1786
f 1821/1821/1821 1829/1829/1829 1831/1831/1831
f 1821/1821/1821 1831/1831/1831 1830/1830/1830
f 1832/1832/1832 1786/1786/1786 1830/1830/1830
f 1786/1786/1786 1832/1832/1832 1743/1743/1743
f 1744/1744/1744 1743/1743/1743 1832/1832/1832
f 1830/1830/1830 1833/1833/1833 1832/1832/1832
f 1831/1831/1831 1833/1833/1833 1830/1830/1830
f 1832/1832/1832 1834/1834/1834 1744/1744/1744
f 1834/1834/1834 1832/1832/1832 1833/1833/1833
f 1833/1833/1833 1831/1831/1831 1835/1835/1835
f 1835/1835/1835 1836/1836/1836 1833/1833/1833
f 1833/1833/1833 1836/1836/1836 1837/1837/1837
f 1838/1838/1838 1835/1835/1835 1831/1831/1831
f 1829/1829/1829 1838/1838/1838 1831/1831/1831
f 1839/1839/1839 1836/1836/1836 1835/1835/1835
f 1829/1829/1829 1840/1840/1840 1838/1838/1838
f 1828/1828/1828 1840/1840/1840 1829/1829/1829
f 1835/1835/1835 1838/1838/1838 1841/1841/1841
f 1841/1841/1841 1838/1838/1838 1840/1840/1840
f 1841/1841/1841 1839/1839/1839 1835/1835/1835
f 1840/1840/1840 1828/1828/1828 1842/1842/1842
f 1825/1825/1825 1842/1842/1842 1828/1828/1828
f 1840/1840/1840 1843/1843/1843 1841/1841/1841
f 1842/1842/1842 1825/1825/1825 1844/1844/1844
f 1825/1825/1825 1827/1827/1827 1844/1844/1844
f 1842/1842/1842 1845/1845/1845 1840/1840/1840
f 1840/1840/1840 1845/1845/1845 1843/1843/1843
f 1844/1844/1844 1846/1846/1846 1842/1842/1842
f 1845/1845/1845 1842/1842/1842 1846/1846/1846
f 1827/1827/1827 1847/1847/1847 1844/1844/1844
f 1846/1846/1846 1844/1844/1844 1847/1847/1847
f 1847/1847/1847 1827/1827/1827 1848/1848/1848
f 1847/1847/1847 1849/1849/1849 1846/1846/1846
f 1848/1848/1848 1850/1850/1850 1847/1847/1847
f 1849/1849/1849 1847/1847/1847 1850/1850/1850
f 1848/1848/1848 1851/1851/1851 1850/1850/1850
f 1852/1852/1852 1850/1850/1850 1851/1851/1851
f 1850/1850/1850 1852/1852/1852 1853/1853/1853
f 1853/1853/1853 1849/1849/1849 1850/1850/1850
f 1852/1852/1852 1854/1854/1854 1853/1853/1853
f 1846/1846/1846 1849/1849/1849 1855/1855/1855
f 1849/1849/1849 1853/1853/1853 1855/1855/1855
f 1845/1845/1845 1846/1846/1846 1855/1855/1855
f 1853/1853/1853 1854/1854/1854 1856/1856/1856
f 1853/1853/1853 1856/1856/1856 1855/1855/1855
f 1857/1857/1857 1856/1856/1856 1854/1854/1854
f 1845/1845/1845 1855/1855/1855 1858/1858/1858
f 1856/1856/1856 1859/1859/1859 1855/1855/1855
f 1859/1859/1859 1858/1858/1858 1855/1855/1855
f 1856/1856/1856 1857/1857/1857 1860/1860/1860
f 1860/1860/1860 1859/1859/1859 1856/1856/1856
f 1858/1858/1858 1859/1859/1859 1861/1861/1861
f 1859/1859/1859 1860/1860/1860 1861/1861/1861
f 1862/1862/1862 1845/1845/1845 1858/1858/1858
f 1845/1845/1845 1862/1862/1862 1843/1843/1843
f 1863/1863/1863 1858/1858/1858 1861/1861/1861
f 1863/1863/1863 1862/1862/1862 1858/1858/1858
f 1860/1860/1860 1864/1864/1864 1861/1861/1861
f 1863/1863/1863 1861/1861/1861 1864/1864/1864
f 1857/1857/1857 1865/1865/1865 1860/1860/1860
f 1864/1864/1864 1860/1860/1860 1865/1865/1865
f 1865/1865/1865 1857/1857/1857 1866/1866/1866
f 1865/1865/1865 1867/1867/1867 1864/1864/1864
f 1867/1867/1867 1863/1863/1863 1864/1864/1864
f 1866/1866/1866 1868/1868/1868 1865/1865/1865
f 1867/1867/1867 1865/1865/1865 1868/1868/1868
f 1868/1868/1868 1866/1866/1866 1869/1869/1869
f 1863/1863/1863 1867/1867/1867 1870/1870/1870
f 1863/1863/1863 1870/1870/1870 1871/1871/1871
f 1862/1862/1862 1863/1863/1863 1871/1871/1871
f 1871/1871/1871 1870/1870/1870 1872/1872/1872
f 1872/1872/1872 1873/1873/1873 1871/1871/1871
f 1862/1862/1862 1871/1871/1871 1873/1873/1873
f 1873/1873/1873 1872/1872/1872 1874/1874/1874
f 1873/1873/1873 1875/1875/1875 1862/1862/1862
f 1874/1874/1874 1876/1876/1876 1873/1873/1873
f 1876/1876/1876 1875/1875/1875 1873/1873/1873
f 1876/1876/1876 1874/1874/1874 1877/1877/1877
f 1878/1878/1878 1876/1876/1876 1877/1877/1877
f 1876/1876/1876 1878/1878/1878 1879/1879/1879
f 1880/1880/1880 1876/1876/1876 1879/1879/1879
f 1881/1881/1881 1876/1876/1876 1880/1880/1880
f 1875/1875/1875 1876/1876/1876 1881/1881/1881
f 1882/1882/1882 1881/1881/1881 1880/1880/1880
f 1881/1881/1881 1882/1882/1882 1883/1883/1883
f 1883/1883/1883 1875/1875/1875 1881/1881/1881
f 1884/1884/1884 1883/1883/1883 1882/1882/1882
f 1885/1885/1885 1862/1862/1862 1875/1875/1875
f 1875/1875/1875 1883/1883/1883 1885/1885/1885
f 1862/1862/1862 1885/1885/1885 1843/1843/1843
f 1884/1884/1884 1886/1886/1886 1883/1883/1883
f 1886/1886/1886 1885/1885/1885 1883/1883/1883
f 1886/1886/1886 1884/1884/1884 1887/1887/1887
f 1843/1843/1843 1885/1885/1885 1888/1888/1888
f 1885/1885/1885 1886/1886/1886 1888/1888/1888
f 1887/1887/1887 1888/1888/1888 1886/1886/1886
f 1888/1888/1888 1841/1841/1841 1843/1843/1843
f 1839/1839/1839 1841/1841/1841 1888/1888/1888
f 1888/1888/1888 1887/1887/1887 1839/1839/1839
f 1889/1889/1889 1839/1839/1839 1887/1887/1887
f 1839/1839/1839 1889/1889/1889 1836/1836/1836
f 1836/1836/1836 1889/1889/1889 1837/1837/1837
f 1890/1890/1890 1891/1891/1891 1892/1892/1892
f 1892/1892/1892 1891/1891/1891 1893/1893/1893
f 1894/1894/1894 1895/1895/1895 1893/1893/1893
f 1891/1891/1891 1894/1894/1894 1893/1893/1893
f 1896/1896/1896 1895/1895/1895 1894/1894/1894
f 1890/1890/1890 1897/1897/1897 1891/1891/1891
f 1897/1897/1897 1890/1890/1890 1898/1898/1898
f 1894/1894/1894 1891/1891/1891 1899/1899/1899
f 1897/1897/1897 1899/1899/1899 1891/1891/1891
f 1900/1900/1900 1896/1896/1896 1894/1894/1894
f 1896/1896/1896 1900/1900/1900 1901/1901/1901
f 1900/1900/1900 1902/1902/1902 1901/1901/1901
f 1899/1899/1899 1903/1903/1903 1894/1894/1894
f 1903/1903/1903 1900/1900/1900 1894/1894/1894
f 1904/1904/1904 1905/1905/1905 1900/1900/1900
f 1900/1900/1900 1903/1903/1903 1906/1906/1906
f 1904/1904/1904 1900/1900/1900 1906/1906/1906
f 1907/1907/1907 1906/1906/1906 1903/1903/1903
f 1903/1903/1903 1908/1908/1908 1907/1907/1907
f 1908/1908/1908 1903/1903/1903 1899/1899/1899
f 1906/1906/1906 1907/1907/1907 1909/1909/1909
f 1910/1910/1910 1908/1908/1908 1899/1899/1899
f 1908/1908/1908 1910/1910/1910 1911/1911/1911
f 1912/1912/1912 1906/1906/1906 1909/1909/1909
f 1904/1904/1904 1906/1906/1906 1912/1912/1912
f 1912/1912/1912 1909/1909/1909 1913/1913/1913
f 1913/1913/1913 1914/1914/1914 1912/1912/1912
f 1914/1914/1914 1904/1904/1904 1912/1912/1912
f 1914/1914/1914 1913/1913/1913 1915/1915/1915
f 1916/1916/1916 1914/1914/1914 1915/1915/1915
f 1917/1917/1917 1904/1904/1904 1914/1914/1914
f 1914/1914/1914 1916/1916/1916 1918/1918/1918
f 1919/1919/1919 1918/1918/1918 1916/1916/1916
f 1914/1914/1914 1920/1920/1920 1917/1917/1917
f 1920/1920/1920 1914/1914/1914 1918/1918/1918
f 1919/1919/1919 1920/1920/1920 1918/1918/1918
f 1920/1920/1920 1919/1919/1919 1921/1921/1921
f 1922/1922/1922 1921/1921/1921 1919/1919/1919
f 1921/1921/1921 1922/1922/1922 1923/1923/1923
f 1923/1923/1923 1924/1924/1924 1921/1921/1921
f 1922/1922/1922 1925/1925/1925 1923/1923/1923
f 1926/1926/1926 1927/1927/1927 1923/1923/1923
f 1926/1926/1926 1923/1923/1923 1925/1925/1925
f 1928/1928/1928 1927/1927/1927 1926/1926/1926
f 1925/1925/1925 1929/1929/1929 1926/1926/1926
f 1929/1929/1929 1928/1928/1928 1926/1926/1926
f 1929/1929/1929 1925/1925/1925 1930/1930/1930
f 1931/1931/1931 1928/1928/1928 1929/1929/1929
f 1932/1932/1932 1929/1929/1929 1930/1930/1930
f 1932/1932/1932 1931/1931/1931 1929/1929/1929
f 1899/1899/1899 1933/1933/1933 1910/1910/1910
f 1933/1933/1933 1899/1899/1899 1897/1897/1897
f 1933/1933/1933 1934/1934/1934 1910/1910/1910
f 1911/1911/1911 1910/1910/1910 1934/1934/1934
f 1934/1934/1934 1935/1935/1935 1911/1911/1911
f 1936/1936/1936 1933/1933/1933 1897/1897/1897
f 1935/1935/1935 1934/1934/1934 1937/1937/1937
f 1937/1937/1937 1938/1938/1938 1935/1935/1935
f 1939/1939/1939 1934/1934/1934 1933/1933/1933
f 1936/1936/1936 1939/1939/1939 1933/1933/1933
f 1940/1940/1940 1937/1937/1937 1934/1934/1934
f 1939/1939/1939 1940/1940/1940 1934/1934/1934
f 1937/1937/1937 1941/1941/1941 1938/1938/1938
f 1942/1942/1942 1938/1938/1938 1941/1941/1941
f 1940/1940/1940 1943/1943/1943 1937/1937/1937
f 1941/1941/1941 1937/1937/1937 1943/1943/1943
f 1944/1944/1944 1942/1942/1942 1941/1941/1941
f 1942/1942/1942 1944/1944/1944 1945/1945/1945
f 1941/1941/1941 1946/1946/1946 1944/1944/1944
f 1946/1946/1946 1941/1941/1941 1943/1943/1943
f 1947/1947/1947 1945/1945/1945 1944/1944/1944
f 1947/1947/1947 1944/1944/1944 1946/1946/1946
f 1945/1945/1945 1947/1947/1947 1948/1948/1948
f 1948/1948/1948 1947/1947/1947 1949/1949/1949
f 1950/1950/1950 1949/1949/1949 1947/1947/1947
f 1950/1950/1950 1947/1947/1947 1946/1946/1946
f 1949/1949/1949 1950/1950/1950 1951/1951/1951
f 1951/1951/1951 1952/1952/1952 1949/1949/1949
f 1953/1953/1953 1950/1950/1950 1946/1946/1946
f 1950/1950/1950 1953/1953/1953 1954/1954/1954
f 1954/1954/1954 1951/1951/1951 1950/1950/1950
f 1946/1946/1946 1955/1955/1955 1953/1953/1953
f 1951/1951/1951 1954/1954/1954 1956/1956/1956
f 1955/1955/1955 1946/1946/1946 1957/1957/1957
f 1943/1943/1943 1957/1957/1957 1946/1946/1946
f 1957/1957/1957 1958/1958/1958 1955/1955/1955
f 1956/1956/1956 1959/1959/1959 1951/1951/1951
f 1952/1952/1952 1951/1951/1951 1959/1959/1959
f 1959/1959/1959 1956/1956/1956 1960/1960/1960
f 1961/1961/1961 1952/1952/1952 1959/1959/1959
f 1961/1961/1961 1959/1959/1959 1960/1960/1960
f 1958/1958/1958 1957/1957/1957 1962/1962/1962
f 1962/1962/1962 1957/1957/1957 1943/1943/1943
f 1962/1962/1962 1963/1963/1963 1958/1958/1958
f 1943/1943/1943 1940/1940/1940 1962/1962/1962
f 1963/1963/1963 1962/1962/1962 1964/1964/1964
f 1940/1940/1940 1964/1964/1964 1962/1962/1962
f 1964/1964/1964 1965/1965/1965 1963/1963/1963
f 1964/1964/1964 1940/1940/1940 1966/1966/1966
f 1940/1940/1940 1939/1939/1939 1966/1966/1966
f 1965/1965/1965 1964/1964/1964 1967/1967/1967
f 1964/1964/1964 1966/1966/1966 1967/1967/1967
f 1967/1967/1967 1968/1968/1968 1965/1965/1965
f 1936/1936/1936 1966/1966/1966 1939/1939/1939
f 1968/1968/1968 1967/1967/1967 1969/1969/1969
f 1966/1966/1966 1970/1970/1970 1967/1967/1967
f 1969/1969/1969 1967/1967/1967 1970/1970/1970
f 1966/1966/1966 1936/1936/1936 1971/1971/1971
f 1971/1971/1971 1970/1970/1970 1966/1966/1966
f 1972/1972/1972 1968/1968/1968 1969/1969/1969
f 1968/1968/1968 1972/1972/1972 1973/1973/1973
f 1970/1970/1970 1974/1974/1974 1969/1969/1969
f 1970/1970/1970 1971/1971/1971 1974/1974/1974
f 1969/1969/1969 1974/1974/1974 1975/1975/1975
f 1969/1969/1969 1975/1975/1975 1972/1972/1972
f 1974/1974/1974 1971/1971/1971 1976/1976/1976
f 1976/1976/1976 1975/1975/1975 1974/1974/1974
f 1936/1936/1936 1977/1977/1977 1971/1971/1971
f 1976/1976/1976 1971/1971/1971 1977/1977/1977
f 1977/1977/1977 1936/1936/1936 1897/1897/1897
f 1975/1975/1975 1976/1976/1976 1978/1978/1978
f 1979/1979/1979 1977/1977/1977 1897/1897/1897
f 1898/1898/1898 1979/1979/1979 1897/1897/1897
f 1977/1977/1977 1980/1980/1980 1976/1976/1976
f 1977/1977/1977 1979/1979/1979 1980/1980/1980
f 1976/1976/1976 1980/1980/1980 1978/1978/1978
f 1981/1981/1981 1979/1979/1979 1898/1898/1898
f 1980/1980/1980 1979/1979/1979 1982/1982/1982
f 1979/1979/1979 1981/1981/1981 1982/1982/1982
f 1980/1980/1980 1983/1983/1983 1978/1978/1978
f 1982/1982/1982 1983/1983/1983 1980/1980/1980
f 1978/1978/1978 1984/1984/1984 1975/1975/1975
f 1975/1975/1975 1984/1984/1984 1972/1972/1972
f 1985/1985/1985 1978/1978/1978 1983/1983/1983
f 1978/1978/1978 1985/1985/1985 1984/1984/1984
f 1972/1972/1972 1984/1984/1984 1986/1986/1986
f 1972/1972/1972 1986/1986/1986 1973/1973/1973
f 1973/1973/1973 1986/1986/1986 1987/1987/1987
f 1984/1984/1984 1988/1988/1988 1986/1986/1986
f 1984/1984/1984 1985/1985/1985 1988/1988/1988
f 1986/1986/1986 1989/1989/1989 1987/1987/1987
f 1986/1986/1986 1988/1988/1988 1989/1989/1989
f 1987/1987/1987 1989/1989/1989 1990/1990/1990
f 1989/1989/1989 1991/1991/1991 1990/1990/1990
f 1988/1988/1988 1992/1992/1992 1989/1989/1989
f 1991/1991/1991 1989/1989/1989 1993/1993/1993
f 1989/1989/1989 1992/1992/1992 1993/1993/1993
f 1994/1994/1994 1991/1991/1991 1993/1993/1993
f 1991/1991/1991 1994/1994/1994 1995/1995/1995
f 1996/1996/1996 1993/1993/1993 1992/1992/1992
f 1993/1993/1993 1996/1996/1996 1994/1994/1994
f 1997/1997/1997 1992/1992/1992 1988/1988/1988
f 1988/1988/1988 1985/1985/1985 1997/1997/1997
f 1992/1992/1992 1998/1998/1998 1996/1996/1996
f 1998/1998/1998 1992/1992/1992 1997/1997/1997
f 1996/1996/1996 1999/1999/1999 1994/1994/1994
f 1995/1995/1995 1994/1994/1994 2000/2000/2000
f 2000/2000/2000 1994/1994/1994 1999/1999/1999
f 2001/2001/2001 1995/1995/1995 2000/2000/2000
f 2000/2000/2000 2002/2002/2002 2001/2001/2001
f 2002/2002/2002 2000/2000/2000 2003/2003/2003
f 1999/1999/1999 2003/2003/2003 2000/2000/2000
f 2003/2003/2003 2004/2004/2004 2002/2002/2002
f 1996/1996/1996 2005/2005/2005 1999/1999/1999
f 2003/2003/2003 1999/1999/1999 2005/2005/2005
f 1998/1998/1998 2005/2005/2005 1996/1996/1996
f 2004/2004/2004 2003/2003/2003 2006/2006/2006
f 2005/2005/2005 2006/2006/2006 2003/2003/2003
f 2006/2006/2006 2007/2007/2007 2004/2004/2004
f 2006/2006/2006 2005/2005/2005 2008/2008/2008
f 2007/2007/2007 2006/2006/2006 2009/2009/2009
f 2008/2008/2008 2009/2009/2009 2006/2006/2006
f 2008/2008/2008 2005/2005/2005 2010/2010/2010
f 1998/1998/1998 2010/2010/2010 2005/2005/2005
f 2009/2009/2009 2008/2008/2008 2011/2011/2011
f 2010/2010/2010 2011/2011/2011 2008/2008/2008
f 2012/2012/2012 2007/2007/2007 2009/2009/2009
f 2007/2007/2007 2012/2012/2012 2013/2013/2013
f 2014/2014/2014 2009/2009/2009 2011/2011/2011
f 2009/2009/2009 2014/2014/2014 2012/2012/2012
f 2013/2013/2013 2015/2015/2015 2016/2016/2016
f 2015/2015/2015 2013/2013/2013 2012/2012/2012
f 2012/2012/2012 2017/2017/2017 2015/2015/2015
f 2017/2017/2017 2012/2012/2012 2014/2014/2014
f 2011/2011/2011 2018/2018/2018 2014/2014/2014
f 2018/2018/2018 2017/2017/2017 2014/2014/2014
f 2010/2010/2010 2018/2018/2018 2011/2011/2011
f 2017/2017/2017 2018/2018/2018 2019/2019/2019
f 2020/2020/2020 2018/2018/2018 2010/2010/2010
f 1998/1998/1998 2020/2020/2020 2010/2010/2010
f 2019/2019/2019 2018/2018/2018 2021/2021/2021
f 2018/2018/2018 2020/2020/2020 2021/2021/2021
f 2021/2021/2021 2022/2022/2022 2019/2019/2019
f 2022/2022/2022 2021/2021/2021 2023/2023/2023
f 2020/2020/2020 2023/2023/2023 2021/2021/2021
f 2023/2023/2023 2024/2024/2024 2022/2022/2022
f 2020/2020/2020 1998/1998/1998 2025/2025/2025
f 1997/1997/1997 2025/2025/2025 1998/1998/1998
f 2026/2026/2026 2024/2024/2024 2023/2023/2023
f 2024/2024/2024 2026/2026/2026 2027/2027/2027
f 2026/2026/2026 2028/2028/2028 2027/2027/2027
f 2029/2029/2029 2028/2028/2028 2026/2026/2026
f 2030/2030/2030 2026/2026/2026 2023/2023/2023
f 2030/2030/2030 2023/2023/2023 2020/2020/2020
f 2031/2031/2031 2029/2029/2029 2026/2026/2026
f 2031/2031/2031 2026/2026/2026 2030/2030/2030
f 2029/2029/2029 2031/2031/2031 2032/2032/2032
f 2031/2031/2031 2033/2033/2033 2032/2032/2032
f 2033/2033/2033 2031/2031/2031 2034/2034/2034
f 2030/2030/2030 2034/2034/2034 2031/2031/2031
f 2034/2034/2034 2035/2035/2035 2033/2033/2033
f 2036/2036/2036 2030/2030/2030 2020/2020/2020
f 2034/2034/2034 2030/2030/2030 2036/2036/2036
f 2020/2020/2020 2025/2025/2025 2036/2036/2036
f 2037/2037/2037 2035/2035/2035 2034/2034/2034
f 2036/2036/2036 2037/2037/2037 2034/2034/2034
f 2037/2037/2037 2038/2038/2038 2035/2035/2035
f 2037/2037/2037 2036/2036/2036 2039/2039/2039
f 2039/2039/2039 2038/2038/2038 2037/2037/2037
f 2025/2025/2025 2039/2039/2039 2036/2036/2036
f 2038/2038/2038 2039/2039/2039 2040/2040/2040
f 2039/2039/2039 2025/2025/2025 2041/2041/2041
f 2041/2041/2041 2040/2040/2040 2039/2039/2039
f 1997/1997/1997 2041/2041/2041 2025/2025/2025
f 2040/2040/2040 2042/2042/2042 2038/2038/2038
f 2041/2041/2041 1997/1997/1997 2043/2043/2043
f 1985/1985/1985 2043/2043/2043 1997/1997/1997
f 2043/2043/2043 1985/1985/1985 1983/1983/1983
f 2044/2044/2044 2041/2041/2041 2043/2043/2043
f 2043/2043/2043 1983/1983/1983 2044/2044/2044
f 2040/2040/2040 2041/2041/2041 2044/2044/2044
f 1983/1983/1983 1982/1982/1982 2044/2044/2044
f 2045/2045/2045 2040/2040/2040 2044/2044/2044
f 2044/2044/2044 1982/1982/1982 2045/2045/2045
f 2042/2042/2042 2040/2040/2040 2045/2045/2045
f 2045/2045/2045 1982/1982/1982 2046/2046/2046
f 2045/2045/2045 2046/2046/2046 2042/2042/2042
f 2047/2047/2047 2048/2048/2048 2049/2049/2049
f 2050/2050/2050 2051/2051/2051 2049/2049/2049
f 2051/2051/2051 2050/2050/2050 2052/2052/2052
f 2053/2053/2053 2052/2052/2052 2050/2050/2050
f 2052/2052/2052 2053/2053/2053 2054/2054/2054
f 2053/2053/2053 2055/2055/2055 2054/2054/2054
f 2055/2055/2055 2053/2053/2053 2056/2056/2056
f 2056/2056/2056 2057/2057/2057 2055/2055/2055
f 2055/2055/2055 2057/2057/2057 2058/2058/2058
f 2057/2057/2057 2056/2056/2056 2059/2059/2059
f 2060/2060/2060 2057/2057/2057 2059/2059/2059
f 2057/2057/2057 2060/2060/2060 2061/2061/2061
f 2062/2062/2062 2061/2061/2061 2060/2060/2060
f 2063/2063/2063 2057/2057/2057 2061/2061/2061
f 2061/2061/2061 2062/2062/2062 2064/2064/2064
f 2065/2065/2065 2064/2064/2064 2062/2062/2062
f 2065/2065/2065 2066/2066/2066 2064/2064/2064
f 2066/2066/2066 2065/2065/2065 2067/2067/2067
f 2067/2067/2067 2068/2068/2068 2066/2066/2066
f 2069/2069/2069 2070/2070/2070 2071/2071/2071
f 2070/2070/2070 2072/2072/2072 2073/2073/2073
f 2072/2072/2072 2070/2070/2070 2069/2069/2069
f 2074/2074/2074 2072/2072/2072 2075/2075/2075
f 2069/2069/2069 2075/2075/2075 2072/2072/2072
f 2075/2075/2075 2069/2069/2069 2076/2076/2076
f 2077/2077/2077 2078/2078/2078 2079/2079/2079
f 2080/2080/2080 2079/2079/2079 2078/2078/2078
f 2079/2079/2079 2080/2080/2080 2081/2081/2081
f 2082/2082/2082 2080/2080/2080 2078/2078/2078
f 2080/2080/2080 2083/2083/2083 2081/2081/2081
f 2080/2080/2080 2082/2082/2082 2083/2083/2083
f 2081/2081/2081 2083/2083/2083 2084/2084/2084
f 2085/2085/2085 2083/2083/2083 2082/2082/2082
f 2083/2083/2083 2086/2086/2086 2084/2084/2084
f 2083/2083/2083 2085/2085/2085 2087/2087/2087
f 2086/2086/2086 2083/2083/2083 2087/2087/2087
f 2085/2085/2085 2088/2088/2088 2087/2087/2087
f 2087/2087/2087 2088/2088/2088 2086/2086/2086
f 2088/2088/2088 2085/2085/2085 2089/2089/2089
f 2086/2086/2086 2088/2088/2088 2090/2090/2090
f 2089/2089/2089 2091/2091/2091 2088/2088/2088
f 2088/2088/2088 2091/2091/2091 2090/2090/2090
f 2091/2091/2091 2089/2089/2089 2092/2092/2092
f 2093/2093/2093 2090/2090/2090 2091/2091/2091
f 2092/2092/2092 2094/2094/2094 2091/2091/2091
f 2094/2094/2094 2093/2093/2093 2091/2091/2091
f 2093/2093/2093 2094/2094/2094 2095/2095/2095
f 2096/2096/2096 2094/2094/2094 2092/2092/2092
f 2094/2094/2094 2097/2097/2097 2095/2095/2095
f 2094/2094/2094 2098/2098/2098 2097/2097/2097
f 2098/2098/2098 2094/2094/2094 2096/2096/2096
f 2098/2098/2098 2099/2099/2099 2097/2097/2097
f 2100/2100/2100 2098/2098/2098 2096/2096/2096
f 2101/2101/2101 2100/2100/2100 2096/2096/2096
f 2098/2098/2098 2100/2100/2100 2102/2102/2102
f 2103/2103/2103 2100/2100/2100 2101/2101/2101
f 2103/2103/2103 2102/2102/2102 2100/2100/2100
f 2101/2101/2101 2104/2104/2104 2103/2103/2103
f 2105/2105/2105 2103/2103/2103 2104/2104/2104
f 2106/2106/2106 2098/2098/2098 2102/2102/2102
f 2098/2098/2098 2106/2106/2106 2099/2099/2099
f 2107/2107/2107 2103/2103/2103 2105/2105/2105
f 2108/2108/2108 2107/2107/2107 2105/2105/2105
f 2102/2102/2102 2103/2103/2103 2109/2109/2109
f 2107/2107/2107 2109/2109/2109 2103/2103/2103
f 2109/2109/2109 2110/2110/2110 2102/2102/2102
f 2102/2102/2102 2110/2110/2110 2106/2106/2106
f 2111/2111/2111 2110/2110/2110 2109/2109/2109
f 2110/2110/2110 2111/2111/2111 2112/2112/2112
f 2112/2112/2112 2106/2106/2106 2110/2110/2110
f 2113/2113/2113 2106/2106/2106 2112/2112/2112
f 2114/2114/2114 2111/2111/2111 2109/2109/2109
f 2109/2109/2109 2107/2107/2107 2114/2114/2114
f 2115/2115/2115 2111/2111/2111 2114/2114/2114
f 2116/2116/2116 2115/2115/2115 2114/2114/2114
f 2117/2117/2117 2106/2106/2106 2113/2113/2113
f 2117/2117/2117 2113/2113/2113 2118/2118/2118
f 2117/2117/2117 2118/2118/2118 2119/2119/2119
f 2120/2120/2120 2117/2117/2117 2119/2119/2119
f 2121/2121/2121 2106/2106/2106 2117/2117/2117
f 2117/2117/2117 2120/2120/2120 2121/2121/2121
f 2121/2121/2121 2099/2099/2099 2106/2106/2106
f 2122/2122/2122 2099/2099/2099 2121/2121/2121
f 2122/2122/2122 2121/2121/2121 2120/2120/2120
f 2122/2122/2122 2123/2123/2123 2099/2099/2099
f 2120/2120/2120 2124/2124/2124 2122/2122/2122
f 2124/2124/2124 2123/2123/2123 2122/2122/2122
f 2124/2124/2124 2120/2120/2120 2125/2125/2125
f 2123/2123/2123 2124/2124/2124 2126/2126/2126
f 2125/2125/2125 2127/2127/2127 2124/2124/2124
f 2126/2126/2126 2124/2124/2124 2127/2127/2127
f 2127/2127/2127 2125/2125/2125 2128/2128/2128
f 2129/2129/2129 2126/2126/2126 2127/2127/2127
f 2130/2130/2130 2127/2127/2127 2128/2128/2128
f 2127/2127/2127 2130/2130/2130 2129/2129/2129
f 2130/2130/2130 2128/2128/2128 2131/2131/2131
f 2132/2132/2132 2129/2129/2129 2130/2130/2130
f 2130/2130/2130 2131/2131/2131 2132/2132/2132
f 2133/2133/2133 2129/2129/2129 2132/2132/2132
f 2134/2134/2134 2132/2132/2132 2131/2131/2131
f 2114/2114/2114 2135/2135/2135 2116/2116/2116
f 2135/2135/2135 2136/2136/2136 2116/2116/2116
f 2114/2114/2114 2137/2137/2137 2135/2135/2135
f 2137/2137/2137 2114/2114/2114 2107/2107/2107
f 2107/2107/2107 2108/2108/2108 2137/2137/2137
f 2136/2136/2136 2135/2135/2135 2138/2138/2138
f 2138/2138/2138 2135/2135/2135 2137/2137/2137
f 2108/2108/2108 2139/2139/2139 2137/2137/2137
f 2139/2139/2139 2138/2138/2138 2137/2137/2137
f 2139/2139/2139 2108/2108/2108 2140/2140/2140
f 2140/2140/2140 2141/2141/2141 2139/2139/2139
f 2141/2141/2141 2140/2140/2140 2142/2142/2142
f 2142/2142/2142 2143/2143/2143 2144/2144/2144
f 2145/2145/2145 2144/2144/2144 2143/2143/2143
f 2146/2146/2146 2144/2144/2144 2145/2145/2145
f 2147/2147/2147 2146/2146/2146 2145/2145/2145
f 2146/2146/2146 2148/2148/2148 2149/2149/2149
f 2148/2148/2148 2146/2146/2146 2147/2147/2147
f 2150/2150/2150 2149/2149/2149 2148/2148/2148
f 2151/2151/2151 2148/2148/2148 2147/2147/2147
f 2148/2148/2148 2152/2152/2152 2150/2150/2150
f 2148/2148/2148 2151/2151/2151 2152/2152/2152
f 2153/2153/2153 2152/2152/2152 2151/2151/2151
f 2154/2154/2154 2150/2150/2150 2152/2152/2152
f 2152/2152/2152 2153/2153/2153 2155/2155/2155
f 2154/2154/2154 2152/2152/2152 2155/2155/2155
f 2156/2156/2156 2155/2155/2155 2153/2153/2153
f 2157/2157/2157 2155/2155/2155 2156/2156/2156
f 2158/2158/2158 2157/2157/2157 2156/2156/2156
f 2154/2154/2154 2155/2155/2155 2159/2159/2159
f 2157/2157/2157 2158/2158/2158 2160/2160/2160
f 2161/2161/2161 2155/2155/2155 2157/2157/2157
f 2161/2161/2161 2157/2157/2157 2160/2160/2160
f 2155/2155/2155 2162/2162/2162 2159/2159/2159
f 2155/2155/2155 2161/2161/2161 2162/2162/2162
f 2162/2162/2162 2163/2163/2163 2159/2159/2159
f 2163/2163/2163 2162/2162/2162 2164/2164/2164
f 2161/2161/2161 2164/2164/2164 2162/2162/2162
f 2161/2161/2161 2165/2165/2165 2164/2164/2164
f 2166/2166/2166 2165/2165/2165 2161/2161/2161
f 2166/2166/2166 2161/2161/2161 2160/2160/2160
f 2165/2165/2165 2166/2166/2166 2167/2167/2167
f 2168/2168/2168 2167/2167/2167 2166/2166/2166
f 2160/2160/2160 2168/2168/2168 2166/2166/2166
f 2167/2167/2167 2168/2168/2168 2169/2169/2169
f 2160/2160/2160 2170/2170/2170 2168/2168/2168
f 2170/2170/2170 2169/2169/2169 2168/2168/2168
f 2158/2158/2158 2170/2170/2170 2160/2160/2160
f 2170/2170/2170 2158/2158/2158 2171/2171/2171
f 2169/2169/2169 2170/2170/2170 2172/2172/2172
f 2170/2170/2170 2171/2171/2171 2172/2172/2172
f 2172/2172/2172 2173/2173/2173 2169/2169/2169
f 2174/2174/2174 2172/2172/2172 2171/2171/2171
f 2174/2174/2174 2173/2173/2173 2172/2172/2172
f 2173/2173/2173 2174/2174/2174 2175/2175/2175
f 2176/2176/2176 2177/2177/2177 2178/2178/2178
f 2179/2179/2179 2176/2176/2176 2180/2180/2180
f 2181/2181/2181 2179/2179/2179 2180/2180/2180
f 2181/2181/2181 2182/2182/2182 2179/2179/2179
f 2182/2182/2182 2181/2181/2181 2183/2183/2183
f 2184/2184/2184 2185/2185/2185 2183/2183/2183
f 2186/2186/2186 2183/2183/2183 2185/2185/2185
f 2187/2187/2187 2182/2182/2182 2183/2183/2183
f 2188/2188/2188 2182/2182/2182 2187/2187/2187
f 2189/2189/2189 2187/2187/2187 2186/2186/2186
f 2190/2190/2190 2188/2188/2188 2187/2187/2187
f 2188/2188/2188 2190/2190/2190 2191/2191/2191
f 2192/2192/2192 2191/2191/2191 2190/2190/2190
f 2191/2191/2191 2192/2192/2192 2193/2193/2193
f 2194/2194/2194 2195/2195/2195 2196/2196/2196
f 2193/2193/2193 2197/2197/2197 2198/2198/2198
f 2197/2197/2197 2196/2196/2196 2198/2198/2198
f 2198/2198/2198 2199/2199/2199 2193/2193/2193
f 2198/2198/2198 2196/2196/2196 2200/2200/2200
f 2199/2199/2199 2198/2198/2198 2200/2200/2200
f 2199/2199/2199 2200/2200/2200 2201/2201/2201
f 2202/2202/2202 2203/2203/2203 2204/2204/2204
f 2203/2203/2203 2202/2202/2202 2205/2205/2205
f 2205/2205/2205 2206/2206/2206 2203/2203/2203
f 2207/2207/2207 2205/2205/2205 2202/2202/2202
f 2206/2206/2206 2205/2205/2205 2208/2208/2208
f 2209/2209/2209 2206/2206/2206 2208/2208/2208
f 2205/2205/2205 2207/2207/2207 2210/2210/2210
f 2210/2210/2210 2208/2208/2208 2205/2205/2205
f 2211/2211/2211 2210/2210/2210 2207/2207/2207
f 2210/2210/2210 2211/2211/2211 2212/2212/2212
f 2208/2208/2208 2210/2210/2210 2213/2213/2213
f 2208/2208/2208 2214/2214/2214 2209/2209/2209
f 2214/2214/2214 2208/2208/2208 2213/2213/2213
f 2215/2215/2215 2209/2209/2209 2214/2214/2214
f 2213/2213/2213 2216/2216/2216 2214/2214/2214
f 2217/2217/2217 2215/2215/2215 2214/2214/2214
f 2216/2216/2216 2217/2217/2217 2214/2214/2214
f 2217/2217/2217 2218/2218/2218 2215/2215/2215
f 2217/2217/2217 2216/2216/2216 2219/2219/2219
f 2218/2218/2218 2217/2217/2217 2220/2220/2220
f 2219/2219/2219 2220/2220/2220 2217/2217/2217
f 2220/2220/2220 2221/2221/2221 2218/2218/2218
f 2220/2220/2220 2219/2219/2219 2222/2222/2222
f 2222/2222/2222 2223/2223/2223 2220/2220/2220
f 2224/2224/2224 2225/2225/2225 2226/2226/2226
f 2224/2224/2224 2227/2227/2227 2225/2225/2225
f 2227/2227/2227 2228/2228/2228 2225/2225/2225
f 2224/2224/2224 2229/2229/2229 2227/2227/2227
f 2230/2230/2230 2231/2231/2231 2232/2232/2232
f 2231/2231/2231 2230/2230/2230 2233/2233/2233
f 2234/2234/2234 2232/2232/2232 2231/2231/2231
f 2232/2232/2232 2234/2234/2234 2229/2229/2229
f 2233/2233/2233 2235/2235/2235 2231/2231/2231
f 2235/2235/2235 2234/2234/2234 2231/2231/2231
f 2235/2235/2235 2233/2233/2233 2236/2236/2236
f 2234/2234/2234 2237/2237/2237 2229/2229/2229
f 2236/2236/2236 2238/2238/2238 2235/2235/2235
f 2238/2238/2238 2236/2236/2236 2239/2239/2239
f 2234/2234/2234 2235/2235/2235 2240/2240/2240
f 2234/2234/2234 2240/2240/2240 2237/2237/2237
f 2241/2241/2241 2235/2235/2235 2238/2238/2238
f 2235/2235/2235 2241/2241/2241 2240/2240/2240
f 2240/2240/2240 2241/2241/2241 2242/2242/2242
f 2243/2243/2243 2240/2240/2240 2242/2242/2242
f 2237/2237/2237 2240/2240/2240 2243/2243/2243
f 2242/2242/2242 2241/2241/2241 2244/2244/2244
f 2245/2245/2245 2237/2237/2237 2243/2243/2243
f 2246/2246/2246 2244/2244/2244 2241/2241/2241
f 2244/2244/2244 2246/2246/2246 2247/2247/2247
f 2237/2237/2237 2245/2245/2245 2248/2248/2248
f 2248/2248/2248 2249/2249/2249 2237/2237/2237
f 2237/2237/2237 2249/2249/2249 2229/2229/2229
f 2229/2229/2229 2249/2249/2249 2227/2227/2227
f 2245/2245/2245 2250/2250/2250 2248/2248/2248
f 2250/2250/2250 2245/2245/2245 2251/2251/2251
f 2248/2248/2248 2252/2252/2252 2249/2249/2249
f 2248/2248/2248 2250/2250/2250 2252/2252/2252
f 2249/2249/2249 2253/2253/2253 2227/2227/2227
f 2249/2249/2249 2252/2252/2252 2253/2253/2253
f 2228/2228/2228 2227/2227/2227 2253/2253/2253
f 2254/2254/2254 2228/2228/2228 2253/2253/2253
f 2252/2252/2252 2254/2254/2254 2253/2253/2253
f 2228/2228/2228 2254/2254/2254 2255/2255/2255
f 2250/2250/2250 2256/2256/2256 2252/2252/2252
f 2252/2252/2252 2256/2256/2256 2254/2254/2254
f 2257/2257/2257 2255/2255/2255 2254/2254/2254
f 2256/2256/2256 2257/2257/2257 2254/2254/2254
f 2258/2258/2258 2255/2255/2255 2257/2257/2257
f 2250/2250/2250 2259/2259/2259 2256/2256/2256
f 2251/2251/2251 2259/2259/2259 2250/2250/2250
f 2251/2251/2251 2260/2260/2260 2259/2259/2259
f 2257/2257/2257 2256/2256/2256 2261/2261/2261
f 2259/2259/2259 2261/2261/2261 2256/2256/2256
f 2262/2262/2262 2258/2258/2258 2257/2257/2257
f 2261/2261/2261 2262/2262/2262 2257/2257/2257
f 2258/2258/2258 2262/2262/2262 2263/2263/2263
f 2260/2260/2260 2264/2264/2264 2259/2259/2259
f 2261/2261/2261 2259/2259/2259 2264/2264/2264
f 2264/2264/2264 2260/2260/2260 2265/2265/2265
f 2264/2264/2264 2266/2266/2266 2261/2261/2261
f 2262/2262/2262 2261/2261/2261 2266/2266/2266
f 2265/2265/2265 2267/2267/2267 2264/2264/2264
f 2266/2266/2266 2264/2264/2264 2267/2267/2267
f 2267/2267/2267 2265/2265/2265 2268/2268/2268
f 2268/2268/2268 2269/2269/2269 2267/2267/2267
f 2269/2269/2269 2266/2266/2266 2267/2267/2267
f 2269/2269/2269 2268/2268/2268 2270/2270/2270
f 2271/2271/2271 2262/2262/2262 2266/2266/2266
f 2266/2266/2266 2269/2269/2269 2271/2271/2271
f 2270/2270/2270 2272/2272/2272 2269/2269/2269
f 2272/2272/2272 2271/2271/2271 2269/2269/2269
f 2272/2272/2272 2270/2270/2270 2273/2273/2273
f 2262/2262/2262 2271/2271/2271 2274/2274/2274
f 2274/2274/2274 2263/2263/2263 2262/2262/2262
f 2263/2263/2263 2274/2274/2274 2275/2275/2275
f 2276/2276/2276 2274/2274/2274 2271/2271/2271
f 2271/2271/2271 2272/2272/2272 2276/2276/2276
f 2277/2277/2277 2275/2275/2275 2274/2274/2274
f 2274/2274/2274 2276/2276/2276 2277/2277/2277
f 2278/2278/2278 2275/2275/2275 2277/2277/2277
f 2279/2279/2279 2277/2277/2277 2276/2276/2276
f 2276/2276/2276 2272/2272/2272 2279/2279/2279
f 2280/2280/2280 2278/2278/2278 2277/2277/2277
f 2277/2277/2277 2279/2279/2279 2280/2280/2280
f 2278/2278/2278 2280/2280/2280 2281/2281/2281
f 2282/2282/2282 2281/2281/2281 2280/2280/2280
f 2281/2281/2281 2282/2282/2282 2283/2283/2283
f 2284/2284/2284 2280/2280/2280 2279/2279/2279
f 2280/2280/2280 2284/2284/2284 2282/2282/2282
f 2285/2285/2285 2283/2283/2283 2282/2282/2282
f 2284/2284/2284 2285/2285/2285 2282/2282/2282
f 2286/2286/2286 2283/2283/2283 2285/2285/2285
f 2279/2279/2279 2287/2287/2287 2284/2284/2284
f 2287/2287/2287 2279/2279/2279 2272/2272/2272
f 2288/2288/2288 2286/2286/2286 2285/2285/2285
f 2286/2286/2286 2288/2288/2288 2289/2289/2289
f 2285/2285/2285 2284/2284/2284 2290/2290/2290
f 2288/2288/2288 2285/2285/2285 2290/2290/2290
f 2287/2287/2287 2291/2291/2291 2284/2284/2284
f 2290/2290/2290 2284/2284/2284 2291/2291/2291
f 2287/2287/2287 2272/2272/2272 2292/2292/2292
f 2273/2273/2273 2292/2292/2292 2272/2272/2272
f 2292/2292/2292 2273/2273/2273 2293/2293/2293
f 2294/2294/2294 2287/2287/2287 2292/2292/2292
f 2293/2293/2293 2294/2294/2294 2292/2292/2292
f 2287/2287/2287 2294/2294/2294 2291/2291/2291
f 2294/2294/2294 2293/2293/2293 2295/2295/2295
f 2294/2294/2294 2295/2295/2295 2296/2296/2296
f 2291/2291/2291 2294/2294/2294 2296/2296/2296
f 2295/2295/2295 2297/2297/2297 2296/2296/2296
f 2296/2296/2296 2298/2298/2298 2291/2291/2291
f 2298/2298/2298 2290/2290/2290 2291/2291/2291
f 2296/2296/2296 2297/2297/2297 2299/2299/2299
f 2299/2299/2299 2298/2298/2298 2296/2296/2296
f 2297/2297/2297 2300/2300/2300 2301/2301/2301
f 2297/2297/2297 2301/2301/2301 2299/2299/2299
f 2290/2290/2290 2298/2298/2298 2302/2302/2302
f 2288/2288/2288 2290/2290/2290 2302/2302/2302
f 2298/2298/2298 2299/2299/2299 2303/2303/2303
f 2301/2301/2301 2303/2303/2303 2299/2299/2299
f 2303/2303/2303 2302/2302/2302 2298/2298/2298
f 2303/2303/2303 2301/2301/2301 2304/2304/2304
f 2302/2302/2302 2305/2305/2305 2288/2288/2288
f 2305/2305/2305 2289/2289/2289 2288/2288/2288
f 2289/2289/2289 2305/2305/2305 2306/2306/2306
f 2307/2307/2307 2306/2306/2306 2305/2305/2305
f 2305/2305/2305 2308/2308/2308 2307/2307/2307
f 2302/2302/2302 2303/2303/2303 2309/2309/2309
f 2305/2305/2305 2302/2302/2302 2309/2309/2309
f 2309/2309/2309 2308/2308/2308 2305/2305/2305
f 2304/2304/2304 2309/2309/2309 2303/2303/2303
f 2308/2308/2308 2309/2309/2309 2310/2310/2310
f 2309/2309/2309 2304/2304/2304 2310/2310/2310
f 2311/2311/2311 2312/2312/2312 2313/2313/2313
f 2312/2312/2312 2311/2311/2311 2314/2314/2314
f 2314/2314/2314 2315/2315/2315 2312/2312/2312
f 2311/2311/2311 2316/2316/2316 2314/2314/2314
f 2315/2315/2315 2314/2314/2314 2317/2317/2317
f 2314/2314/2314 2316/2316/2316 2317/2317/2317
f 2317/2317/2317 2318/2318/2318 2315/2315/2315
f 2319/2319/2319 2317/2317/2317 2316/2316/2316
f 2317/2317/2317 2320/2320/2320 2318/2318/2318
f 2317/2317/2317 2319/2319/2319 2321/2321/2321
f 2320/2320/2320 2317/2317/2317 2321/2321/2321
f 2321/2321/2321 2322/2322/2322 2320/2320/2320
f 2323/2323/2323 2321/2321/2321 2319/2319/2319
f 2321/2321/2321 2324/2324/2324 2322/2322/2322
f 2321/2321/2321 2323/2323/2323 2325/2325/2325
f 2324/2324/2324 2321/2321/2321 2325/2325/2325
f 2326/2326/2326 2325/2325/2325 2323/2323/2323
f 2327/2327/2327 2324/2324/2324 2325/2325/2325
f 2325/2325/2325 2326/2326/2326 2328/2328/2328
f 2325/2325/2325 2328/2328/2328 2327/2327/2327
f 2327/2327/2327 2328/2328/2328 2329/2329/2329
f 2330/2330/2330 2328/2328/2328 2326/2326/2326
f 2328/2328/2328 2331/2331/2331 2329/2329/2329
f 2328/2328/2328 2332/2332/2332 2331/2331/2331
f 2328/2328/2328 2330/2330/2330 2332/2332/2332
f 2332/2332/2332 2333/2333/2333 2331/2331/2331
f 2330/2330/2330 2334/2334/2334 2332/2332/2332
f 2334/2334/2334 2333/2333/2333 2332/2332/2332
f 2333/2333/2333 2334/2334/2334 2335/2335/2335
f 2334/2334/2334 2330/2330/2330 2336/2336/2336
f 2337/2337/2337 2335/2335/2335 2334/2334/2334
f 2338/2338/2338 2337/2337/2337 2334/2334/2334
f 2334/2334/2334 2336/2336/2336 2338/2338/2338
f 2337/2337/2337 2338/2338/2338 2339/2339/2339
f 2338/2338/2338 2336/2336/2336 2340/2340/2340
f 2340/2340/2340 2339/2339/2339 2338/2338/2338
f 2340/2340/2340 2336/2336/2336 2341/2341/2341
f 2339/2339/2339 2340/2340/2340 2342/2342/2342
f 2340/2340/2340 2341/2341/2341 2342/2342/2342
f 2341/2341/2341 2343/2343/2343 2342/2342/2342
f 2344/2344/2344 2345/2345/2345 2346/2346/2346
f 2347/2347/2347 2348/2348/2348 2346/2346/2346
f 2348/2348/2348 2347/2347/2347 2349/2349/2349
f 2350/2350/2350 2348/2348/2348 2349/2349/2349
f 2350/2350/2350 2349/2349/2349 2351/2351/2351
f 2352/2352/2352 2350/2350/2350 2351/2351/2351
f 2350/2350/2350 2352/2352/2352 2353/2353/2353
f 2354/2354/2354 2353/2353/2353 2352/2352/2352
f 2352/2352/2352 2355/2355/2355 2354/2354/2354
f 2354/2354/2354 2356/2356/2356 2353/2353/2353
f 2357/2357/2357 2356/2356/2356 2354/2354/2354
f 2358/2358/2358 2357/2357/2357 2354/2354/2354
f 2359/2359/2359 2358/2358/2358 2354/2354/2354
f 2358/2358/2358 2360/2360/2360 2357/2357/2357
f 2360/2360/2360 2358/2358/2358 2361/2361/2361
f 2362/2362/2362 2360/2360/2360 2361/2361/2361
f 2363/2363/2363 2362/2362/2362 2361/2361/2361
f 2362/2362/2362 2363/2363/2363 2364/2364/2364
f 2364/2364/2364 2363/2363/2363 2365/2365/2365
f 2366/2366/2366 2367/2367/2367 2368/2368/2368
f 2368/2368/2368 2369/2369/2369 2366/2366/2366
f 2369/2369/2369 2368/2368/2368 2370/2370/2370
f 2366/2366/2366 2371/2371/2371 2372/2372/2372
f 2371/2371/2371 2366/2366/2366 2369/2369/2369
f 2369/2369/2369 2373/2373/2373 2371/2371/2371
f 2374/2374/2374 2375/2375/2375 2376/2376/2376
f 2374/2374/2374 2377/2377/2377 2378/2378/2378
f 2374/2374/2374 2376/2376/2376 2379/2379/2379
f 2374/2374/2374 2379/2379/2379 2377/2377/2377
f 2379/2379/2379 2376/2376/2376 2380/2380/2380
f 2379/2379/2379 2381/2381/2381 2377/2377/2377
f 2379/2379/2379 2380/2380/2380 2381/2381/2381
f 2377/2377/2377 2381/2381/2381 2382/2382/2382
f 2381/2381/2381 2380/2380/2380 2383/2383/2383
f 2382/2382/2382 2381/2381/2381 2384/2384/2384
f 2383/2383/2383 2384/2384/2384 2381/2381/2381
f 2385/2385/2385 2382/2382/2382 2384/2384/2384
f 2386/2386/2386 2384/2384/2384 2383/2383/2383
f 2384/2384/2384 2387/2387/2387 2385/2385/2385
f 2384/2384/2384 2386/2386/2386 2387/2387/2387
f 2387/2387/2387 2388/2388/2388 2385/2385/2385
f 2387/2387/2387 2386/2386/2386 2389/2389/2389
f 2389/2389/2389 2388/2388/2388 2387/2387/2387
f 2389/2389/2389 2386/2386/2386 2390/2390/2390
f 2391/2391/2391 2390/2390/2390 2386/2386/2386
f 2390/2390/2390 2391/2391/2391 2392/2392/2392
f 2390/2390/2390 2392/2392/2392 2393/2393/2393
f 2389/2389/2389 2390/2390/2390 2394/2394/2394
f 2390/2390/2390 2393/2393/2393 2394/2394/2394
f 2389/2389/2389 2394/2394/2394 2388/2388/2388
f 2394/2394/2394 2393/2393/2393 2395/2395/2395
f 2396/2396/2396 2388/2388/2388 2394/2394/2394
f 2388/2388/2388 2396/2396/2396 2397/2397/2397
f 2394/2394/2394 2395/2395/2395 2398/2398/2398
f 2398/2398/2398 2395/2395/2395 2399/2399/2399
f 2400/2400/2400 2394/2394/2394 2398/2398/2398
f 2394/2394/2394 2400/2400/2400 2396/2396/2396
f 2399/2399/2399 2401/2401/2401 2398/2398/2398
f 2401/2401/2401 2400/2400/2400 2398/2398/2398
f 2402/2402/2402 2401/2401/2401 2399/2399/2399
f 2402/2402/2402 2399/2399/2399 2403/2403/2403
f 2404/2404/2404 2402/2402/2402 2403/2403/2403
f 2401/2401/2401 2405/2405/2405 2400/2400/2400
f 2406/2406/2406 2402/2402/2402 2404/2404/2404
f 2407/2407/2407 2406/2406/2406 2404/2404/2404
f 2408/2408/2408 2401/2401/2401 2402/2402/2402
f 2401/2401/2401 2408/2408/2408 2405/2405/2405
f 2409/2409/2409 2402/2402/2402 2406/2406/2406
f 2402/2402/2402 2409/2409/2409 2408/2408/2408
f 2406/2406/2406 2407/2407/2407 2410/2410/2410
f 2410/2410/2410 2409/2409/2409 2406/2406/2406
f 2411/2411/2411 2408/2408/2408 2409/2409/2409
f 2408/2408/2408 2411/2411/2411 2412/2412/2412
f 2405/2405/2405 2408/2408/2408 2412/2412/2412
f 2405/2405/2405 2412/2412/2412 2413/2413/2413
f 2414/2414/2414 2405/2405/2405 2413/2413/2413
f 2415/2415/2415 2411/2411/2411 2409/2409/2409
f 2410/2410/2410 2415/2415/2415 2409/2409/2409
f 2411/2411/2411 2415/2415/2415 2416/2416/2416
f 2405/2405/2405 2414/2414/2414 2417/2417/2417
f 2405/2405/2405 2417/2417/2417 2400/2400/2400
f 2414/2414/2414 2418/2418/2418 2417/2417/2417
f 2417/2417/2417 2396/2396/2396 2400/2400/2400
f 2396/2396/2396 2417/2417/2417 2418/2418/2418
f 2419/2419/2419 2396/2396/2396 2418/2418/2418
f 2397/2397/2397 2396/2396/2396 2419/2419/2419
f 2420/2420/2420 2397/2397/2397 2419/2419/2419
f 2418/2418/2418 2421/2421/2421 2419/2419/2419
f 2419/2419/2419 2422/2422/2422 2420/2420/2420
f 2421/2421/2421 2423/2423/2423 2419/2419/2419
f 2422/2422/2422 2419/2419/2419 2423/2423/2423
f 2424/2424/2424 2423/2423/2423 2421/2421/2421
f 2425/2425/2425 2422/2422/2422 2423/2423/2423
f 2423/2423/2423 2424/2424/2424 2426/2426/2426
f 2425/2425/2425 2423/2423/2423 2426/2426/2426
f 2427/2427/2427 2426/2426/2426 2424/2424/2424
f 2428/2428/2428 2425/2425/2425 2426/2426/2426
f 2426/2426/2426 2427/2427/2427 2429/2429/2429
f 2428/2428/2428 2426/2426/2426 2429/2429/2429
f 2427/2427/2427 2430/2430/2430 2429/2429/2429
f 2428/2428/2428 2429/2429/2429 2430/2430/2430
f 2430/2430/2430 2431/2431/2431 2428/2428/2428
f 2430/2430/2430 2427/2427/2427 2432/2432/2432
f 2430/2430/2430 2433/2433/2433 2431/2431/2431
f 2432/2432/2432 2434/2434/2434 2430/2430/2430
f 2430/2430/2430 2434/2434/2434 2433/2433/2433
f 2434/2434/2434 2432/2432/2432 2435/2435/2435
f 2436/2436/2436 2433/2433/2433 2434/2434/2434
f 2436/2436/2436 2434/2434/2434 2435/2435/2435
f 2435/2435/2435 2437/2437/2437 2436/2436/2436
f 2438/2438/2438 2416/2416/2416 2415/2415/2415
f 2416/2416/2416 2438/2438/2438 2439/2439/2439
f 2439/2439/2439 2440/2440/2440 2441/2441/2441
f 2440/2440/2440 2442/2442/2442 2441/2441/2441
f 2442/2442/2442 2440/2440/2440 2443/2443/2443
f 2443/2443/2443 2444/2444/2444 2442/2442/2442
f 2445/2445/2445 2443/2443/2443 2446/2446/2446
f 2444/2444/2444 2443/2443/2443 2445/2445/2445
f 2447/2447/2447 2445/2445/2445 2446/2446/2446
f 2445/2445/2445 2448/2448/2448 2444/2444/2444
f 2449/2449/2449 2445/2445/2445 2447/2447/2447
f 2448/2448/2448 2445/2445/2445 2449/2449/2449
f 2449/2449/2449 2450/2450/2450 2448/2448/2448
f 2451/2451/2451 2449/2449/2449 2447/2447/2447
f 2450/2450/2450 2449/2449/2449 2452/2452/2452
f 2451/2451/2451 2452/2452/2452 2449/2449/2449
f 2453/2453/2453 2450/2450/2450 2452/2452/2452
f 2453/2453/2453 2452/2452/2452 2454/2454/2454
f 2454/2454/2454 2455/2455/2455 2453/2453/2453
f 2456/2456/2456 2452/2452/2452 2451/2451/2451
f 2455/2455/2455 2454/2454/2454 2457/2457/2457
f 2452/2452/2452 2458/2458/2458 2454/2454/2454
f 2458/2458/2458 2457/2457/2457 2454/2454/2454
f 2452/2452/2452 2456/2456/2456 2459/2459/2459
f 2458/2458/2458 2452/2452/2452 2459/2459/2459
f 2460/2460/2460 2459/2459/2459 2456/2456/2456
f 2459/2459/2459 2460/2460/2460 2461/2461/2461
f 2458/2458/2458 2459/2459/2459 2461/2461/2461
f 2458/2458/2458 2461/2461/2461 2462/2462/2462
f 2462/2462/2462 2463/2463/2463 2458/2458/2458
f 2457/2457/2457 2458/2458/2458 2463/2463/2463
f 2463/2463/2463 2462/2462/2462 2464/2464/2464
f 2464/2464/2464 2465/2465/2465 2463/2463/2463
f 2465/2465/2465 2457/2457/2457 2463/2463/2463
f 2465/2465/2465 2464/2464/2464 2466/2466/2466
f 2457/2457/2457 2465/2465/2465 2467/2467/2467
f 2466/2466/2466 2467/2467/2467 2465/2465/2465
f 2467/2467/2467 2455/2455/2455 2457/2457/2457
f 2455/2455/2455 2467/2467/2467 2468/2468/2468
f 2467/2467/2467 2466/2466/2466 2469/2469/2469
f 2467/2467/2467 2469/2469/2469 2468/2468/2468
f 2469/2469/2469 2466/2466/2466 2470/2470/2470
f 2469/2469/2469 2471/2471/2471 2468/2468/2468
f 2470/2470/2470 2471/2471/2471 2469/2469/2469
f 2471/2471/2471 2470/2470/2470 2472/2472/2472
f 2473/2473/2473 2474/2474/2474 2475/2475/2475
f 2473/2473/2473 2475/2475/2475 2476/2476/2476
f 2476/2476/2476 2477/2477/2477 2473/2473/2473
f 2476/2476/2476 2475/2475/2475 2478/2478/2478
f 2479/2479/2479 2477/2477/2477 2476/2476/2476
f 2478/2478/2478 2479/2479/2479 2476/2476/2476
f 2480/2480/2480 2481/2481/2481 2477/2477/2477
f 2482/2482/2482 2478/2478/2478 2483/2483/2483
f 2481/2481/2481 2480/2480/2480 2484/2484/2484
f 2484/2484/2484 2485/2485/2485 2481/2481/2481
f 2485/2485/2485 2484/2484/2484 2486/2486/2486
f 2486/2486/2486 2487/2487/2487 2488/2488/2488
f 2489/2489/2489 2485/2485/2485 2486/2486/2486
f 2489/2489/2489 2486/2486/2486 2490/2490/2490
f 2490/2490/2490 2488/2488/2488 2491/2491/2491
f 2491/2491/2491 2492/2492/2492 2490/2490/2490
f 2493/2493/2493 2489/2489/2489 2490/2490/2490
f 2489/2489/2489 2493/2493/2493 2494/2494/2494
f 2493/2493/2493 2495/2495/2495 2494/2494/2494
f 2496/2496/2496 2494/2494/2494 2495/2495/2495
f 2496/2496/2496 2497/2497/2497 2498/2498/2498
f 2499/2499/2499 2500/2500/2500 2501/2501/2501
f 2500/2500/2500 2499/2499/2499 2502/2502/2502
f 2502/2502/2502 2503/2503/2503 2500/2500/2500
f 2504/2504/2504 2502/2502/2502 2499/2499/2499
f 2505/2505/2505 2503/2503/2503 2502/2502/2502
f 2505/2505/2505 2506/2506/2506 2503/2503/2503
f 2506/2506/2506 2505/2505/2505 2507/2507/2507
f 2502/2502/2502 2504/2504/2504 2508/2508/2508
f 2508/2508/2508 2505/2505/2505 2502/2502/2502
f 2509/2509/2509 2508/2508/2508 2504/2504/2504
f 2510/2510/2510 2505/2505/2505 2508/2508/2508
f 2511/2511/2511 2508/2508/2508 2509/2509/2509
f 2511/2511/2511 2510/2510/2510 2508/2508/2508
f 2512/2512/2512 2511/2511/2511 2509/2509/2509
f 2513/2513/2513 2510/2510/2510 2511/2511/2511
f 2511/2511/2511 2512/2512/2512 2514/2514/2514
f 2514/2514/2514 2513/2513/2513 2511/2511/2511
f 2515/2515/2515 2514/2514/2514 2512/2512/2512
f 2513/2513/2513 2514/2514/2514 2516/2516/2516
f 2515/2515/2515 2517/2517/2517 2514/2514/2514
f 2517/2517/2517 2516/2516/2516 2514/2514/2514
f 2518/2518/2518 2517/2517/2517 2515/2515/2515
f 2516/2516/2516 2517/2517/2517 2519/2519/2519
f 2520/2520/2520 2519/2519/2519 2517/2517/2517
f 2521/2521/2521 2522/2522/2522 2523/2523/2523
f 2524/2524/2524 2525/2525/2525 2526/2526/2526
f 2525/2525/2525 2524/2524/2524 2527/2527/2527
f 2528/2528/2528 2523/2523/2523 2522/2522/2522
f 2522/2522/2522 2529/2529/2529 2528/2528/2528
f 2523/2523/2523 2528/2528/2528 2530/2530/2530
f 2531/2531/2531 2524/2524/2524 2526/2526/2526
f 2530/2530/2530 2531/2531/2531 2526/2526/2526
f 2532/2532/2532 2527/2527/2527 2524/2524/2524
f 2531/2531/2531 2532/2532/2532 2524/2524/2524
f 2527/2527/2527 2532/2532/2532 2533/2533/2533
f 2531/2531/2531 2530/2530/2530 2534/2534/2534
f 2535/2535/2535 2533/2533/2533 2532/2532/2532
f 2533/2533/2533 2535/2535/2535 2536/2536/2536
f 2532/2532/2532 2531/2531/2531 2537/2537/2537
f 2534/2534/2534 2537/2537/2537 2531/2531/2531
f 2532/2532/2532 2538/2538/2538 2535/2535/2535
f 2538/2538/2538 2532/2532/2532 2537/2537/2537
f 2537/2537/2537 2539/2539/2539 2538/2538/2538
f 2540/2540/2540 2539/2539/2539 2537/2537/2537
f 2534/2534/2534 2540/2540/2540 2537/2537/2537
f 2539/2539/2539 2541/2541/2541 2538/2538/2538
f 2534/2534/2534 2542/2542/2542 2540/2540/2540
f 2541/2541/2541 2543/2543/2543 2538/2538/2538
f 2541/2541/2541 2544/2544/2544 2543/2543/2543
f 2542/2542/2542 2534/2534/2534 2545/2545/2545
f 2546/2546/2546 2542/2542/2542 2545/2545/2545
f 2542/2542/2542 2546/2546/2546 2547/2547/2547
f 2548/2548/2548 2545/2545/2545 2534/2534/2534
f 2534/2534/2534 2530/2530/2530 2548/2548/2548
f 2548/2548/2548 2530/2530/2530 2528/2528/2528
f 2548/2548/2548 2549/2549/2549 2545/2545/2545
f 2546/2546/2546 2545/2545/2545 2549/2549/2549
f 2528/2528/2528 2550/2550/2550 2548/2548/2548
f 2549/2549/2549 2548/2548/2548 2550/2550/2550
f 2550/2550/2550 2528/2528/2528 2529/2529/2529
f 2529/2529/2529 2551/2551/2551 2550/2550/2550
f 2550/2550/2550 2551/2551/2551 2549/2549/2549
f 2551/2551/2551 2529/2529/2529 2552/2552/2552
f 2549/2549/2549 2553/2553/2553 2546/2546/2546
f 2553/2553/2553 2549/2549/2549 2551/2551/2551
f 2552/2552/2552 2554/2554/2554 2551/2551/2551
f 2554/2554/2554 2553/2553/2553 2551/2551/2551
f 2554/2554/2554 2552/2552/2552 2555/2555/2555
f 2556/2556/2556 2546/2546/2546 2553/2553/2553
f 2546/2546/2546 2556/2556/2556 2547/2547/2547
f 2557/2557/2557 2547/2547/2547 2556/2556/2556
f 2553/2553/2553 2554/2554/2554 2558/2558/2558
f 2556/2556/2556 2553/2553/2553 2558/2558/2558
f 2559/2559/2559 2557/2557/2557 2556/2556/2556
f 2559/2559/2559 2556/2556/2556 2558/2558/2558
f 2557/2557/2557 2559/2559/2559 2560/2560/2560
f 2558/2558/2558 2554/2554/2554 2561/2561/2561
f 2555/2555/2555 2561/2561/2561 2554/2554/2554
f 2561/2561/2561 2555/2555/2555 2562/2562/2562
f 2559/2559/2559 2558/2558/2558 2563/2563/2563
f 2563/2563/2563 2558/2558/2558 2561/2561/2561
f 2560/2560/2560 2559/2559/2559 2564/2564/2564
f 2564/2564/2564 2559/2559/2559 2563/2563/2563
f 2565/2565/2565 2560/2560/2560 2564/2564/2564
f 2566/2566/2566 2565/2565/2565 2564/2564/2564
f 2563/2563/2563 2566/2566/2566 2564/2564/2564
f 2565/2565/2565 2566/2566/2566 2567/2567/2567
f 2561/2561/2561 2568/2568/2568 2563/2563/2563
f 2566/2566/2566 2563/2563/2563 2568/2568/2568
f 2562/2562/2562 2569/2569/2569 2561/2561/2561
f 2568/2568/2568 2561/2561/2561 2569/2569/2569
f 2569/2569/2569 2562/2562/2562 2570/2570/2570
f 2571/2571/2571 2567/2567/2567 2566/2566/2566
f 2568/2568/2568 2571/2571/2571 2566/2566/2566
f 2567/2567/2567 2571/2571/2571 2572/2572/2572
f 2569/2569/2569 2573/2573/2573 2568/2568/2568
f 2571/2571/2571 2568/2568/2568 2573/2573/2573
f 2570/2570/2570 2574/2574/2574 2569/2569/2569
f 2573/2573/2573 2569/2569/2569 2574/2574/2574
f 2574/2574/2574 2570/2570/2570 2575/2575/2575
f 2574/2574/2574 2576/2576/2576 2573/2573/2573
f 2573/2573/2573 2576/2576/2576 2571/2571/2571
f 2575/2575/2575 2577/2577/2577 2574/2574/2574
f 2576/2576/2576 2574/2574/2574 2577/2577/2577
f 2577/2577/2577 2575/2575/2575 2578/2578/2578
f 2579/2579/2579 2571/2571/2571 2576/2576/2576
f 2578/2578/2578 2580/2580/2580 2577/2577/2577
f 2580/2580/2580 2578/2578/2578 2581/2581/2581
f 2577/2577/2577 2582/2582/2582 2576/2576/2576
f 2582/2582/2582 2577/2577/2577 2580/2580/2580
f 2576/2576/2576 2582/2582/2582 2579/2579/2579
f 2581/2581/2581 2583/2583/2583 2580/2580/2580
f 2583/2583/2583 2582/2582/2582 2580/2580/2580
f 2583/2583/2583 2581/2581/2581 2584/2584/2584
f 2584/2584/2584 2585/2585/2585 2583/2583/2583
f 2585/2585/2585 2584/2584/2584 2586/2586/2586
f 2582/2582/2582 2583/2583/2583 2587/2587/2587
f 2585/2585/2585 2587/2587/2587 2583/2583/2583
f 2588/2588/2588 2582/2582/2582 2587/2587/2587
f 2588/2588/2588 2579/2579/2579 2582/2582/2582
f 2587/2587/2587 2585/2585/2585 2589/2589/2589
f 2586/2586/2586 2590/2590/2590 2585/2585/2585
f 2590/2590/2590 2589/2589/2589 2585/2585/2585
f 2590/2590/2590 2586/2586/2586 2591/2591/2591
f 2592/2592/2592 2590/2590/2590 2591/2591/2591
f 2593/2593/2593 2590/2590/2590 2592/2592/2592
f 2593/2593/2593 2594/2594/2594 2590/2590/2590
f 2589/2589/2589 2590/2590/2590 2594/2594/2594
f 2594/2594/2594 2593/2593/2593 2595/2595/2595
f 2596/2596/2596 2594/2594/2594 2595/2595/2595
f 2596/2596/2596 2597/2597/2597 2594/2594/2594
f 2597/2597/2597 2589/2589/2589 2594/2594/2594
f 2598/2598/2598 2597/2597/2597 2596/2596/2596
f 2599/2599/2599 2587/2587/2587 2589/2589/2589
f 2589/2589/2589 2597/2597/2597 2599/2599/2599
f 2587/2587/2587 2599/2599/2599 2588/2588/2588
f 2597/2597/2597 2598/2598/2598 2600/2600/2600
f 2600/2600/2600 2599/2599/2599 2597/2597/2597
f 2601/2601/2601 2602/2602/2602 2598/2598/2598
f 2598/2598/2598 2602/2602/2602 2600/2600/2600
f 2600/2600/2600 2603/2603/2603 2599/2599/2599
f 2603/2603/2603 2600/2600/2600 2602/2602/2602
f 2603/2603/2603 2588/2588/2588 2599/2599/2599
f 2602/2602/2602 2604/2604/2604 2603/2603/2603
f 2588/2588/2588 2603/2603/2603 2605/2605/2605
f 2603/2603/2603 2604/2604/2604 2605/2605/2605
f 2605/2605/2605 2579/2579/2579 2588/2588/2588
f 2605/2605/2605 2604/2604/2604 2606/2606/2606
f 2579/2579/2579 2605/2605/2605 2607/2607/2607
f 2605/2605/2605 2606/2606/2606 2607/2607/2607
f 2579/2579/2579 2607/2607/2607 2571/2571/2571
f 2607/2607/2607 2606/2606/2606 2572/2572/2572
f 2607/2607/2607 2572/2572/2572 2571/2571/2571
f 2608/2608/2608 2609/2609/2609 2610/2610/2610
f 2611/2611/2611 2609/2609/2609 2608/2608/2608
f 2611/2611/2611 2612/2612/2612 2609/2609/2609
f 2611/2611/2611 2608/2608/2608 2613/2613/2613
f 2612/2612/2612 2611/2611/2611 2614/2614/2614
f 2614/2614/2614 2611/2611/2611 2613/2613/2613
f 2614/2614/2614 2615/2615/2615 2612/2612/2612
f 2616/2616/2616 2614/2614/2614 2613/2613/2613
f 2615/2615/2615 2614/2614/2614 2616/2616/2616
f 2615/2615/2615 2616/2616/2616 2617/2617/2617
f 2618/2618/2618 2616/2616/2616 2613/2613/2613
f 2616/2616/2616 2619/2619/2619 2617/2617/2617
f 2619/2619/2619 2616/2616/2616 2620/2620/2620
f 2618/2618/2618 2620/2620/2620 2616/2616/2616
f 2620/2620/2620 2621/2621/2621 2619/2619/2619
f 2618/2618/2618 2622/2622/2622 2620/2620/2620
f 2622/2622/2622 2621/2621/2621 2620/2620/2620
f 2621/2621/2621 2622/2622/2622 2623/2623/2623
f 2622/2622/2622 2618/2618/2618 2624/2624/2624
f 2622/2622/2622 2625/2625/2625 2623/2623/2623
f 2624/2624/2624 2626/2626/2626 2622/2622/2622
f 2625/2625/2625 2622/2622/2622 2626/2626/2626
f 2626/2626/2626 2624/2624/2624 2627/2627/2627
f 2625/2625/2625 2626/2626/2626 2628/2628/2628
f 2627/2627/2627 2629/2629/2629 2626/2626/2626
f 2629/2629/2629 2628/2628/2628 2626/2626/2626
f 2628/2628/2628 2629/2629/2629 2630/2630/2630
f 2629/2629/2629 2627/2627/2627 2631/2631/2631
f 2629/2629/2629 2632/2632/2632 2630/2630/2630
f 2631/2631/2631 2633/2633/2633 2629/2629/2629
f 2632/2632/2632 2629/2629/2629 2633/2633/2633
f 2633/2633/2633 2634/2634/2634 2632/2632/2632
f 2633/2633/2633 2631/2631/2631 2635/2635/2635
f 2633/2633/2633 2636/2636/2636 2634/2634/2634
f 2637/2637/2637 2633/2633/2633 2635/2635/2635
f 2637/2637/2637 2636/2636/2636 2633/2633/2633
f 2638/2638/2638 2637/2637/2637 2635/2635/2635
f 2636/2636/2636 2637/2637/2637 2639/2639/2639
f 2638/2638/2638 2639/2639/2639 2637/2637/2637
f 2639/2639/2639 2638/2638/2638 2640/2640/2640
f 2641/2641/2641 2642/2642/2642 2643/2643/2643
f 2642/2642/2642 2641/2641/2641 2644/2644/2644
f 2641/2641/2641 2645/2645/2645 2644/2644/2644
f 2644/2644/2644 2646/2646/2646 2642/2642/2642
f 2645/2645/2645 2647/2647/2647 2644/2644/2644
f 2648/2648/2648 2647/2647/2647 2645/2645/2645
f 2646/2646/2646 2644/2644/2644 2649/2649/2649
f 2644/2644/2644 2647/2647/2647 2649/2649/2649
f 2646/2646/2646 2649/2649/2649 2650/2650/2650
f 2650/2650/2650 2651/2651/2651 2646/2646/2646
f 2650/2650/2650 2652/2652/2652 2651/2651/2651
f 2647/2647/2647 2653/2653/2653 2649/2649/2649
f 2649/2649/2649 2653/2653/2653 2650/2650/2650
f 2647/2647/2647 2648/2648/2648 2654/2654/2654
f 2654/2654/2654 2653/2653/2653 2647/2647/2647
f 2655/2655/2655 2654/2654/2654 2648/2648/2648
f 2650/2650/2650 2656/2656/2656 2652/2652/2652
f 2650/2650/2650 2653/2653/2653 2656/2656/2656
f 2653/2653/2653 2654/2654/2654 2657/2657/2657
f 2657/2657/2657 2656/2656/2656 2653/2653/2653
f 2654/2654/2654 2655/2655/2655 2658/2658/2658
f 2658/2658/2658 2657/2657/2657 2654/2654/2654
f 2655/2655/2655 2659/2659/2659 2658/2658/2658
f 2656/2656/2656 2657/2657/2657 2660/2660/2660
f 2657/2657/2657 2658/2658/2658 2661/2661/2661
f 2661/2661/2661 2660/2660/2660 2657/2657/2657
f 2658/2658/2658 2659/2659/2659 2662/2662/2662
f 2658/2658/2658 2662/2662/2662 2661/2661/2661
f 2663/2663/2663 2662/2662/2662 2659/2659/2659
f 2661/2661/2661 2662/2662/2662 2664/2664/2664
f 2661/2661/2661 2664/2664/2664 2665/2665/2665
f 2662/2662/2662 2663/2663/2663 2666/2666/2666
f 2662/2662/2662 2666/2666/2666 2664/2664/2664
f 2663/2663/2663 2667/2667/2667 2666/2666/2666
f 2664/2664/2664 2666/2666/2666 2668/2668/2668
f 2666/2666/2666 2669/2669/2669 2668/2668/2668
f 2669/2669/2669 2666/2666/2666 2670/2670/2670
f 2666/2666/2666 2667/2667/2667 2670/2670/2670
f 2667/2667/2667 2671/2671/2671 2670/2670/2670
f 2670/2670/2670 2672/2672/2672 2669/2669/2669
f 2670/2670/2670 2671/2671/2671 2673/2673/2673
f 2672/2672/2672 2670/2670/2670 2673/2673/2673
f 2671/2671/2671 2674/2674/2674 2673/2673/2673
f 2673/2673/2673 2674/2674/2674 2675/2675/2675
f 2675/2675/2675 2672/2672/2672 2673/2673/2673
f 2674/2674/2674 2676/2676/2676 2675/2675/2675
f 2672/2672/2672 2675/2675/2675 2677/2677/2677
f 2675/2675/2675 2676/2676/2676 2678/2678/2678
f 2675/2675/2675 2678/2678/2678 2677/2677/2677
f 2676/2676/2676 2679/2679/2679 2678/2678/2678
f 2678/2678/2678 2679/2679/2679 2680/2680/2680
f 2681/2681/2681 2682/2682/2682 2683/2683/2683
f 2682/2682/2682 2684/2684/2684 2683/2683/2683
f 2682/2682/2682 2681/2681/2681 2685/2685/2685
f 2686/2686/2686 2682/2682/2682 2685/2685/2685
f 2687/2687/2687 2686/2686/2686 2685/2685/2685
f 2686/2686/2686 2687/2687/2687 2688/2688/2688
f 2682/2682/2682 2686/2686/2686 2689/2689/2689
f 2690/2690/2690 2688/2688/2688 2687/2687/2687
f 2688/2688/2688 2690/2690/2690 2691/2691/2691
f 2692/2692/2692 2682/2682/2682 2689/2689/2689
f 2684/2684/2684 2682/2682/2682 2692/2692/2692
f 2692/2692/2692 2693/2693/2693 2684/2684/2684
f 2689/2689/2689 2694/2694/2694 2692/2692/2692
f 2690/2690/2690 2695/2695/2695 2691/2691/2691
f 2696/2696/2696 2695/2695/2695 2690/2690/2690
f 2697/2697/2697 2691/2691/2691 2695/2695/2695
f 2698/2698/2698 2692/2692/2692 2694/2694/2694
f 2693/2693/2693 2692/2692/2692 2698/2698/2698
f 2694/2694/2694 2699/2699/2699 2698/2698/2698
f 2698/2698/2698 2700/2700/2700 2693/2693/2693
f 2699/2699/2699 2701/2701/2701 2698/2698/2698
f 2700/2700/2700 2698/2698/2698 2701/2701/2701
f 2701/2701/2701 2699/2699/2699 2702/2702/2702
f 2701/2701/2701 2703/2703/2703 2700/2700/2700
f 2704/2704/2704 2701/2701/2701 2702/2702/2702
f 2703/2703/2703 2701/2701/2701 2704/2704/2704
f 2702/2702/2702 2705/2705/2705 2704/2704/2704
f 2706/2706/2706 2703/2703/2703 2704/2704/2704
f 2706/2706/2706 2704/2704/2704 2705/2705/2705
f 2703/2703/2703 2706/2706/2706 2707/2707/2707
f 2705/2705/2705 2708/2708/2708 2706/2706/2706
f 2709/2709/2709 2707/2707/2707 2706/2706/2706
f 2709/2709/2709 2706/2706/2706 2708/2708/2708
f 2710/2710/2710 2707/2707/2707 2709/2709/2709
f 2708/2708/2708 2711/2711/2711 2709/2709/2709
f 2709/2709/2709 2712/2712/2712 2710/2710/2710
f 2711/2711/2711 2713/2713/2713 2709/2709/2709
f 2712/2712/2712 2709/2709/2709 2713/2713/2713
f 2713/2713/2713 2711/2711/2711 2714/2714/2714
f 2712/2712/2712 2715/2715/2715 2716/2716/2716
f 2713/2713/2713 2715/2715/2715 2712/2712/2712
f 2714/2714/2714 2717/2717/2717 2713/2713/2713
f 2715/2715/2715 2713/2713/2713 2717/2717/2717
f 2717/2717/2717 2714/2714/2714 2718/2718/2718
f 2719/2719/2719 2715/2715/2715 2720/2720/2720
f 2717/2717/2717 2720/2720/2720 2715/2715/2715
f 2720/2720/2720 2721/2721/2721 2719/2719/2719
f 2718/2718/2718 2722/2722/2722 2717/2717/2717
f 2720/2720/2720 2717/2717/2717 2722/2722/2722
f 2722/2722/2722 2718/2718/2718 2723/2723/2723
f 2721/2721/2721 2720/2720/2720 2724/2724/2724
f 2722/2722/2722 2724/2724/2724 2720/2720/2720
f 2723/2723/2723 2725/2725/2725 2722/2722/2722
f 2724/2724/2724 2722/2722/2722 2725/2725/2725
f 2725/2725/2725 2723/2723/2723 2726/2726/2726
f 2727/2727/2727 2721/2721/2721 2724/2724/2724
f 2728/2728/2728 2721/2721/2721 2727/2727/2727
f 2727/2727/2727 2729/2729/2729 2728/2728/2728
f 2727/2727/2727 2730/2730/2730 2729/2729/2729
f 2724/2724/2724 2731/2731/2731 2727/2727/2727
f 2730/2730/2730 2727/2727/2727 2731/2731/2731
f 2725/2725/2725 2731/2731/2731 2724/2724/2724
f 2732/2732/2732 2730/2730/2730 2731/2731/2731
f 2731/2731/2731 2725/2725/2725 2732/2732/2732
f 2726/2726/2726 2732/2732/2732 2725/2725/2725
f 2730/2730/2730 2732/2732/2732 2733/2733/2733
f 2732/2732/2732 2726/2726/2726 2734/2734/2734
f 2734/2734/2734 2733/2733/2733 2732/2732/2732
f 2733/2733/2733 2734/2734/2734 2735/2735/2735
f 2736/2736/2736 2737/2737/2737 2738/2738/2738
f 2737/2737/2737 2736/2736/2736 2739/2739/2739
f 2737/2737/2737 2739/2739/2739 2740/2740/2740
f 2739/2739/2739 2741/2741/2741 2740/2740/2740
f 2741/2741/2741 2742/2742/2742 2740/2740/2740
f 2742/2742/2742 2741/2741/2741 2743/2743/2743
f 2744/2744/2744 2741/2741/2741 2739/2739/2739
f 2739/2739/2739 2745/2745/2745 2744/2744/2744
f 2746/2746/2746 2743/2743/2743 2741/2741/2741
f 2741/2741/2741 2744/2744/2744 2746/2746/2746
f 2743/2743/2743 2746/2746/2746 2747/2747/2747
f 2748/2748/2748 2746/2746/2746 2744/2744/2744
f 2749/2749/2749 2747/2747/2747 2746/2746/2746
f 2746/2746/2746 2748/2748/2748 2749/2749/2749
f 2750/2750/2750 2749/2749/2749 2748/2748/2748
f 2751/2751/2751 2752/2752/2752 2753/2753/2753
f 2749/2749/2749 2750/2750/2750 2753/2753/2753
f 2754/2754/2754 2753/2753/2753 2752/2752/2752
f 2753/2753/2753 2755/2755/2755 2749/2749/2749
f 2747/2747/2747 2749/2749/2749 2755/2755/2755
f 2753/2753/2753 2754/2754/2754 2756/2756/2756
f 2755/2755/2755 2753/2753/2753 2756/2756/2756
f 2757/2757/2757 2756/2756/2756 2754/2754/2754
f 2755/2755/2755 2758/2758/2758 2747/2747/2747
f 2756/2756/2756 2757/2757/2757 2759/2759/2759
f 2759/2759/2759 2755/2755/2755 2756/2756/2756
f 2760/2760/2760 2759/2759/2759 2757/2757/2757
f 2758/2758/2758 2755/2755/2755 2761/2761/2761
f 2755/2755/2755 2759/2759/2759 2761/2761/2761
f 2762/2762/2762 2758/2758/2758 2761/2761/2761
f 2762/2762/2762 2761/2761/2761 2763/2763/2763
f 2759/2759/2759 2760/2760/2760 2764/2764/2764
f 2764/2764/2764 2761/2761/2761 2759/2759/2759
f 2765/2765/2765 2764/2764/2764 2760/2760/2760
f 2766/2766/2766 2764/2764/2764 2765/2765/2765
f 2761/2761/2761 2767/2767/2767 2763/2763/2763
f 2767/2767/2767 2766/2766/2766 2763/2763/2763
f 2761/2761/2761 2764/2764/2764 2767/2767/2767
f 2767/2767/2767 2764/2764/2764 2766/2766/2766
f 2768/2768/2768 2769/2769/2769 2770/2770/2770
f 2769/2769/2769 2768/2768/2768 2771/2771/2771
f 2768/2768/2768 2772/2772/2772 2771/2771/2771
f 2773/2773/2773 2771/2771/2771 2772/2772/2772
f 2773/2773/2773 2772/2772/2772 2774/2774/2774
f 2774/2774/2774 2775/2775/2775 2773/2773/2773
f 2773/2773/2773 2776/2776/2776 2771/2771/2771
f 2776/2776/2776 2777/2777/2777 2771/2771/2771
f 2775/2775/2775 2778/2778/2778 2773/2773/2773
f 2776/2776/2776 2773/2773/2773 2778/2778/2778
f 2778/2778/2778 2775/2775/2775 2779/2779/2779
f 2776/2776/2776 2778/2778/2778 2780/2780/2780
f 2779/2779/2779 2781/2781/2781 2778/2778/2778
f 2778/2778/2778 2781/2781/2781 2780/2780/2780
f 2781/2781/2781 2782/2782/2782 2780/2780/2780
f 2783/2783/2783 2784/2784/2784 2785/2785/2785
f 2782/2782/2782 2781/2781/2781 2784/2784/2784
f 2784/2784/2784 2786/2786/2786 2785/2785/2785
f 2787/2787/2787 2784/2784/2784 2781/2781/2781
f 2779/2779/2779 2787/2787/2787 2781/2781/2781
f 2786/2786/2786 2784/2784/2784 2788/2788/2788
f 2784/2784/2784 2787/2787/2787 2788/2788/2788
f 2788/2788/2788 2789/2789/2789 2786/2786/2786
f 2790/2790/2790 2787/2787/2787 2779/2779/2779
f 2789/2789/2789 2788/2788/2788 2791/2791/2791
f 2787/2787/2787 2791/2791/2791 2788/2788/2788
f 2791/2791/2791 2792/2792/2792 2789/2789/2789
f 2787/2787/2787 2790/2790/2790 2793/2793/2793
f 2791/2791/2791 2787/2787/2787 2793/2793/2793
f 2794/2794/2794 2793/2793/2793 2790/2790/2790
f 2793/2793/2793 2794/2794/2794 2795/2795/2795
f 2792/2792/2792 2791/2791/2791 2796/2796/2796
f 2793/2793/2793 2796/2796/2796 2791/2791/2791
f 2797/2797/2797 2792/2792/2792 2796/2796/2796
f 2798/2798/2798 2797/2797/2797 2796/2796/2796
f 2793/2793/2793 2795/2795/2795 2799/2799/2799
f 2799/2799/2799 2795/2795/2795 2798/2798/2798
f 2796/2796/2796 2793/2793/2793 2799/2799/2799
f 2799/2799/2799 2798/2798/2798 2796/2796/2796
f 2800/2800/2800 2801/2801/2801 2802/2802/2802
f 2802/2802/2802 2803/2803/2803 2800/2800/2800
f 2804/2804/2804 2803/2803/2803 2802/2802/2802
f 2803/2803/2803 2804/2804/2804 2805/2805/2805
f 2806/2806/2806 2805/2805/2805 2804/2804/2804
f 2805/2805/2805 2806/2806/2806 2807/2807/2807
f 2806/2806/2806 2808/2808/2808 2807/2807/2807
f 2804/2804/2804 2809/2809/2809 2806/2806/2806
f 2808/2808/2808 2806/2806/2806 2810/2810/2810
f 2810/2810/2810 2811/2811/2811 2808/2808/2808
f 2806/2806/2806 2812/2812/2812 2810/2810/2810
f 2812/2812/2812 2806/2806/2806 2809/2809/2809
f 2811/2811/2811 2810/2810/2810 2813/2813/2813
f 2812/2812/2812 2813/2813/2813 2810/2810/2810
f 2813/2813/2813 2814/2814/2814 2811/2811/2811
f 2814/2814/2814 2813/2813/2813 2815/2815/2815
f 2815/2815/2815 2816/2816/2816 2814/2814/2814
f 2813/2813/2813 2812/2812/2812 2817/2817/2817
f 2817/2817/2817 2815/2815/2815 2813/2813/2813
f 2815/2815/2815 2817/2817/2817 2818/2818/2818
f 2819/2819/2819 2815/2815/2815 2818/2818/2818
f 2816/2816/2816 2815/2815/2815 2820/2820/2820
f 2820/2820/2820 2815/2815/2815 2819/2819/2819
f 2820/2820/2820 2821/2821/2821 2816/2816/2816
f 2819/2819/2819 2822/2822/2822 2820/2820/2820
f 2821/2821/2821 2820/2820/2820 2822/2822/2822
f 2822/2822/2822 2819/2819/2819 2823/2823/2823
f 2824/2824/2824 2822/2822/2822 2823/2823/2823
f 2825/2825/2825 2821/2821/2821 2822/2822/2822
f 2825/2825/2825 2822/2822/2822 2824/2824/2824
f 2826/2826/2826 2821/2821/2821 2825/2825/2825
f 2679/2679/2679 2826/2826/2826 2680/2680/2680
f 2680/2680/2680 2826/2826/2826 2825/2825/2825
f 2827/2827/2827 2825/2825/2825 2824/2824/2824
f 2825/2825/2825 2827/2827/2827 2680/2680/2680
f 2828/2828/2828 2680/2680/2680 2827/2827/2827
f 2680/2680/2680 2828/2828/2828 2678/2678/2678
f 2678/2678/2678 2828/2828/2828 2677/2677/2677
f 2829/2829/2829 2830/2830/2830 2831/2831/2831
f 2831/2831/2831 2830/2830/2830 2832/2832/2832
f 2833/2833/2833 2831/2831/2831 2832/2832/2832
f 2832/2832/2832 2834/2834/2834 2833/2833/2833
f 2834/2834/2834 2835/2835/2835 2833/2833/2833
f 2835/2835/2835 2834/2834/2834 2836/2836/2836
f 2837/2837/2837 2835/2835/2835 2836/2836/2836
f 2838/2838/2838 2833/2833/2833 2835/2835/2835
f 2835/2835/2835 2839/2839/2839 2838/2838/2838
f 2695/2695/2695 2696/2696/2696 2840/2840/2840
f 2841/2841/2841 2840/2840/2840 2839/2839/2839
f 2840/2840/2840 2841/2841/2841 2695/2695/2695
f 2839/2839/2839 2835/2835/2835 2841/2841/2841
f 2841/2841/2841 2697/2697/2697 2695/2695/2695
f 2841/2841/2841 2835/2835/2835 2837/2837/2837
f 2697/2697/2697 2841/2841/2841 2837/2837/2837
f 2842/2842/2842 2843/2843/2843 2844/2844/2844
f 2843/2843/2843 2842/2842/2842 2845/2845/2845
f 2845/2845/2845 2846/2846/2846 2843/2843/2843
f 2845/2845/2845 2847/2847/2847 2846/2846/2846
f 2842/2842/2842 2848/2848/2848 2845/2845/2845
f 2848/2848/2848 2847/2847/2847 2845/2845/2845
f 2848/2848/2848 2842/2842/2842 2849/2849/2849
f 2849/2849/2849 2850/2850/2850 2848/2848/2848
f 2848/2848/2848 2850/2850/2850 2851/2851/2851
f 2852/2852/2852 2851/2851/2851 2850/2850/2850
f 2853/2853/2853 2848/2848/2848 2851/2851/2851
f 2847/2847/2847 2848/2848/2848 2853/2853/2853
f 2851/2851/2851 2852/2852/2852 2854/2854/2854
f 2852/2852/2852 2855/2855/2855 2854/2854/2854
f 2854/2854/2854 2855/2855/2855 2856/2856/2856
f 2854/2854/2854 2857/2857/2857 2851/2851/2851
f 2851/2851/2851 2857/2857/2857 2853/2853/2853
f 2858/2858/2858 2854/2854/2854 2856/2856/2856
f 2857/2857/2857 2854/2854/2854 2858/2858/2858
f 2856/2856/2856 2859/2859/2859 2858/2858/2858
f 2859/2859/2859 2856/2856/2856 2860/2860/2860
f 2861/2861/2861 2859/2859/2859 2860/2860/2860
f 2858/2858/2858 2862/2862/2862 2857/2857/2857
f 2862/2862/2862 2858/2858/2858 2859/2859/2859
f 2861/2861/2861 2862/2862/2862 2859/2859/2859
f 2862/2862/2862 2853/2853/2853 2857/2857/2857
f 2862/2862/2862 2861/2861/2861 2863/2863/2863
f 2864/2864/2864 2853/2853/2853 2862/2862/2862
f 2864/2864/2864 2862/2862/2862 2863/2863/2863
f 2853/2853/2853 2864/2864/2864 2847/2847/2847
f 2863/2863/2863 2865/2865/2865 2864/2864/2864
f 2864/2864/2864 2866/2866/2866 2847/2847/2847
f 2867/2867/2867 2864/2864/2864 2865/2865/2865
f 2865/2865/2865 2868/2868/2868 2867/2867/2867
f 2869/2869/2869 2867/2867/2867 2868/2868/2868
f 2864/2864/2864 2870/2870/2870 2866/2866/2866
f 2867/2867/2867 2870/2870/2870 2864/2864/2864
f 2866/2866/2866 2871/2871/2871 2847/2847/2847
f 2872/2872/2872 2847/2847/2847 2871/2871/2871
f 2870/2870/2870 2873/2873/2873 2866/2866/2866
f 2871/2871/2871 2866/2866/2866 2873/2873/2873
f 2871/2871/2871 2874/2874/2874 2872/2872/2872
f 2872/2872/2872 2874/2874/2874 2875/2875/2875
f 2876/2876/2876 2875/2875/2875 2874/2874/2874
f 2875/2875/2875 2876/2876/2876 2877/2877/2877
f 2871/2871/2871 2876/2876/2876 2874/2874/2874
f 2876/2876/2876 2871/2871/2871 2878/2878/2878
f 2871/2871/2871 2879/2879/2879 2878/2878/2878
f 2879/2879/2879 2871/2871/2871 2873/2873/2873
f 2873/2873/2873 2880/2880/2880 2879/2879/2879
f 2880/2880/2880 2873/2873/2873 2881/2881/2881
f 2873/2873/2873 2870/2870/2870 2881/2881/2881
f 2881/2881/2881 2882/2882/2882 2880/2880/2880
f 2883/2883/2883 2881/2881/2881 2870/2870/2870
f 2870/2870/2870 2867/2867/2867 2883/2883/2883
f 2882/2882/2882 2881/2881/2881 2884/2884/2884
f 2881/2881/2881 2883/2883/2883 2884/2884/2884
f 2885/2885/2885 2882/2882/2882 2884/2884/2884
f 2885/2885/2885 2884/2884/2884 2883/2883/2883
f 2882/2882/2882 2885/2885/2885 2886/2886/2886
f 2867/2867/2867 2887/2887/2887 2883/2883/2883
f 2887/2887/2887 2885/2885/2885 2883/2883/2883
f 2887/2887/2887 2867/2867/2867 2888/2888/2888
f 2867/2867/2867 2869/2869/2869 2888/2888/2888
f 2887/2887/2887 2889/2889/2889 2885/2885/2885
f 2869/2869/2869 2890/2890/2890 2888/2888/2888
f 2890/2890/2890 2869/2869/2869 2891/2891/2891
f 2888/2888/2888 2892/2892/2892 2887/2887/2887
f 2892/2892/2892 2888/2888/2888 2890/2890/2890
f 2889/2889/2889 2887/2887/2887 2892/2892/2892
f 2893/2893/2893 2890/2890/2890 2891/2891/2891
f 2891/2891/2891 2894/2894/2894 2893/2893/2893
f 2895/2895/2895 2893/2893/2893 2894/2894/2894
f 2892/2892/2892 2890/2890/2890 2896/2896/2896
f 2896/2896/2896 2890/2890/2890 2893/2893/2893
f 2893/2893/2893 2895/2895/2895 2897/2897/2897
f 2897/2897/2897 2896/2896/2896 2893/2893/2893
f 2898/2898/2898 2897/2897/2897 2895/2895/2895
f 2897/2897/2897 2898/2898/2898 2899/2899/2899
f 2896/2896/2896 2897/2897/2897 2900/2900/2900
f 2897/2897/2897 2899/2899/2899 2900/2900/2900
f 2901/2901/2901 2892/2892/2892 2896/2896/2896
f 2892/2892/2892 2901/2901/2901 2889/2889/2889
f 2902/2902/2902 2896/2896/2896 2900/2900/2900
f 2902/2902/2902 2901/2901/2901 2896/2896/2896
f 2900/2900/2900 2899/2899/2899 2903/2903/2903
f 2903/2903/2903 2902/2902/2902 2900/2900/2900
f 2904/2904/2904 2903/2903/2903 2899/2899/2899
f 2903/2903/2903 2904/2904/2904 2905/2905/2905
f 2905/2905/2905 2906/2906/2906 2903/2903/2903
f 2906/2906/2906 2902/2902/2902 2903/2903/2903
f 2906/2906/2906 2905/2905/2905 2907/2907/2907
f 2908/2908/2908 2901/2901/2901 2902/2902/2902
f 2902/2902/2902 2906/2906/2906 2908/2908/2908
f 2907/2907/2907 2909/2909/2909 2906/2906/2906
f 2909/2909/2909 2907/2907/2907 2910/2910/2910
f 2908/2908/2908 2906/2906/2906 2909/2909/2909
f 2911/2911/2911 2909/2909/2909 2912/2912/2912
f 2909/2909/2909 2911/2911/2911 2913/2913/2913
f 2913/2913/2913 2908/2908/2908 2909/2909/2909
f 2914/2914/2914 2913/2913/2913 2911/2911/2911
f 2915/2915/2915 2908/2908/2908 2913/2913/2913
f 2913/2913/2913 2914/2914/2914 2915/2915/2915
f 2901/2901/2901 2908/2908/2908 2916/2916/2916
f 2908/2908/2908 2915/2915/2915 2916/2916/2916
f 2889/2889/2889 2901/2901/2901 2916/2916/2916
f 2914/2914/2914 2917/2917/2917 2915/2915/2915
f 2917/2917/2917 2916/2916/2916 2915/2915/2915
f 2917/2917/2917 2889/2889/2889 2916/2916/2916
f 2917/2917/2917 2914/2914/2914 2918/2918/2918
f 2889/2889/2889 2917/2917/2917 2885/2885/2885
f 2886/2886/2886 2917/2917/2917 2918/2918/2918
f 2917/2917/2917 2886/2886/2886 2885/2885/2885
f 2919/2919/2919 2920/2920/2920 2921/2921/2921
f 2920/2920/2920 2919/2919/2919 2922/2922/2922
f 2923/2923/2923 2920/2920/2920 2922/2922/2922
f 2919/2919/2919 2924/2924/2924 2922/2922/2922
f 2924/2924/2924 2923/2923/2923 2922/2922/2922
f 2924/2924/2924 2919/2919/2919 2925/2925/2925
f 2926/2926/2926 2924/2924/2924 2925/2925/2925
f 2923/2923/2923 2924/2924/2924 2927/2927/2927
f 2926/2926/2926 2928/2928/2928 2924/2924/2924
f 2929/2929/2929 2928/2928/2928 2926/2926/2926
f 2930/2930/2930 2924/2924/2924 2928/2928/2928
f 2924/2924/2924 2930/2930/2930 2927/2927/2927
f 2929/2929/2929 2931/2931/2931 2928/2928/2928
f 2932/2932/2932 2931/2931/2931 2929/2929/2929
f 2928/2928/2928 2933/2933/2933 2930/2930/2930
f 2933/2933/2933 2928/2928/2928 2931/2931/2931
f 2931/2931/2931 2932/2932/2932 2934/2934/2934
f 2935/2935/2935 2930/2930/2930 2933/2933/2933
f 2935/2935/2935 2927/2927/2927 2930/2930/2930
f 2931/2931/2931 2936/2936/2936 2933/2933/2933
f 2936/2936/2936 2931/2931/2931 2934/2934/2934
f 2932/2932/2932 2937/2937/2937 2934/2934/2934
f 2937/2937/2937 2936/2936/2936 2934/2934/2934
f 2937/2937/2937 2932/2932/2932 2938/2938/2938
f 2939/2939/2939 2933/2933/2933 2936/2936/2936
f 2933/2933/2933 2939/2939/2939 2935/2935/2935
f 2940/2940/2940 2936/2936/2936 2937/2937/2937
f 2940/2940/2940 2939/2939/2939 2936/2936/2936
f 2938/2938/2938 2941/2941/2941 2937/2937/2937
f 2941/2941/2941 2938/2938/2938 2942/2942/2942
f 2943/2943/2943 2941/2941/2941 2942/2942/2942
f 2940/2940/2940 2937/2937/2937 2944/2944/2944
f 2944/2944/2944 2937/2937/2937 2941/2941/2941
f 2941/2941/2941 2943/2943/2943 2945/2945/2945
f 2941/2941/2941 2946/2946/2946 2944/2944/2944
f 2945/2945/2945 2946/2946/2946 2941/2941/2941
f 2943/2943/2943 2947/2947/2947 2945/2945/2945
f 2947/2947/2947 2943/2943/2943 2948/2948/2948
f 2945/2945/2945 2949/2949/2949 2946/2946/2946
f 2949/2949/2949 2945/2945/2945 2947/2947/2947
f 2948/2948/2948 2950/2950/2950 2947/2947/2947
f 2950/2950/2950 2948/2948/2948 2951/2951/2951
f 2950/2950/2950 2949/2949/2949 2947/2947/2947
f 2952/2952/2952 2950/2950/2950 2953/2953/2953
f 2954/2954/2954 2950/2950/2950 2952/2952/2952
f 2949/2949/2949 2950/2950/2950 2954/2954/2954
f 2955/2955/2955 2954/2954/2954 2952/2952/2952
f 2946/2946/2946 2949/2949/2949 2956/2956/2956
f 2944/2944/2944 2946/2946/2946 2956/2956/2956
f 2957/2957/2957 2949/2949/2949 2954/2954/2954
f 2949/2949/2949 2957/2957/2957 2956/2956/2956
f 2958/2958/2958 2954/2954/2954 2955/2955/2955
f 2954/2954/2954 2958/2958/2958 2957/2957/2957
f 2959/2959/2959 2958/2958/2958 2955/2955/2955
f 2959/2959/2959 2960/2960/2960 2958/2958/2958
f 2958/2958/2958 2961/2961/2961 2957/2957/2957
f 2961/2961/2961 2958/2958/2958 2960/2960/2960
f 2957/2957/2957 2962/2962/2962 2956/2956/2956
f 2962/2962/2962 2957/2957/2957 2961/2961/2961
f 2956/2956/2956 2963/2963/2963 2944/2944/2944
f 2963/2963/2963 2956/2956/2956 2962/2962/2962
f 2944/2944/2944 2963/2963/2963 2940/2940/2940
f 2964/2964/2964 2961/2961/2961 2960/2960/2960
f 2964/2964/2964 2962/2962/2962 2961/2961/2961
f 2965/2965/2965 2964/2964/2964 2960/2960/2960
f 2964/2964/2964 2965/2965/2965 2966/2966/2966
f 2966/2966/2966 2967/2967/2967 2964/2964/2964
f 2962/2962/2962 2964/2964/2964 2967/2967/2967
f 2967/2967/2967 2966/2966/2966 2968/2968/2968
f 2968/2968/2968 2969/2969/2969 2967/2967/2967
f 2962/2962/2962 2967/2967/2967 2970/2970/2970
f 2967/2967/2967 2969/2969/2969 2970/2970/2970
f 2962/2962/2962 2970/2970/2970 2963/2963/2963
f 2971/2971/2971 2970/2970/2970 2969/2969/2969
f 2963/2963/2963 2970/2970/2970 2972/2972/2972
f 2970/2970/2970 2971/2971/2971 2972/2972/2972
f 2963/2963/2963 2972/2972/2972 2940/2940/2940
f 2939/2939/2939 2940/2940/2940 2972/2972/2972
f 2971/2971/2971 2939/2939/2939 2972/2972/2972
f 2939/2939/2939 2971/2971/2971 2973/2973/2973
f 2974/2974/2974 2939/2939/2939 2973/2973/2973
f 2939/2939/2939 2974/2974/2974 2935/2935/2935
f 2974/2974/2974 2975/2975/2975 2935/2935/2935
f 2935/2935/2935 2975/2975/2975 2976/2976/2976
f 2977/2977/2977 2976/2976/2976 2975/2975/2975
f 2978/2978/2978 2935/2935/2935 2976/2976/2976
f 2935/2935/2935 2978/2978/2978 2927/2927/2927
f 2976/2976/2976 2977/2977/2977 2979/2979/2979
f 2977/2977/2977 2980/2980/2980 2979/2979/2979
f 2979/2979/2979 2980/2980/2980 2981/2981/2981
f 2982/2982/2982 2976/2976/2976 2979/2979/2979
f 2981/2981/2981 2982/2982/2982 2979/2979/2979
f 2976/2976/2976 2982/2982/2982 2983/2983/2983
f 2976/2976/2976 2983/2983/2983 2978/2978/2978
f 2982/2982/2982 2981/2981/2981 2984/2984/2984
f 2984/2984/2984 2983/2983/2983 2982/2982/2982
f 2984/2984/2984 2981/2981/2981 2985/2985/2985
f 2986/2986/2986 2984/2984/2984 2985/2985/2985
f 2983/2983/2983 2984/2984/2984 2987/2987/2987
f 2986/2986/2986 2987/2987/2987 2984/2984/2984
f 2987/2987/2987 2978/2978/2978 2983/2983/2983
f 2987/2987/2987 2986/2986/2986 2988/2988/2988
f 2987/2987/2987 2989/2989/2989 2978/2978/2978
f 2988/2988/2988 2989/2989/2989 2987/2987/2987
f 2989/2989/2989 2927/2927/2927 2978/2978/2978
f 2989/2989/2989 2988/2988/2988 2990/2990/2990
f 2991/2991/2991 2989/2989/2989 2990/2990/2990
f 2927/2927/2927 2989/2989/2989 2992/2992/2992
f 2991/2991/2991 2992/2992/2992 2989/2989/2989
f 2992/2992/2992 2993/2993/2993 2927/2927/2927
f 2992/2992/2992 2994/2994/2994 2993/2993/2993
f 2991/2991/2991 2994/2994/2994 2992/2992/2992
f 2994/2994/2994 2991/2991/2991 2995/2995/2995
f 2996/2996/2996 2997/2997/2997 2998/2998/2998
f 2999/2999/2999 2997/2997/2997 2996/2996/2996
f 2999/2999/2999 2996/2996/2996 3000/3000/3000
f 2996/2996/2996 3001/3001/3001 3000/3000/3000
f 3002/3002/3002 2997/2997/2997 2999/2999/2999
f 3000/3000/3000 3002/3002/3002 2999/2999/2999
f 2997/2997/2997 3002/3002/3002 3003/3003/3003
f 3004/3004/3004 3000/3000/3000 3001/3001/3001
f 3004/3004/3004 3001/3001/3001 3005/3005/3005
f 3005/3005/3005 3006/3006/3006 3004/3004/3004
f 3007/3007/3007 3003/3003/3003 3002/3002/3002
f 3008/3008/3008 3003/3003/3003 3007/3007/3007
f 3002/3002/3002 3000/3000/3000 3009/3009/3009
f 3010/3010/3010 3008/3008/3008 3007/3007/3007
f 3008/3008/3008 3010/3010/3010 3011/3011/3011
f 3012/3012/3012 3011/3011/3011 3010/3010/3010
f 3002/3002/3002 3013/3013/3013 3007/3007/3007
f 3013/3013/3013 3002/3002/3002 3009/3009/3009
f 3007/3007/3007 3014/3014/3014 3010/3010/3010
f 3010/3010/3010 3014/3014/3014 3012/3012/3012
f 3014/3014/3014 3007/3007/3007 3013/3013/3013
f 3012/3012/3012 3014/3014/3014 3015/3015/3015
f 3013/3013/3013 3015/3015/3015 3014/3014/3014
f 3015/3015/3015 3013/3013/3013 3016/3016/3016
f 3013/3013/3013 3009/3009/3009 3016/3016/3016
f 3016/3016/3016 3009/3009/3009 3017/3017/3017
f 3017/3017/3017 3009/3009/3009 3018/3018/3018
f 3009/3009/3009 3000/3000/3000 3018/3018/3018
f 3004/3004/3004 3018/3018/3018 3000/3000/3000
f 3018/3018/3018 3019/3019/3019 3017/3017/3017
f 3004/3004/3004 3020/3020/3020 3018/3018/3018
f 3019/3019/3019 3018/3018/3018 3020/3020/3020
f 3020/3020/3020 3004/3004/3004 3021/3021/3021
f 3004/3004/3004 3006/3006/3006 3021/3021/3021
f 3022/3022/3022 3019/3019/3019 3020/3020/3020
f 3020/3020/3020 3021/3021/3021 3022/3022/3022
f 3019/3019/3019 3022/3022/3022 3023/3023/3023
f 3021/3021/3021 3006/3006/3006 3024/3024/3024
f 3021/3021/3021 3024/3024/3024 3022/3022/3022
f 3025/3025/3025 3024/3024/3024 3006/3006/3006
f 3022/3022/3022 3026/3026/3026 3023/3023/3023
f 3022/3022/3022 3024/3024/3024 3026/3026/3026
f 3025/3025/3025 3027/3027/3027 3024/3024/3024
f 3024/3024/3024 3027/3027/3027 3026/3026/3026
f 3027/3027/3027 3025/3025/3025 3028/3028/3028
f 3029/3029/3029 3027/3027/3027 3028/3028/3028
f 3023/3023/3023 3026/3026/3026 3030/3030/3030
f 3023/3023/3023 3030/3030/3030 3031/3031/3031
f 3030/3030/3030 3032/3032/3032 3031/3031/3031
f 3033/3033/3033 3026/3026/3026 3027/3027/3027
f 3026/3026/3026 3033/3033/3033 3030/3030/3030
f 3027/3027/3027 3029/3029/3029 3033/3033/3033
f 3030/3030/3030 3033/3033/3033 3032/3032/3032
f 3033/3033/3033 3029/3029/3029 3034/3034/3034
f 3033/3033/3033 3034/3034/3034 3032/3032/3032
f 3035/3035/3035 3036/3036/3036 3037/3037/3037
f 3035/3035/3035 3037/3037/3037 3038/3038/3038
f 3039/3039/3039 3035/3035/3035 3038/3038/3038
f 3039/3039/3039 3040/3040/3040 3035/3035/3035
f 3037/3037/3037 3041/3041/3041 3038/3038/3038
f 3041/3041/3041 3039/3039/3039 3038/3038/3038
f 3041/3041/3041 3037/3037/3037 3042/3042/3042
f 3043/3043/3043 3040/3040/3040 3039/3039/3039
f 3043/3043/3043 3044/3044/3044 3040/3040/3040
f 3044/3044/3044 3043/3043/3043 3045/3045/3045
f 3046/3046/3046 3041/3041/3041 3042/3042/3042
f 3042/3042/3042 3047/3047/3047 3046/3046/3046
f 3039/3039/3039 3041/3041/3041 3048/3048/3048
f 3047/3047/3047 3049/3049/3049 3046/3046/3046
f 3049/3049/3049 3047/3047/3047 3050/3050/3050
f 3051/3051/3051 3049/3049/3049 3050/3050/3050
f 3049/3049/3049 3051/3051/3051 3052/3052/3052
f 3052/3052/3052 3046/3046/3046 3049/3049/3049
f 3051/3051/3051 3053/3053/3053 3052/3052/3052
f 3054/3054/3054 3041/3041/3041 3046/3046/3046
f 3046/3046/3046 3052/3052/3052 3054/3054/3054
f 3053/3053/3053 3054/3054/3054 3052/3052/3052
f 3041/3041/3041 3054/3054/3054 3048/3048/3048
f 3054/3054/3054 3053/3053/3053 3055/3055/3055
f 3048/3048/3048 3054/3054/3054 3055/3055/3055
f 3048/3048/3048 3055/3055/3055 3056/3056/3056
f 3056/3056/3056 3057/3057/3057 3048/3048/3048
f 3057/3057/3057 3039/3039/3039 3048/3048/3048
f 3057/3057/3057 3043/3043/3043 3039/3039/3039
f 3057/3057/3057 3056/3056/3056 3058/3058/3058
f 3059/3059/3059 3043/3043/3043 3057/3057/3057
f 3058/3058/3058 3059/3059/3059 3057/3057/3057
f 3043/3043/3043 3059/3059/3059 3060/3060/3060
f 3043/3043/3043 3060/3060/3060 3045/3045/3045
f 3058/3058/3058 3061/3061/3061 3059/3059/3059
f 3061/3061/3061 3060/3060/3060 3059/3059/3059
f 3061/3061/3061 3058/3058/3058 3062/3062/3062
f 3045/3045/3045 3060/3060/3060 3063/3063/3063
f 3061/3061/3061 3063/3063/3063 3060/3060/3060
f 3063/3063/3063 3064/3064/3064 3045/3045/3045
f 3061/3061/3061 3062/3062/3062 3065/3065/3065
f 3065/3065/3065 3063/3063/3063 3061/3061/3061
f 3066/3066/3066 3064/3064/3064 3063/3063/3063
f 3065/3065/3065 3066/3066/3066 3063/3063/3063
f 3064/3064/3064 3066/3066/3066 3067/3067/3067
f 3066/3066/3066 3068/3068/3068 3067/3067/3067
f 3062/3062/3062 3069/3069/3069 3065/3065/3065
f 3062/3062/3062 3070/3070/3070 3069/3069/3069
f 3069/3069/3069 3070/3070/3070 3071/3071/3071
f 3065/3065/3065 3072/3072/3072 3066/3066/3066
f 3072/3072/3072 3065/3065/3065 3069/3069/3069
f 3068/3068/3068 3066/3066/3066 3072/3072/3072
f 3069/3069/3069 3071/3071/3071 3072/3072/3072
f 3072/3072/3072 3073/3073/3073 3068/3068/3068
f 3072/3072/3072 3071/3071/3071 3073/3073/3073
f 3074/3074/3074 1804/1804/1804 1799/1799/1799
f 1804/1804/1804 3074/3074/3074 3075/3075/3075
f 1799/1799/1799 1800/1800/1800 3074/3074/3074
f 3076/3076/3076 3075/3075/3075 3074/3074/3074
f 3074/3074/3074 1800/1800/1800 3076/3076/3076
f 3077/3077/3077 3078/3078/3078 3079/3079/3079
f 3078/3078/3078 3077/3077/3077 3080/3080/3080
f 3077/3077/3077 3081/3081/3081 3080/3080/3080
f 3080/3080/3080 3082/3082/3082 3083/3083/3083
f 3084/3084/3084 3082/3082/3082 3080/3080/3080
f 3081/3081/3081 3084/3084/3084 3080/3080/3080
f 3082/3082/3082 3084/3084/3084 3085/3085/3085
f 3086/3086/3086 3084/3084/3084 3081/3081/3081
f 3087/3087/3087 3085/3085/3085 3084/3084/3084
f 3084/3084/3084 3086/3086/3086 3087/3087/3087
f 3085/3085/3085 3087/3087/3087 3088/3088/3088
f 3089/3089/3089 3087/3087/3087 3086/3086/3086
f 3089/3089/3089 3088/3088/3088 3087/3087/3087
f 3088/3088/3088 3089/3089/3089 3090/3090/3090
f 3086/3086/3086 3091/3091/3091 3089/3089/3089
f 3089/3089/3089 3092/3092/3092 3090/3090/3090
f 3093/3093/3093 3089/3089/3089 3091/3091/3091
f 3092/3092/3092 3089/3089/3089 3093/3093/3093
f 3094/3094/3094 3093/3093/3093 3091/3091/3091
f 3095/3095/3095 3093/3093/3093 3094/3094/3094
f 3093/3093/3093 3095/3095/3095 3096/3096/3096
f 3097/3097/3097 3098/3098/3098 3095/3095/3095
f 3099/3099/3099 3098/3098/3098 3097/3097/3097
f 3100/3100/3100 3101/3101/3101 3102/3102/3102
f 3103/3103/3103 3104/3104/3104 3105/3105/3105
f 3101/3101/3101 3100/3100/3100 3106/3106/3106
f 3106/3106/3106 3107/3107/3107 3101/3101/3101
f 3103/3103/3103 3108/3108/3108 3100/3100/3100
f 3108/3108/3108 3106/3106/3106 3100/3100/3100
f 3103/3103/3103 3105/3105/3105 3108/3108/3108
f 3107/3107/3107 3106/3106/3106 3109/3109/3109
f 3109/3109/3109 3110/3110/3110 3107/3107/3107
f 3106/3106/3106 3108/3108/3108 3111/3111/3111
f 3111/3111/3111 3109/3109/3109 3106/3106/3106
f 3105/3105/3105 3111/3111/3111 3108/3108/3108
f 3109/3109/3109 3112/3112/3112 3110/3110/3110
f 3112/3112/3112 3113/3113/3113 3110/3110/3110
f 3112/3112/3112 3114/3114/3114 3113/3113/3113
f 3112/3112/3112 3115/3115/3115 3114/3114/3114
f 3112/3112/3112 3116/3116/3116 3115/3115/3115
f 3109/3109/3109 3111/3111/3111 3117/3117/3117
f 3117/3117/3117 3112/3112/3112 3109/3109/3109
f 3105/3105/3105 3118/3118/3118 3111/3111/3111
f 3118/3118/3118 3117/3117/3117 3111/3111/3111
f 3104/3104/3104 3118/3118/3118 3105/3105/3105
f 3118/3118/3118 3104/3104/3104 3119/3119/3119
f 3112/3112/3112 3120/3120/3120 3116/3116/3116
f 3112/3112/3112 3117/3117/3117 3120/3120/3120
f 3121/3121/3121 3116/3116/3116 3120/3120/3120
f 3118/3118/3118 3122/3122/3122 3117/3117/3117
f 3119/3119/3119 3122/3122/3122 3118/3118/3118
f 3122/3122/3122 3120/3120/3120 3117/3117/3117
f 3122/3122/3122 3119/3119/3119 3123/3123/3123
f 3120/3120/3120 3124/3124/3124 3121/3121/3121
f 3120/3120/3120 3122/3122/3122 3124/3124/3124
f 3123/3123/3123 3124/3124/3124 3122/3122/3122
f 3124/3124/3124 3125/3125/3125 3121/3121/3121
f 3124/3124/3124 3123/3123/3123 3126/3126/3126
f 3124/3124/3124 3127/3127/3127 3125/3125/3125
f 3126/3126/3126 3128/3128/3128 3124/3124/3124
f 3124/3124/3124 3129/3129/3129 3127/3127/3127
f 3124/3124/3124 3128/3128/3128 3129/3129/3129
f 3130/3130/3130 3131/3131/3131 3132/3132/3132
f 3133/3133/3133 3134/3134/3134 3131/3131/3131
f 3131/3131/3131 3130/3130/3130 3133/3133/3133
f 3134/3134/3134 3133/3133/3133 3135/3135/3135
f 3130/3130/3130 3136/3136/3136 3133/3133/3133
f 3136/3136/3136 3137/3137/3137 3133/3133/3133
f 3137/3137/3137 3135/3135/3135 3133/3133/3133
f 3138/3138/3138 3137/3137/3137 3136/3136/3136
f 3135/3135/3135 3137/3137/3137 3139/3139/3139
f 3137/3137/3137 3138/3138/3138 3139/3139/3139
f 3139/3139/3139 3140/3140/3140 3135/3135/3135
f 3141/3141/3141 3139/3139/3139 3138/3138/3138
f 3139/3139/3139 3141/3141/3141 3142/3142/3142
f 3139/3139/3139 3142/3142/3142 3140/3140/3140
f 3141/3141/3141 3143/3143/3143 3142/3142/3142
f 3140/3140/3140 3142/3142/3142 3144/3144/3144
f 3144/3144/3144 3142/3142/3142 3143/3143/3143
f 3140/3140/3140 3144/3144/3144 3145/3145/3145
f 3146/3146/3146 3144/3144/3144 3143/3143/3143
f 3146/3146/3146 3147/3147/3147 3144/3144/3144
f 3145/3145/3145 3144/3144/3144 3147/3147/3147
f 3146/3146/3146 3148/3148/3148 3147/3147/3147
f 3147/3147/3147 3149/3149/3149 3145/3145/3145
f 3149/3149/3149 3147/3147/3147 3148/3148/3148
f 3150/3150/3150 3145/3145/3145 3149/3149/3149
f 3151/3151/3151 3149/3149/3149 3148/3148/3148
f 3149/3149/3149 3152/3152/3152 3150/3150/3150
f 3149/3149/3149 3151/3151/3151 3152/3152/3152
f 3152/3152/3152 3153/3153/3153 3150/3150/3150
f 3152/3152/3152 3151/3151/3151 3154/3154/3154
f 3153/3153/3153 3152/3152/3152 3155/3155/3155
f 3155/3155/3155 3152/3152/3152 3154/3154/3154
f 3156/3156/3156 3153/3153/3153 3155/3155/3155
f 3156/3156/3156 3155/3155/3155 3154/3154/3154
f 3157/3157/3157 3158/3158/3158 3159/3159/3159
f 3160/3160/3160 3161/3161/3161 3157/3157/3157
f 3158/3158/3158 3157/3157/3157 3161/3161/3161
f 3161/3161/3161 3160/3160/3160 3162/3162/3162
f 3161/3161/3161 3163/3163/3163 3158/3158/3158
f 3163/3163/3163 3161/3161/3161 3164/3164/3164
f 3164/3164/3164 3161/3161/3161 3162/3162/3162
f 3165/3165/3165 3163/3163/3163 3164/3164/3164
f 3164/3164/3164 3162/3162/3162 3166/3166/3166
f 3164/3164/3164 3166/3166/3166 3165/3165/3165
f 3167/3167/3167 3166/3166/3166 3162/3162/3162
f 3168/3168/3168 3165/3165/3165 3166/3166/3166
f 3168/3168/3168 3166/3166/3166 3169/3169/3169
f 3166/3166/3166 3167/3167/3167 3169/3169/3169
f 3170/3170/3170 3168/3168/3168 3169/3169/3169
f 3169/3169/3169 3167/3167/3167 3171/3171/3171
f 3170/3170/3170 3169/3169/3169 3171/3171/3171
f 3172/3172/3172 3171/3171/3171 3167/3167/3167
f 3173/3173/3173 3170/3170/3170 3171/3171/3171
f 3173/3173/3173 3171/3171/3171 3174/3174/3174
f 3172/3172/3172 3174/3174/3174 3171/3171/3171
f 3175/3175/3175 3173/3173/3173 3174/3174/3174
f 3176/3176/3176 3174/3174/3174 3172/3172/3172
f 3174/3174/3174 3176/3176/3176 3175/3175/3175
f 3176/3176/3176 3172/3172/3172 3177/3177/3177
f 3176/3176/3176 3178/3178/3178 3175/3175/3175
f 3176/3176/3176 3177/3177/3177 3179/3179/3179
f 3178/3178/3178 3176/3176/3176 3179/3179/3179
f 3180/3180/3180 3179/3179/3179 3177/3177/3177
f 3179/3179/3179 3181/3181/3181 3178/3178/3178
f 3179/3179/3179 3180/3180/3180 3182/3182/3182
f 3181/3181/3181 3179/3179/3179 3182/3182/3182
f 3183/3183/3183 3182/3182/3182 3180/3180/3180
f 3183/3183/3183 3181/3181/3181 3182/3182/3182
f 3184/3184/3184 3185/3185/3185 3186/3186/3186
f 3187/3187/3187 3188/3188/3188 3189/3189/3189
f 3185/3185/3185 3184/3184/3184 3190/3190/3190
f 3191/3191/3191 3190/3190/3190 3184/3184/3184
f 3188/3188/3188 3185/3185/3185 3192/3192/3192
f 3190/3190/3190 3192/3192/3192 3185/3185/3185
f 3188/3188/3188 3192/3192/3192 3189/3189/3189
f 3190/3190/3190 3191/3191/3191 3193/3193/3193
f 3193/3193/3193 3191/3191/3191 3194/3194/3194
f 3192/3192/3192 3190/3190/3190 3195/3195/3195
f 3193/3193/3193 3195/3195/3195 3190/3190/3190
f 3192/3192/3192 3195/3195/3195 3189/3189/3189
f 3194/3194/3194 3196/3196/3196 3193/3193/3193
f 3196/3196/3196 3194/3194/3194 3197/3197/3197
f 3196/3196/3196 3197/3197/3197 3198/3198/3198
f 3196/3196/3196 3198/3198/3198 3199/3199/3199
f 3196/3196/3196 3199/3199/3199 3200/3200/3200
f 3195/3195/3195 3193/3193/3193 3201/3201/3201
f 3196/3196/3196 3201/3201/3201 3193/3193/3193
f 3189/3189/3189 3195/3195/3195 3202/3202/3202
f 3195/3195/3195 3201/3201/3201 3202/3202/3202
f 3202/3202/3202 3187/3187/3187 3189/3189/3189
f 3187/3187/3187 3202/3202/3202 3203/3203/3203
f 3204/3204/3204 3196/3196/3196 3200/3200/3200
f 3201/3201/3201 3196/3196/3196 3204/3204/3204
f 3204/3204/3204 3200/3200/3200 3205/3205/3205
f 3202/3202/3202 3201/3201/3201 3206/3206/3206
f 3202/3202/3202 3206/3206/3206 3203/3203/3203
f 3204/3204/3204 3206/3206/3206 3201/3201/3201
f 3203/3203/3203 3206/3206/3206 3207/3207/3207
f 3204/3204/3204 3205/3205/3205 3208/3208/3208
f 3206/3206/3206 3204/3204/3204 3208/3208/3208
f 3206/3206/3206 3208/3208/3208 3207/3207/3207
f 3209/3209/3209 3208/3208/3208 3205/3205/3205
f 3207/3207/3207 3208/3208/3208 3210/3210/3210
f 3208/3208/3208 3209/3209/3209 3211/3211/3211
f 3210/3210/3210 3208/3208/3208 3212/3212/3212
f 3208/3208/3208 3211/3211/3211 3213/3213/3213
f 3208/3208/3208 3213/3213/3213 3212/3212/3212
