# Vandal Upper | barrel -X up +Y | length=4u
mtllib Foresaken Vandal (White).mtl
g upper
v -0.038873 0.212308 -0.069207
v -0.052514 0.211665 -0.063675
v -0.033555 0.220334 -0.063822
v 0.004995 0.228784 -0.070699
v 0.003155 0.237538 -0.063822
v 0.045617 0.238870 -0.071895
v 0.072682 0.263172 -0.063822
v 0.087281 0.240913 -0.074386
v 0.125075 0.280028 -0.063822
v 0.149621 0.235743 -0.078606
v 0.159973 0.246756 -0.077492
v 0.171735 0.293505 -0.063637
v 0.186384 0.220566 -0.022504
v 0.182469 0.204806 -0.024516
v 0.193783 0.266118 -0.071353
v 0.211887 0.303253 -0.063171
v 0.199087 0.207811 0.018267
v 0.205912 0.182023 0.018267
v 0.219943 0.241121 0.018267
v 0.211678 0.248745 -0.022273
v 0.228359 0.278506 -0.065912
v 0.244191 0.266428 -0.022673
v 0.251835 0.260032 0.018267
v 0.242859 0.309717 -0.062423
v 0.215559 0.326657 -0.063431
v 0.265210 0.290504 -0.060647
v 0.287088 0.279426 -0.024051
v 0.296900 0.273421 0.018267
v 0.250984 0.325364 -0.072877
v 0.324661 0.283004 -0.023255
v 0.330411 0.277428 0.018267
v 0.217364 0.334940 -0.069086
v 0.185697 0.344880 -0.064439
v 0.218171 0.342575 -0.063540
v 0.253412 0.340099 -0.063255
v 0.283201 0.318110 -0.074490
v 0.287462 0.338295 -0.062747
v 0.319175 0.292329 -0.052562
v 0.318424 0.312943 -0.074136
v 0.318648 0.338735 -0.062909
v 0.348998 0.341614 -0.062834
v 0.373558 0.308864 -0.071189
v 0.373466 0.346879 -0.062003
v 0.374663 0.293397 -0.048233
v 0.376731 0.286190 -0.022755
v 0.380775 0.281144 0.018267
v 0.441094 0.287627 -0.021168
v 0.449420 0.284042 0.018267
v 0.439740 0.292955 -0.041313
v 0.521248 0.290785 -0.027687
v 0.526702 0.285785 0.018267
v 0.614653 0.286599 0.018267
v 0.442284 0.305841 -0.065883
v 0.522970 0.302801 -0.059162
v 0.613611 0.300854 -0.055066
v 0.402020 0.335408 -0.061810
v 0.447688 0.319118 -0.061439
v 0.449990 0.351043 -0.087038
v 0.398145 0.361013 -0.083922
v 0.366081 0.370234 -0.080432
v 0.342387 0.370341 -0.065892
v 0.413300 0.380409 -0.066372
v 0.379241 0.384508 -0.067348
v 0.459545 0.375789 -0.064950
v 0.342000 0.389043 -0.068563
v 0.512815 0.374650 -0.064343
v 0.336359 0.381571 -0.075517
v 0.316798 0.390372 -0.069781
v 0.532791 0.342893 -0.088698
v 0.543448 0.379724 -0.064946
v 0.577828 0.365865 -0.068814
v 0.607573 0.339283 -0.087813
v 0.562347 0.394505 -0.080548
v 0.529611 0.404621 -0.072736
v 0.570513 0.405113 -0.072108
v 0.614005 0.381491 -0.087486
v 0.625672 0.403959 -0.071983
v 0.613568 0.356302 -0.071784
v 0.649769 0.338244 -0.086027
v 0.651307 0.351362 -0.071924
v 0.665149 0.377421 -0.088963
v 0.675057 0.407974 -0.072611
v 0.699724 0.411129 -0.073207
v 0.729405 0.401851 -0.070119
v 0.743882 0.375389 -0.088985
v 0.775330 0.396021 -0.068448
v 0.724294 0.349206 -0.069290
v 0.721876 0.336880 -0.083958
v 0.811242 0.373152 -0.088684
v 0.820739 0.392460 -0.067352
v 0.792874 0.347899 -0.067296
v 0.791680 0.335803 -0.082527
v 0.865084 0.370881 -0.088207
v 0.874469 0.389724 -0.066785
v 0.860683 0.346952 -0.066691
v 0.855160 0.334553 -0.081287
v 0.913155 0.368283 -0.087318
v 0.917973 0.386826 -0.065862
v 0.903264 0.345812 -0.065912
v 0.892370 0.333095 -0.079933
v 0.958403 0.362911 -0.084701
v 0.961364 0.381580 -0.062722
v 0.947045 0.342090 -0.063758
v 0.931462 0.329850 -0.077265
v 0.991577 0.352652 -0.080192
v 1.007627 0.369216 -0.058661
v 0.980046 0.334352 -0.061717
v 0.960553 0.323334 -0.073541
v 0.893458 0.314106 -0.064092
v 0.946554 0.313699 -0.059307
v 0.987773 0.312430 -0.067957
v 0.906387 0.298418 -0.040161
v 1.006400 0.321897 -0.059675
v 0.986818 0.295682 -0.032352
v 1.015358 0.295289 -0.058647
v 1.017557 0.337863 -0.076135
v 1.029641 0.348805 -0.059876
v 1.050945 0.329136 -0.057819
v 1.035225 0.301728 -0.054907
v 1.047918 0.315561 -0.069026
v 1.068329 0.310112 -0.058109
v 1.078734 0.290894 -0.057314
v 1.059566 0.279176 -0.043743
v 1.083318 0.280159 -0.051863
v 1.034582 0.276809 -0.042738
v 1.071474 0.267860 -0.035675
v 1.083728 0.256354 -0.027315
v 1.082718 0.257158 -0.009888
v 1.054741 0.259573 -0.010987
v 1.086494 0.254339 0.018267
v 1.060197 0.255911 0.018267
v 0.990072 0.285576 0.018267
v 0.988765 0.288217 -0.007477
v 0.954289 0.293789 0.018267
v 0.952836 0.295857 -0.008587
v 0.922724 0.290680 0.018267
v 0.949327 0.302261 -0.034339
v 0.920122 0.292838 -0.015244
v 0.856679 0.289863 0.018267
v 0.859858 0.300657 -0.045997
v 0.789414 0.300758 -0.049833
v 0.784784 0.288779 0.018267
v 0.714010 0.300389 -0.052165
v 0.711927 0.287658 0.018267
v 0.373466 0.346879 -0.062003
v 0.348998 0.341614 -0.062834
v 0.342387 0.370341 -0.065892
v 0.318648 0.338735 -0.062909
v 0.316798 0.390372 -0.069781
v 0.287462 0.338295 -0.062747
v 0.267148 0.353692 -0.064898
v 0.253412 0.340099 -0.063255
v 0.212569 0.354399 -0.063972
v 0.218171 0.342575 -0.063540
v 0.185697 0.344880 -0.064439
v 0.211887 0.303253 -0.063171
v 0.215559 0.326657 -0.063431
v 0.171735 0.293505 -0.063637
v 0.125075 0.280028 -0.063822
v 0.244849 0.385981 -0.068110
v 0.177441 0.355074 -0.063965
v -0.002162 0.355382 -0.064074
v 0.072682 0.263172 -0.063822
v 0.003155 0.237538 -0.063822
v 0.177442 0.382562 -0.067394
v -0.033555 0.220334 -0.063822
v 0.177442 0.397423 -0.070780
v -0.110198 0.241217 -0.063822
v -0.052514 0.211665 -0.063675
v -0.072700 0.205784 -0.055018
v -0.104192 0.196515 -0.041708
v -0.150929 0.222307 -0.041708
v -0.159302 0.215208 -0.040459
v -0.178086 0.276029 -0.063822
v -0.209409 0.254099 -0.041708
v -0.222652 0.245493 -0.039413
v -0.201948 0.358068 -0.064624
v -0.255830 0.278023 -0.041708
v -0.274874 0.270341 -0.039232
v -0.239406 0.306572 -0.063822
v -0.323875 0.310476 -0.041708
v -0.320201 0.291752 -0.040716
v -0.318536 0.274014 -0.038309
v -0.302151 0.265025 -0.037364
v -0.334970 0.282677 -0.039057
v -0.358914 0.294075 -0.039763
v -0.375614 0.331202 -0.041708
v -0.434909 0.322778 -0.041611
v -0.321197 0.343551 -0.063823
v -0.307575 0.378494 -0.066131
v -0.379956 0.363997 -0.063823
v -0.424642 0.346264 -0.041708
v -0.201952 0.379175 -0.067177
v -0.427072 0.375701 -0.063822
v -0.004939 0.381870 -0.067341
v -0.007217 0.397417 -0.070779
v -0.201948 0.397393 -0.070778
v -0.331314 0.397385 -0.070767
v -0.008577 0.429259 -0.077467
v -0.201948 0.429259 -0.077467
v 0.177442 0.429259 -0.077467
v -0.331315 0.429299 -0.077442
v -0.374230 0.429527 -0.077295
v 0.244849 0.396581 -0.070526
v 0.248833 0.429259 -0.077467
v 0.323627 0.429259 -0.077467
v 0.342000 0.389043 -0.068563
v 0.374036 0.429259 -0.077467
v 0.379241 0.384508 -0.067348
v 0.419450 0.429259 -0.077467
v 0.413300 0.380409 -0.066372
v 0.459545 0.375789 -0.064950
v 0.468022 0.429259 -0.077467
v 0.512815 0.374650 -0.064343
v 0.529611 0.404621 -0.072736
v 0.543448 0.379724 -0.064946
v 0.540471 0.429259 -0.077467
v 0.570513 0.405113 -0.072108
v 0.631153 0.429259 -0.077199
v 0.625672 0.403959 -0.071983
v 0.675057 0.407974 -0.072611
v 0.711120 0.429249 -0.076153
v 0.699724 0.411129 -0.073207
v 0.729405 0.401851 -0.070119
v 0.782131 0.428950 -0.074813
v 0.775330 0.396021 -0.068448
v 0.820739 0.392460 -0.067352
v 0.857039 0.427773 -0.073676
v 0.874469 0.389724 -0.066785
v 0.924634 0.424333 -0.072648
v 0.917973 0.386826 -0.065862
v 0.975926 0.416641 -0.069892
v 0.961364 0.381580 -0.062722
v 1.007627 0.369216 -0.058661
v 1.022295 0.379195 -0.058358
v 1.044442 0.395875 -0.060078
v 2.000000 0.429951 0.018267
v 1.966497 0.428974 0.018267
v 1.969631 0.429225 0.006805
v 1.928225 0.428981 0.018267
v 1.923725 0.429334 -0.005024
v 1.870549 0.429043 0.018267
v 1.862651 0.429393 -0.015751
v 1.814654 0.429222 0.018267
v 1.813038 0.429167 -0.022585
v 1.777596 0.438758 -0.013564
v 1.777596 0.438758 0.018267
v 1.736147 0.439434 -0.010512
v 1.736147 0.439434 0.018267
v 1.697406 0.436128 -0.010460
v 1.697406 0.436137 0.018267
v 1.668768 0.428614 -0.011808
v 1.660346 0.424729 0.018267
v 1.648900 0.416040 0.004433
v 1.649202 0.416654 -0.012962
v 1.644896 0.404292 -0.000635
v 1.644761 0.404702 -0.013326
v 1.647644 0.393389 -0.013341
v 1.648484 0.392471 0.004650
v 1.655184 0.384225 -0.012828
v 1.652310 0.386430 0.018267
v 1.669359 0.377118 -0.011353
v 1.669359 0.377118 0.018267
v 1.696977 0.371067 -0.008376
v 1.696977 0.371067 0.018267
v 1.734418 0.369075 -0.002642
v 1.734337 0.369075 0.018267
v 1.756793 0.374731 0.002651
v 1.764862 0.378350 0.018267
v 1.780241 0.386981 0.004523
v 1.799895 0.386737 0.018267
v -0.542745 0.106601 -0.018917
v -0.533784 0.103050 -0.014332
v -0.529471 0.101142 -0.019028
v -0.529876 0.100835 -0.000701
v -0.482553 0.088495 -0.016532
v -0.485201 0.088791 0.018267
v -0.531245 0.101229 0.018267
v -0.384814 0.097756 -0.001666
v -0.410201 0.088435 -0.008540
v -0.410090 0.088753 0.018267
v -0.387356 0.096598 0.018267
v -0.352391 0.114993 0.011251
v -0.350499 0.116502 0.018267
v -1.963002 0.429653 0.018267
v -1.959086 0.498665 0.018267
v -1.955854 0.442061 0.008630
v -1.935738 0.471176 -0.028097
v -1.926951 0.437160 -0.029656
v -1.941744 0.451580 -0.011277
v -1.914811 0.446668 -0.052531
v -1.890351 0.418384 -0.070039
v -1.891638 0.393891 -0.050228
v -1.857609 0.383872 -0.081596
v -1.861360 0.360508 -0.058557
v -1.838697 0.361072 -0.091072
v -1.842027 0.330874 -0.063474
v -1.845942 0.358692 -0.098828
v -1.840986 0.312824 -0.064704
v -1.861872 0.358602 -0.109039
v -1.847806 0.282176 -0.061369
v -1.867496 0.333171 -0.100736
v -1.884848 0.358140 -0.121204
v -1.859105 0.286155 -0.076127
v -1.872549 0.228210 -0.055695
v -1.318070 0.207717 -0.022270
v -1.287549 0.214509 -0.022051
v -1.267835 0.218969 -0.008320
v -1.236302 0.232992 -0.024151
v -1.245331 0.223111 0.003810
v -1.230427 0.225352 0.018267
v -1.208178 0.231104 0.018267
v -1.152951 0.253877 -0.024394
v -1.139906 0.248400 0.018267
v -1.071807 0.270715 -0.024804
v -1.064342 0.263615 0.018267
v -0.985338 0.284793 -0.024578
v -0.979452 0.278086 0.018267
v -0.985808 0.318691 -0.044953
v -0.934263 0.291727 -0.024576
v -0.937963 0.322979 -0.044749
v -0.932765 0.284960 0.018267
v -0.883770 0.325677 -0.044525
v -0.883363 0.294686 -0.024323
v -0.884076 0.288536 0.018267
v -0.843590 0.285286 0.018267
v -0.838191 0.292646 -0.022680
v -0.833155 0.324374 -0.044346
v -0.823964 0.277790 0.018267
v -0.800056 0.320049 -0.044281
v -0.823488 0.336297 -0.043638
v -0.785085 0.334409 -0.040756
v -0.811156 0.284398 -0.019667
v -0.798082 0.253838 0.018267
v -0.778015 0.314319 -0.044275
v -0.754588 0.336171 -0.035817
v -0.752421 0.304491 -0.044275
v -0.718492 0.333555 -0.026830
v -0.783556 0.258855 -0.016667
v -0.733517 0.283848 -0.044275
v -0.685170 0.324655 -0.021229
v -0.772450 0.224233 -0.015757
v -0.784668 0.220771 0.018267
v -0.669680 0.306005 -0.020388
v -0.633998 0.309427 -0.020138
v -0.731427 0.242588 -0.043781
v -0.664034 0.262303 -0.020183
v -0.774444 0.192205 -0.015238
v -0.784954 0.191602 0.018267
v -0.740432 0.199399 -0.041531
v -0.791073 0.145859 -0.014756
v -0.801072 0.143899 0.018267
v -0.824375 0.095911 -0.013994
v -0.833171 0.093956 0.018267
v -0.786501 0.107260 -0.034487
v -0.762018 0.150533 -0.038403
v -0.760300 0.115685 -0.032394
v -0.724924 0.148478 -0.025022
v -0.713458 0.129362 -0.027812
v -0.653644 0.148755 -0.022416
v -0.688938 0.197680 -0.020708
v -0.612424 0.165193 -0.020495
v -0.589235 0.167616 -0.019342
v -0.590440 0.143461 -0.020022
v -0.580057 0.182916 -0.019289
v -0.601696 0.304830 -0.020016
v -0.566311 0.148977 -0.016517
v -0.567519 0.122748 -0.019674
v -0.561600 0.173545 -0.016536
v -0.557578 0.203277 -0.019288
v -0.570905 0.306748 -0.020077
v -0.558694 0.171569 0.018267
v -0.524366 0.220646 -0.019224
v -0.542177 0.307256 -0.020135
v -0.561899 0.145874 0.018267
v -0.503491 0.301827 -0.020140
v -0.543498 0.194286 0.018267
v -0.555519 0.128352 -0.016517
v -0.553048 0.126432 0.018267
v -0.552454 0.112481 -0.019395
v -0.543165 0.115474 -0.000706
v -0.543165 0.115474 0.018267
v -0.544115 0.115027 -0.017626
v -0.542745 0.106601 -0.018917
v -0.533386 0.107013 -0.000706
v -0.533386 0.107013 0.018267
v -0.531245 0.101229 0.018267
v -0.529876 0.100835 -0.000701
v -0.533978 0.107720 -0.013186
v -0.533784 0.103050 -0.014332
v -0.546038 0.195386 -0.016595
v -0.515491 0.212766 -0.016528
v -0.513586 0.211119 0.018267
v -0.490132 0.232241 -0.018963
v -0.466244 0.288424 -0.020158
v -0.476276 0.224230 -0.016082
v -0.473329 0.222820 0.018267
v -0.445641 0.240432 -0.017931
v -0.426828 0.268757 -0.019679
v -0.384528 0.240007 -0.015978
v -0.430126 0.231084 -0.014476
v -0.425354 0.228539 0.018267
v -0.376385 0.233142 -0.011452
v -0.372652 0.229923 0.018267
v 1.230841 0.266653 -0.020707
v 1.296147 0.276607 -0.023719
v 1.234884 0.294807 -0.032148
v 1.192954 0.264003 -0.021251
v 1.181584 0.318137 -0.043682
v 1.296147 0.276607 -0.023719
v 1.230841 0.266653 -0.020707
v 1.227872 0.258829 -0.028659
v 1.192954 0.264003 -0.021251
v 1.188536 0.250730 -0.030809
v 1.143237 0.261103 -0.025968
v 1.143307 0.245071 -0.034009
v 1.100330 0.244609 -0.036227
v 1.083728 0.256354 -0.027315
v 1.082718 0.257158 -0.009888
v 1.145390 0.256504 -0.003281
v 1.195181 0.261248 -0.009187
v 1.086494 0.254339 0.018267
v 1.199186 0.257766 0.003194
v 1.145271 0.255594 0.018267
v 1.199655 0.257387 0.018267
v -0.247689 0.105132 -0.058995
v -0.294588 0.098131 -0.050627
v -0.245584 0.128868 -0.045869
v -0.212820 0.114117 -0.063913
v -0.210585 0.137940 -0.046895
v -0.190356 0.124137 -0.065344
v -0.188601 0.144284 -0.047367
v -0.174262 0.134198 -0.065650
v -0.148736 0.164627 -0.045853
v -0.141803 0.155118 -0.065810
v -0.104192 0.196515 -0.041708
v -0.107672 0.175885 -0.066274
v -0.072700 0.205784 -0.055018
v -0.074863 0.194399 -0.067515
v -0.052514 0.211665 -0.063675
v -0.038873 0.212308 -0.069207
v -1.553889 0.079216 0.018267
v -1.507052 0.107283 0.070805
v -1.528203 0.105567 0.072051
v -1.578317 0.091517 0.073895
v -1.557017 0.081343 0.018267
v -1.959086 0.498665 0.018267
v -1.963002 0.429653 0.018267
v -1.955854 0.442061 0.027904
v -1.926951 0.437160 0.066190
v -1.935738 0.471176 0.064631
v -1.941744 0.451580 0.047812
v -1.914811 0.446668 0.089065
v -1.890351 0.418384 0.106573
v -1.891638 0.393891 0.086762
v -1.857609 0.383872 0.118130
v -1.861360 0.360508 0.095092
v -1.838697 0.361072 0.127606
v -1.842027 0.330874 0.100008
v -1.845942 0.358692 0.135362
v -1.840986 0.312824 0.101238
v -1.861872 0.358602 0.145574
v -1.847806 0.282176 0.097903
v -1.867496 0.333171 0.137271
v -1.884848 0.358140 0.157739
v -1.859105 0.286155 0.112661
v -1.872549 0.228210 0.092229
v -0.813119 0.452591 -0.053683
v -0.794962 0.467733 -0.046003
v -0.795897 0.451449 -0.055537
v -0.727184 0.446734 -0.064594
v -0.747875 0.448237 -0.061774
v -0.733163 0.474959 -0.053272
v -0.706127 0.445011 -0.067282
v -0.717727 0.467720 -0.058015
v -0.699030 0.460178 -0.063013
v -0.678095 0.452593 -0.068055
v -0.693046 0.465129 -0.055367
v -0.675349 0.458737 -0.058042
v -0.683534 0.442664 -0.070071
v -0.649677 0.443472 -0.072184
v -0.647640 0.449540 -0.062196
v -0.656284 0.437862 -0.073143
v -0.620047 0.433710 -0.074205
v -0.617932 0.439801 -0.065737
v -0.629371 0.431399 -0.075444
v -0.592646 0.423626 -0.073710
v -0.585269 0.425706 -0.066518
v -0.599992 0.422840 -0.075597
v -0.630851 0.424819 -0.078953
v -0.578789 0.418103 -0.072779
v -0.564150 0.415887 -0.066163
v -0.585624 0.418557 -0.074329
v -0.570802 0.414074 -0.072245
v -0.543934 0.405927 -0.065287
v -0.543934 0.405927 -0.065287
v -0.567229 0.407217 -0.064889
v -0.582961 0.415740 -0.074034
v -0.592546 0.409087 -0.063943
v -0.600280 0.419033 -0.076211
v -0.629315 0.412329 -0.062096
v -0.657356 0.414524 -0.060350
v -0.658516 0.429188 -0.080096
v -0.685184 0.415566 -0.059024
v -0.685995 0.431844 -0.079710
v -0.708620 0.432765 -0.078432
v -0.709174 0.415455 -0.058115
v -0.729914 0.433374 -0.077088
v -0.733273 0.415187 -0.057225
v -0.751856 0.433790 -0.075172
v -0.757534 0.414777 -0.056323
v -0.771672 0.449837 -0.058694
v -0.769136 0.469826 -0.048531
v -0.778668 0.434152 -0.072362
v -0.782795 0.414007 -0.055342
v -0.801902 0.434426 -0.069682
v -0.806169 0.412980 -0.054471
v -0.824490 0.434916 -0.066799
v -0.826569 0.411162 -0.054061
v -0.844213 0.455128 -0.047887
v -0.838045 0.453522 -0.045653
v -0.866046 0.454331 -0.036926
v -0.848584 0.435726 -0.063575
v -0.854222 0.407659 -0.053913
v -0.871146 0.457732 -0.042868
v -0.893143 0.456142 -0.027538
v -0.875684 0.419067 -0.059243
v -0.901443 0.461479 -0.036459
v -0.918711 0.458862 -0.017105
v -0.880376 0.437623 -0.058963
v -0.919942 0.442374 -0.051633
v -0.940427 0.468560 -0.024795
v -0.928770 0.428172 -0.048232
v -0.958539 0.449734 -0.042021
v -0.960310 0.436012 -0.039242
v -0.994274 0.444941 -0.021818
v -0.992690 0.461968 -0.025027
v -1.030078 0.459106 0.005833
v -0.992690 0.461968 0.061561
v -1.030078 0.459106 0.030701
v -0.994274 0.444941 0.058352
v -0.958539 0.449734 0.078555
v -0.960310 0.436012 0.075776
v -0.928770 0.428172 0.084766
v -0.919942 0.442374 0.088167
v -0.940427 0.468560 0.061329
v -0.875684 0.419067 0.095777
v -0.901443 0.461479 0.072993
v -0.918711 0.458862 0.053639
v -0.893143 0.456142 0.064072
v -0.880376 0.437623 0.095497
v -0.871146 0.457732 0.079402
v -0.866046 0.454331 0.073460
v -0.848584 0.435726 0.100109
v -0.854222 0.407659 0.090447
v -0.826569 0.411162 0.090595
v -0.844213 0.455128 0.084421
v -0.838045 0.453522 0.082187
v -0.813076 0.453037 0.089821
v -0.824490 0.434916 0.103333
v -0.806169 0.412980 0.091005
v -0.801902 0.434426 0.106216
v -0.782795 0.414007 0.091876
v -0.795897 0.451449 0.092071
v -0.791638 0.471177 0.080327
v -0.778668 0.434152 0.108896
v -0.757534 0.414777 0.092857
v -0.771672 0.449837 0.095228
v -0.778926 0.470568 0.082675
v -0.751856 0.433790 0.111706
v -0.733273 0.415187 0.093759
v -0.729914 0.433374 0.113622
v -0.709174 0.415455 0.094650
v -0.747875 0.448237 0.098308
v -0.759346 0.469085 0.087455
v -0.727184 0.446734 0.101128
v -0.733163 0.474959 0.089806
v -0.717727 0.467720 0.094549
v -0.706127 0.445011 0.103816
v -0.699030 0.460178 0.099547
v -0.678095 0.452593 0.104589
v -0.693046 0.465129 0.091901
v -0.675349 0.458737 0.094576
v -0.683534 0.442664 0.106605
v -0.708620 0.432765 0.114966
v -0.685995 0.431844 0.116244
v -0.671270 0.415045 0.096221
v -0.658516 0.429188 0.116630
v -0.629315 0.412329 0.098630
v -0.656284 0.437862 0.109677
v -0.630851 0.424819 0.115487
v -0.649677 0.443472 0.108718
v -0.647640 0.449540 0.098730
v -0.629371 0.431399 0.111978
v -0.620047 0.433710 0.110739
v -0.617932 0.439801 0.102271
v -0.599992 0.422840 0.112131
v -0.592646 0.423626 0.110244
v -0.585269 0.425706 0.103052
v -0.600280 0.419033 0.112745
v -0.592546 0.409087 0.100477
v -0.578789 0.418103 0.109313
v -0.564150 0.415887 0.102697
v -0.585624 0.418557 0.110863
v -0.570802 0.414074 0.108779
v -0.543934 0.405927 0.101821
v -0.582961 0.415740 0.110568
v -0.567229 0.407217 0.101423
v -0.543934 0.405927 0.101821
v -0.832800 0.471639 -0.034989
v -0.813119 0.452591 -0.053683
v -0.838045 0.453522 -0.045653
v -0.866046 0.454331 -0.036926
v -0.860229 0.468586 -0.026418
v -0.886995 0.467420 -0.017517
v -0.893143 0.456142 -0.027538
v -0.913345 0.467270 -0.008243
v -0.918711 0.458862 -0.017105
v -0.813076 0.453037 0.089821
v -0.832800 0.471639 0.071523
v -0.838045 0.453522 0.082187
v -0.866046 0.454331 0.073460
v -0.860229 0.468586 0.062952
v -0.886995 0.467420 0.054051
v -0.893143 0.456142 0.064072
v -0.913345 0.467270 0.044777
v -0.918711 0.458862 0.053639
v -0.038873 0.212308 0.105741
v -0.033555 0.220334 0.100357
v -0.052514 0.211665 0.100209
v 0.004995 0.228784 0.107234
v 0.003155 0.237538 0.100357
v 0.045617 0.238870 0.108430
v 0.072682 0.263172 0.100357
v 0.087281 0.240913 0.110920
v 0.125075 0.280028 0.100357
v 0.149621 0.235743 0.115140
v 0.159973 0.246756 0.114026
v 0.171735 0.293505 0.100171
v 0.186384 0.220566 0.059038
v 0.182469 0.204806 0.061050
v 0.193783 0.266118 0.107888
v 0.211887 0.303253 0.099706
v 0.199087 0.207811 0.018267
v 0.205912 0.182023 0.018267
v 0.219943 0.241121 0.018267
v 0.211678 0.248745 0.058807
v 0.228359 0.278506 0.102446
v 0.244191 0.266428 0.059207
v 0.251835 0.260032 0.018267
v 0.242859 0.309717 0.098957
v 0.215559 0.326657 0.099965
v 0.265210 0.290504 0.097182
v 0.287088 0.279426 0.060585
v 0.296900 0.273421 0.018267
v 0.250984 0.325364 0.109412
v 0.324661 0.283004 0.059789
v 0.330411 0.277428 0.018267
v 0.217364 0.334940 0.105620
v 0.185697 0.344880 0.100973
v 0.218171 0.342575 0.100074
v 0.253412 0.340099 0.099789
v 0.283201 0.318110 0.111024
v 0.287462 0.338295 0.099281
v 0.319175 0.292329 0.089097
v 0.318424 0.312943 0.110670
v 0.318648 0.338735 0.099443
v 0.348998 0.341614 0.099368
v 0.373558 0.308864 0.107723
v 0.373466 0.346879 0.098537
v 0.374663 0.293397 0.084768
v 0.376731 0.286190 0.059289
v 0.380775 0.281144 0.018267
v 0.442284 0.305841 0.102417
v 0.441094 0.287627 0.057702
v 0.449420 0.284042 0.018267
v 0.439740 0.292955 0.077847
v 0.521248 0.290785 0.064221
v 0.526702 0.285785 0.018267
v 0.614653 0.286599 0.018267
v 0.522970 0.302801 0.095696
v 0.613611 0.300854 0.091600
v 0.402020 0.335408 0.098344
v 0.447688 0.319118 0.097973
v 0.449990 0.351043 0.123572
v 0.398145 0.361013 0.120457
v 0.366081 0.370234 0.116966
v 0.342387 0.370341 0.102426
v 0.413300 0.380409 0.102906
v 0.379241 0.384508 0.103882
v 0.459545 0.375789 0.101484
v 0.342000 0.389043 0.105097
v 0.512815 0.374650 0.100877
v 0.336359 0.381571 0.112051
v 0.316798 0.390372 0.106315
v 0.532791 0.342893 0.125232
v 0.543448 0.379724 0.101480
v 0.577828 0.365865 0.105348
v 0.607573 0.339283 0.124347
v 0.562347 0.394505 0.117082
v 0.529611 0.404621 0.109270
v 0.570513 0.405113 0.108643
v 0.614005 0.381491 0.124020
v 0.625672 0.403959 0.108517
v 0.613568 0.356302 0.108318
v 0.649769 0.338244 0.122562
v 0.651307 0.351362 0.108458
v 0.665149 0.377421 0.125497
v 0.675057 0.407974 0.109145
v 0.699724 0.411129 0.109742
v 0.729405 0.401851 0.106654
v 0.743882 0.375389 0.125519
v 0.775330 0.396021 0.104982
v 0.724294 0.349206 0.105824
v 0.811242 0.373152 0.125218
v 0.820739 0.392460 0.103887
v 0.792874 0.347899 0.103830
v 0.721876 0.336880 0.120492
v 0.791680 0.335803 0.119061
v 0.714010 0.300389 0.088700
v 0.711927 0.287658 0.018267
v 0.784784 0.288779 0.018267
v 0.789414 0.300758 0.086367
v 0.856679 0.289863 0.018267
v 0.855160 0.334553 0.117821
v 0.859858 0.300657 0.082531
v 0.920122 0.292838 0.051778
v 0.922724 0.290680 0.018267
v 0.860683 0.346952 0.103225
v 0.952836 0.295857 0.045121
v 0.954289 0.293789 0.018267
v 0.865084 0.370881 0.124741
v 0.874469 0.389724 0.103319
v 0.988765 0.288217 0.044012
v 0.990072 0.285576 0.018267
v 0.913155 0.368283 0.123852
v 0.917973 0.386826 0.102396
v 0.903264 0.345812 0.102446
v 0.958403 0.362911 0.121236
v 0.961364 0.381580 0.099256
v 0.947045 0.342090 0.100292
v 0.892370 0.333095 0.116467
v 0.931462 0.329850 0.113799
v 0.893458 0.314106 0.100626
v 0.960553 0.323334 0.110075
v 0.906387 0.298418 0.076695
v 0.946554 0.313699 0.095841
v 0.949327 0.302261 0.070874
v 0.986818 0.295682 0.068886
v 0.980046 0.334352 0.098251
v 0.987773 0.312430 0.104491
v 0.991577 0.352652 0.116726
v 1.007627 0.369216 0.095196
v 1.006400 0.321897 0.096209
v 1.017557 0.337863 0.112669
v 1.029641 0.348805 0.096410
v 1.050945 0.329136 0.094353
v 1.015358 0.295289 0.095181
v 1.035225 0.301728 0.091441
v 1.047918 0.315561 0.105561
v 1.068329 0.310112 0.094643
v 1.078734 0.290894 0.093848
v 1.034582 0.276809 0.079272
v 1.059566 0.279176 0.080278
v 1.083318 0.280159 0.088397
v 1.054741 0.259573 0.047522
v 1.060197 0.255911 0.018267
v 1.071474 0.267860 0.072209
v 1.083728 0.256354 0.063849
v 1.082718 0.257158 0.046422
v 1.086494 0.254339 0.018267
v -0.675349 0.458737 -0.058042
v -0.648681 0.467167 -0.067451
v -0.647640 0.449540 -0.062196
v -0.629050 0.462736 -0.070436
v -0.617932 0.439801 -0.065737
v -0.608544 0.457924 -0.072384
v -0.585269 0.425706 -0.066518
v -0.584891 0.452264 -0.073363
v -0.564150 0.415887 -0.066163
v -0.543611 0.443717 -0.074061
v -0.543934 0.405927 -0.065287
v -0.515165 0.438950 -0.074710
v -0.520556 0.390073 -0.063822
v -0.478967 0.434614 -0.075512
v -0.560078 0.393231 -0.063978
v -0.567229 0.407217 -0.064889
v -0.475377 0.384179 -0.063822
v -0.428094 0.431045 -0.076555
v -0.520850 0.364722 -0.041708
v -0.600953 0.395505 -0.064242
v -0.592546 0.409087 -0.063943
v -0.629315 0.412329 -0.062096
v -0.563851 0.368145 -0.041708
v -0.637433 0.396173 -0.064462
v -0.657356 0.414524 -0.060350
v -0.603548 0.370027 -0.041717
v -0.679274 0.396144 -0.064106
v -0.685184 0.415566 -0.059024
v -0.709174 0.415455 -0.058115
v -0.637071 0.369995 -0.041763
v -0.729920 0.394955 -0.063509
v -0.733273 0.415187 -0.057225
v -0.757534 0.414777 -0.056323
v -0.677017 0.368923 -0.041943
v -0.726295 0.365544 -0.042803
v -0.770240 0.392736 -0.063122
v -0.782795 0.414007 -0.055342
v -0.762785 0.361387 -0.043541
v -0.808773 0.389469 -0.062802
v -0.806169 0.412980 -0.054471
v -0.826569 0.411162 -0.054061
v -0.851882 0.384886 -0.062486
v -0.854222 0.407659 -0.053913
v -0.842723 0.348962 -0.043914
v -0.800077 0.356032 -0.043841
v -0.823488 0.336297 -0.043638
v -0.787482 0.344056 -0.043731
v -0.785085 0.334409 -0.040756
v -0.754588 0.336171 -0.035817
v -0.752767 0.345845 -0.043260
v -0.718492 0.333555 -0.026830
v -0.708774 0.344359 -0.041921
v -0.685170 0.324655 -0.021229
v -0.676944 0.338687 -0.041098
v -0.633998 0.309427 -0.020138
v -0.630465 0.322963 -0.041010
v -0.601696 0.304830 -0.020016
v -0.600290 0.321309 -0.041010
v -0.570905 0.306748 -0.020077
v -0.570982 0.324365 -0.041010
v -0.543369 0.325974 -0.041010
v -0.542177 0.307256 -0.020135
v -0.503491 0.301827 -0.020140
v -0.501795 0.320946 -0.041010
v -0.466244 0.288424 -0.020158
v -0.474912 0.357496 -0.041708
v -0.447859 0.301984 -0.040990
v -0.426828 0.268757 -0.019679
v -0.374229 0.396994 -0.070402
v -0.401529 0.275324 -0.039977
v -0.377583 0.280016 -0.039261
v -0.384528 0.240007 -0.015978
v -0.365822 0.249846 -0.035835
v -0.356120 0.256867 -0.036762
v -0.352999 0.234388 -0.028755
v -0.346145 0.237706 -0.028400
v -0.376385 0.233142 -0.011452
v -0.340940 0.216920 -0.020679
v -0.340996 0.217306 0.018267
v -0.340940 0.216920 0.018267
v -0.372652 0.229923 0.018267
v 0.373466 0.346879 0.098537
v 0.342387 0.370341 0.102426
v 0.348998 0.341614 0.099368
v 0.318648 0.338735 0.099443
v 0.316798 0.390372 0.106315
v 0.287462 0.338295 0.099281
v 0.267148 0.353692 0.101432
v 0.253412 0.340099 0.099789
v 0.212569 0.354399 0.100506
v 0.218171 0.342575 0.100074
v 0.185697 0.344880 0.100973
v 0.211887 0.303253 0.099706
v 0.215559 0.326657 0.099965
v 0.171735 0.293505 0.100171
v 0.125075 0.280028 0.100357
v 0.244849 0.385981 0.104644
v 0.177441 0.355074 0.100500
v -0.002162 0.355382 0.100608
v 0.072682 0.263172 0.100357
v 0.003155 0.237538 0.100357
v 0.177442 0.382562 0.103928
v -0.033555 0.220334 0.100357
v 0.177442 0.397423 0.107314
v -0.110198 0.241217 0.100357
v -0.052514 0.211665 0.100209
v -0.072700 0.205784 0.091552
v -0.104192 0.196515 0.078242
v -0.150929 0.222307 0.078242
v -0.159302 0.215208 0.076993
v -0.178086 0.276029 0.100357
v -0.209409 0.254099 0.078242
v -0.222652 0.245493 0.075948
v -0.201948 0.358068 0.101159
v -0.255830 0.278023 0.078242
v -0.274874 0.270341 0.075766
v -0.239406 0.306572 0.100357
v -0.323875 0.310476 0.078242
v -0.320201 0.291752 0.077250
v -0.318536 0.274014 0.074843
v -0.302151 0.265025 0.073898
v -0.334970 0.282677 0.075591
v -0.358914 0.294075 0.076298
v -0.375614 0.331202 0.078242
v -0.434909 0.322778 0.078146
v -0.321197 0.343551 0.100357
v -0.307575 0.378494 0.102665
v -0.379956 0.363997 0.100357
v -0.424642 0.346264 0.078242
v -0.201952 0.379175 0.103712
v -0.427072 0.375701 0.100357
v -0.004939 0.381870 0.103875
v -0.007217 0.397417 0.107313
v -0.201948 0.397393 0.107312
v -0.331314 0.397385 0.107301
v -0.008577 0.429259 0.114002
v -0.201948 0.429259 0.114002
v 0.177442 0.429259 0.114002
v -0.331315 0.429299 0.113976
v -0.374230 0.429527 0.113829
v 0.244849 0.396581 0.107061
v 0.248833 0.429259 0.114002
v 0.323627 0.429259 0.114002
v 0.342000 0.389043 0.105097
v 0.374036 0.429259 0.114002
v 0.379241 0.384508 0.103882
v 0.419450 0.429259 0.114002
v 0.413300 0.380409 0.102906
v 0.459545 0.375789 0.101484
v 0.468022 0.429259 0.114002
v 0.512815 0.374650 0.100877
v 0.529611 0.404621 0.109270
v 0.543448 0.379724 0.101480
v 0.540471 0.429259 0.114002
v 0.570513 0.405113 0.108643
v 0.631153 0.429259 0.113733
v 0.625672 0.403959 0.108517
v 0.675057 0.407974 0.109145
v 0.711120 0.429249 0.112687
v 0.699724 0.411129 0.109742
v 0.729405 0.401851 0.106654
v 0.782131 0.428950 0.111347
v 0.775330 0.396021 0.104982
v 0.820739 0.392460 0.103887
v 0.857039 0.427773 0.110210
v 0.874469 0.389724 0.103319
v 0.924634 0.424333 0.109182
v 0.917973 0.386826 0.102396
v 0.975926 0.416641 0.106426
v 0.961364 0.381580 0.099256
v 1.007627 0.369216 0.095196
v 1.022295 0.379195 0.094892
v 1.044442 0.395875 0.096612
v -0.648681 0.467167 0.103985
v -0.675349 0.458737 0.094576
v -0.647640 0.449540 0.098730
v -0.629050 0.462736 0.106970
v -0.617932 0.439801 0.102271
v -0.608544 0.457924 0.108918
v -0.585269 0.425706 0.103052
v -0.584891 0.452264 0.109898
v -0.564150 0.415887 0.102697
v -0.543611 0.443717 0.110595
v -0.543934 0.405927 0.101821
v -0.515165 0.438950 0.111244
v -0.520556 0.390073 0.100357
v -0.478967 0.434614 0.112046
v -0.560078 0.393231 0.100512
v -0.567229 0.407217 0.101423
v -0.475377 0.384179 0.100357
v -0.428094 0.431045 0.113089
v -0.520850 0.364722 0.078242
v -0.600953 0.395505 0.100776
v -0.592546 0.409087 0.100477
v -0.629315 0.412329 0.098630
v -0.563851 0.368145 0.078242
v -0.637433 0.396173 0.100996
v -0.657356 0.414524 0.096884
v -0.603548 0.370027 0.078251
v -0.679274 0.396144 0.100640
v -0.685184 0.415566 0.095558
v -0.709174 0.415455 0.094650
v -0.637071 0.369995 0.078297
v -0.729920 0.394955 0.100043
v -0.733273 0.415187 0.093759
v -0.757534 0.414777 0.092857
v -0.677017 0.368923 0.078477
v -0.726295 0.365544 0.079337
v -0.770240 0.392736 0.099656
v -0.782795 0.414007 0.091876
v -0.762785 0.361387 0.080075
v -0.808773 0.389469 0.099337
v -0.806169 0.412980 0.091005
v -0.826569 0.411162 0.090595
v -0.851882 0.384886 0.099020
v -0.854222 0.407659 0.090447
v -0.842723 0.348962 0.080448
v -0.800077 0.356032 0.080376
v -0.823488 0.336297 0.080172
v -0.787482 0.344056 0.080265
v -0.785085 0.334409 0.077290
v -0.754588 0.336171 0.072351
v -0.752767 0.345845 0.079794
v -0.718492 0.333555 0.063365
v -0.708774 0.344359 0.078455
v -0.685170 0.324655 0.057763
v -0.676944 0.338687 0.077632
v -0.633998 0.309427 0.056672
v -0.630465 0.322963 0.077545
v -0.601696 0.304830 0.056550
v -0.600290 0.321309 0.077545
v -0.570905 0.306748 0.056612
v -0.570982 0.324365 0.077545
v -0.543369 0.325974 0.077545
v -0.542177 0.307256 0.056669
v -0.503491 0.301827 0.056675
v -0.501795 0.320946 0.077545
v -0.466244 0.288424 0.056692
v -0.474912 0.357496 0.078242
v -0.447859 0.301984 0.077525
v -0.426828 0.268757 0.056213
v -0.374229 0.396994 0.106936
v -0.401529 0.275324 0.076511
v -0.377583 0.280016 0.075795
v -0.384528 0.240007 0.052512
v -0.365822 0.249846 0.072369
v -0.356120 0.256867 0.073297
v -0.352999 0.234388 0.065289
v -0.346145 0.237706 0.064935
v -0.376385 0.233142 0.047987
v -0.340940 0.216920 0.057214
v -0.340996 0.217306 0.018267
v -0.340940 0.216920 0.018267
v -0.372652 0.229923 0.018267
v -0.234803 0.089851 -0.018654
v -0.235938 0.123536 0.018267
v -0.224601 0.125258 -0.021483
v -0.245737 0.088893 0.018267
v -0.234803 0.089851 0.055189
v -0.224601 0.125258 0.058017
v -0.235938 0.123536 0.018267
v -0.245737 0.088893 0.018267
v -0.134111 0.458015 0.065260
v -0.125939 0.451112 0.078213
v -0.136665 0.458665 0.078213
v -0.122634 0.450930 0.067393
v -0.104622 0.447252 0.078213
v -0.104032 0.448128 0.068200
v -0.060834 0.447991 0.068158
v 0.016468 0.448419 0.067904
v 0.134750 0.448645 0.078213
v 0.093030 0.448848 0.065856
v 0.134201 0.449517 0.065587
v 0.150435 0.452348 0.064797
v 0.153261 0.452485 0.078213
v 0.160145 0.458956 0.063049
v 0.162340 0.459523 0.078213
v 1.648484 0.392471 0.004650
v 1.560460 0.386430 0.018267
v 1.652310 0.386430 0.018267
v 1.560677 0.392471 0.004650
v 1.644896 0.404292 -0.000635
v 1.560804 0.404292 -0.000635
v 1.560683 0.416040 0.004433
v 1.648900 0.416040 0.004433
v 1.560464 0.422319 0.018267
v 1.660346 0.424729 0.018267
v 1.764862 0.378350 0.018267
v 1.780241 0.386981 0.032012
v 1.799895 0.386737 0.018267
v 1.756793 0.374731 0.033883
v 1.734337 0.369075 0.018267
v 1.734418 0.369075 0.039176
v 1.696977 0.371067 0.018267
v 1.696977 0.371067 0.044911
v 1.669359 0.377118 0.018267
v 1.669359 0.377118 0.047887
v 1.652310 0.386430 0.018267
v 1.655184 0.384225 0.049362
v 1.648484 0.392471 0.031884
v 1.647644 0.393389 0.049875
v 1.644896 0.404292 0.037170
v 1.644761 0.404702 0.049861
v 1.649202 0.416654 0.049496
v 1.648900 0.416040 0.032102
v 1.668768 0.428614 0.048342
v 1.660346 0.424729 0.018267
v 1.697406 0.436137 0.018267
v 1.697406 0.436128 0.046994
v 1.736147 0.439434 0.018267
v 1.736147 0.439434 0.047046
v 1.777596 0.438758 0.018267
v 1.777596 0.438758 0.050098
v 1.814654 0.429222 0.018267
v 1.813038 0.429167 0.059120
v 1.862651 0.429393 0.052285
v 1.870549 0.429043 0.018267
v 1.923725 0.429334 0.041558
v 1.928225 0.428981 0.018267
v 1.969631 0.429225 0.029729
v 1.966497 0.428974 0.018267
v 2.000000 0.429951 0.018267
v 1.648900 0.416040 0.032102
v 1.560464 0.422319 0.018267
v 1.660346 0.424729 0.018267
v 1.560683 0.416040 0.032102
v 1.644896 0.404292 0.037170
v 1.560804 0.404292 0.037170
v 1.560677 0.392471 0.031884
v 1.648484 0.392471 0.031884
v 1.560460 0.386430 0.018267
v 1.652310 0.386430 0.018267
v -1.557017 0.081343 0.018267
v -1.578317 0.091517 -0.037361
v -1.528203 0.105567 -0.035516
v -1.507052 0.107283 -0.034271
v -1.553889 0.079216 0.018267
v -0.323006 0.078380 -0.023246
v -0.306814 0.112526 -0.033117
v -0.294588 0.098131 -0.050627
v -0.276337 0.147708 -0.055354
v -0.298625 0.143571 -0.034340
v -0.245584 0.128868 -0.045869
v -0.300514 0.172679 -0.033949
v -0.274634 0.191162 -0.057804
v -0.316378 0.197328 -0.029440
v -0.248456 0.178754 -0.047404
v -0.294229 0.225918 -0.057857
v -0.340940 0.216920 -0.020679
v -0.272340 0.232197 -0.044266
v -0.320245 0.252814 -0.057708
v -0.346145 0.237706 -0.028400
v -0.302151 0.265025 -0.037364
v -0.335264 0.265479 -0.057472
v -0.356120 0.256867 -0.036762
v -0.318536 0.274014 -0.038309
v -0.334970 0.282677 -0.039057
v -0.348437 0.275346 -0.056340
v -0.377583 0.280016 -0.039261
v -0.358914 0.294075 -0.039763
v -0.368682 0.288478 -0.052965
v -0.434909 0.322778 -0.041611
v -0.291630 0.269624 -0.046705
v -0.320201 0.291752 -0.040716
v -0.274874 0.270341 -0.039232
v -0.251351 0.238429 -0.055148
v -0.222652 0.245493 -0.039413
v -0.207774 0.200345 -0.059690
v -0.159302 0.215208 -0.040459
v -0.178155 0.171248 -0.059889
v -0.104192 0.196515 -0.041708
v -0.210585 0.137940 -0.046895
v -0.148736 0.164627 -0.045853
v -0.188601 0.144284 -0.047367
v -0.306855 0.112496 0.018267
v -0.323006 0.078380 -0.023246
v -0.324028 0.077419 0.018267
v -0.306814 0.112526 -0.033117
v -0.298855 0.143527 0.018267
v -0.298625 0.143571 -0.034340
v -0.300514 0.172679 -0.033949
v -0.300785 0.172484 0.018267
v -0.316378 0.197328 -0.029440
v -0.316633 0.197025 0.018267
v -0.340940 0.216920 -0.020679
v -0.340940 0.216920 0.018267
v -0.542745 0.106601 0.055452
v -0.529471 0.101142 0.055563
v -0.533784 0.103050 0.050866
v -0.529876 0.100835 0.037235
v -0.482553 0.088495 0.053066
v -0.485201 0.088791 0.018267
v -0.531245 0.101229 0.018267
v -0.384814 0.097756 0.038200
v -0.410090 0.088753 0.018267
v -0.410201 0.088435 0.045074
v -0.387356 0.096598 0.018267
v -0.352391 0.114993 0.025283
v -0.350499 0.116502 0.018267
v -1.318070 0.207717 0.058804
v -1.267835 0.218969 0.044855
v -1.287549 0.214509 0.058585
v -1.236302 0.232992 0.060685
v -1.245331 0.223111 0.032725
v -1.230427 0.225352 0.018267
v -1.208178 0.231104 0.018267
v -1.152951 0.253877 0.060928
v -1.139906 0.248400 0.018267
v -1.071807 0.270715 0.061338
v -1.064342 0.263615 0.018267
v -0.985338 0.284793 0.061112
v -0.979452 0.278086 0.018267
v -0.985808 0.318691 0.081487
v -0.934263 0.291727 0.061111
v -0.937963 0.322979 0.081283
v -0.932765 0.284960 0.018267
v -0.883770 0.325677 0.081059
v -0.883363 0.294686 0.060857
v -0.884076 0.288536 0.018267
v -0.843590 0.285286 0.018267
v -0.838191 0.292646 0.059214
v -0.833155 0.324374 0.080880
v -0.823964 0.277790 0.018267
v -0.800056 0.320049 0.080815
v -0.823488 0.336297 0.080172
v -0.785085 0.334409 0.077290
v -0.811156 0.284398 0.056201
v -0.798082 0.253838 0.018267
v -0.778015 0.314319 0.080809
v -0.754588 0.336171 0.072351
v -0.752421 0.304491 0.080809
v -0.718492 0.333555 0.063365
v -0.783556 0.258855 0.053201
v -0.733517 0.283848 0.080809
v -0.685170 0.324655 0.057763
v -0.772450 0.224233 0.052291
v -0.784668 0.220771 0.018267
v -0.669680 0.306005 0.056922
v -0.633998 0.309427 0.056672
v -0.731427 0.242588 0.080315
v -0.664034 0.262303 0.056717
v -0.774444 0.192205 0.051772
v -0.784954 0.191602 0.018267
v -0.740432 0.199399 0.078065
v -0.791073 0.145859 0.051290
v -0.801072 0.143899 0.018267
v -0.824375 0.095911 0.050528
v -0.833171 0.093956 0.018267
v -0.786501 0.107260 0.071021
v -0.762018 0.150533 0.074937
v -0.760300 0.115685 0.068928
v -0.724924 0.148478 0.061556
v -0.713458 0.129362 0.064346
v -0.653644 0.148755 0.058950
v -0.688938 0.197680 0.057242
v -0.612424 0.165193 0.057029
v -0.589235 0.167616 0.055876
v -0.590440 0.143461 0.056556
v -0.580057 0.182916 0.055823
v -0.601696 0.304830 0.056550
v -0.566311 0.148977 0.053051
v -0.567519 0.122748 0.056208
v -0.561600 0.173545 0.053070
v -0.557578 0.203277 0.055822
v -0.570905 0.306748 0.056612
v -0.558694 0.171569 0.018267
v -0.561899 0.145874 0.018267
v -0.543498 0.194286 0.018267
v -0.555519 0.128352 0.053051
v -0.553048 0.126432 0.018267
v -0.552454 0.112481 0.055930
v -0.546038 0.195386 0.053130
v -0.544115 0.115027 0.054161
v -0.542745 0.106601 0.055452
v -0.543165 0.115474 0.037240
v -0.543165 0.115474 0.018267
v -0.533978 0.107720 0.049720
v -0.533784 0.103050 0.050866
v -0.529876 0.100835 0.037235
v -0.533386 0.107013 0.037240
v -0.533386 0.107013 0.018267
v -0.531245 0.101229 0.018267
v -0.524366 0.220646 0.055758
v -0.542177 0.307256 0.056669
v -0.503491 0.301827 0.056675
v -0.515491 0.212766 0.053063
v -0.513586 0.211119 0.018267
v -0.490132 0.232241 0.055497
v -0.466244 0.288424 0.056692
v -0.476276 0.224230 0.052616
v -0.473329 0.222820 0.018267
v -0.445641 0.240432 0.054465
v -0.426828 0.268757 0.056213
v -0.384528 0.240007 0.052512
v -0.430126 0.231084 0.051010
v -0.425354 0.228539 0.018267
v -0.376385 0.233142 0.047987
v -0.372652 0.229923 0.018267
v 1.230841 0.266653 0.057242
v 1.234884 0.294807 0.068682
v 1.296147 0.276607 0.060253
v 1.192954 0.264003 0.057785
v 1.181584 0.318137 0.080216
v 1.296147 0.276607 0.060253
v 1.227872 0.258829 0.065193
v 1.230841 0.266653 0.057242
v 1.192954 0.264003 0.057785
v 1.188536 0.250730 0.067343
v 1.143237 0.261103 0.062502
v 1.143307 0.245071 0.070544
v 1.100330 0.244609 0.072762
v 1.083728 0.256354 0.063849
v 1.082718 0.257158 0.046422
v 1.145390 0.256504 0.039815
v 1.195181 0.261248 0.045721
v 1.086494 0.254339 0.018267
v 1.199186 0.257766 0.033340
v 1.145271 0.255594 0.018267
v 1.199655 0.257387 0.018267
v -0.074863 0.194399 0.104049
v -0.038873 0.212308 0.105741
v -0.052514 0.211665 0.100209
v -0.072700 0.205784 0.091552
v -0.107672 0.175885 0.102809
v -0.104192 0.196515 0.078242
v -0.141803 0.155118 0.102344
v -0.148736 0.164627 0.082387
v -0.174262 0.134198 0.102185
v -0.188601 0.144284 0.083901
v -0.190356 0.124137 0.101878
v -0.210585 0.137940 0.083429
v -0.212820 0.114117 0.100447
v -0.245584 0.128868 0.082403
v -0.247689 0.105132 0.095529
v -0.294588 0.098131 0.087162
v -0.306814 0.112526 0.069651
v -0.323006 0.078380 0.059780
v -0.294588 0.098131 0.087162
v -0.276337 0.147708 0.091888
v -0.298625 0.143571 0.070874
v -0.245584 0.128868 0.082403
v -0.300514 0.172679 0.070483
v -0.274634 0.191162 0.094338
v -0.316378 0.197328 0.065974
v -0.248456 0.178754 0.083939
v -0.294229 0.225918 0.094391
v -0.340940 0.216920 0.057214
v -0.272340 0.232197 0.080800
v -0.320245 0.252814 0.094242
v -0.346145 0.237706 0.064935
v -0.302151 0.265025 0.073898
v -0.335264 0.265479 0.094007
v -0.356120 0.256867 0.073297
v -0.318536 0.274014 0.074843
v -0.334970 0.282677 0.075591
v -0.348437 0.275346 0.092874
v -0.377583 0.280016 0.075795
v -0.358914 0.294075 0.076298
v -0.368682 0.288478 0.089499
v -0.434909 0.322778 0.078146
v -0.291630 0.269624 0.083239
v -0.320201 0.291752 0.077250
v -0.274874 0.270341 0.075766
v -0.251351 0.238429 0.091682
v -0.222652 0.245493 0.075948
v -0.207774 0.200345 0.096224
v -0.159302 0.215208 0.076993
v -0.178155 0.171248 0.096424
v -0.104192 0.196515 0.078242
v -0.210585 0.137940 0.083429
v -0.148736 0.164627 0.082387
v -0.188601 0.144284 0.083901
v -0.323006 0.078380 0.059780
v -0.306855 0.112496 0.018267
v -0.324028 0.077419 0.018267
v -0.306814 0.112526 0.069651
v -0.298855 0.143527 0.018267
v -0.298625 0.143571 0.070874
v -0.300514 0.172679 0.070483
v -0.300785 0.172484 0.018267
v -0.316378 0.197328 0.065974
v -0.316633 0.197025 0.018267
v -0.340940 0.216920 0.057214
v -0.340940 0.216920 0.018267
v -0.564196 0.317356 -0.028806
v -0.586590 0.314799 -0.028851
v -0.570313 0.308922 -0.020646
v -0.557149 0.310924 -0.020559
v -0.544278 0.317375 -0.028807
v -0.544613 0.311705 -0.020646
v -0.532141 0.308400 -0.020559
v -0.525032 0.311588 -0.028811
v -0.513653 0.297242 -0.020603
v -0.506594 0.300362 -0.028822
v -0.497762 0.279198 -0.020646
v -0.487864 0.278192 -0.028851
v -0.502964 0.263207 -0.028844
v -0.510131 0.265950 -0.020646
v -0.524789 0.252394 -0.028814
v -0.529684 0.256311 -0.020646
v -0.544912 0.245702 -0.028806
v -0.541766 0.253306 -0.020646
v -0.550086 0.255848 -0.028806
v -0.547146 0.265903 -0.020581
v -0.555530 0.264746 -0.028806
v -0.561894 0.272257 -0.028733
v -0.570313 0.308922 -0.020646
v -0.586590 0.314799 -0.028851
v -0.586590 0.314799 0.065386
v -0.564196 0.317356 0.065340
v -0.570313 0.308922 0.057180
v -0.557149 0.310924 0.057093
v -0.544278 0.317375 0.065341
v -0.544613 0.311705 0.057180
v -0.532141 0.308400 0.057093
v -0.525032 0.311588 0.065345
v -0.513653 0.297242 0.057137
v -0.506594 0.300362 0.065356
v -0.497762 0.279198 0.057180
v -0.487864 0.278192 0.065385
v -0.502964 0.263207 0.065378
v -0.510131 0.265950 0.057180
v -0.524789 0.252394 0.065348
v -0.529684 0.256311 0.057180
v -0.544912 0.245702 0.065340
v -0.541766 0.253306 0.057180
v -0.550086 0.255848 0.065340
v -0.547146 0.265903 0.057115
v -0.555530 0.264746 0.065340
v -0.561894 0.272257 0.065268
v -0.570313 0.308922 0.057180
v -0.586590 0.314799 0.065386
v -0.134023 0.456538 0.104596
v -0.124047 0.451058 -0.001402
v -0.134048 0.456533 -0.001402
v -0.122941 0.449794 0.110904
v -0.104372 0.447159 -0.001402
v -0.104343 0.447160 0.113394
v 0.134575 0.448609 0.111848
v 0.134605 0.448609 -0.001402
v 0.151223 0.451666 0.109249
v 0.151256 0.451666 -0.001402
v -0.180875 0.129370 0.018267
v -0.224601 0.125258 -0.021483
v -0.235938 0.123536 0.018267
v -0.180875 0.129370 -0.018051
v -0.175041 0.118902 -0.016460
v -0.171542 0.112441 0.018267
v -0.180875 0.129370 0.018267
v -0.175041 0.118902 0.052994
v -0.171542 0.112441 0.018267
v -0.180875 0.129370 0.054585
v -0.224601 0.125258 0.058017
v -0.235938 0.123536 0.018267
v 1.560464 0.422319 0.018267
v 1.560419 0.404065 0.018267
v 1.560683 0.416040 0.004433
v 1.560804 0.404292 -0.000635
v 1.560677 0.392471 0.004650
v 1.560460 0.386430 0.018267
v 1.560464 0.422319 0.018267
v 1.560683 0.416040 0.032102
v 1.560419 0.404065 0.018267
v 1.560804 0.404292 0.037170
v 1.560677 0.392471 0.031884
v 1.560460 0.386430 0.018267
v -1.601511 0.440737 -0.021392
v -1.636778 0.451440 -0.007861
v -1.623452 0.465474 -0.016482
v -1.591875 0.457496 -0.030707
v -1.544159 0.428024 -0.039350
v -1.540789 0.447738 -0.048277
v -1.479287 0.440655 -0.058041
v -1.476978 0.420496 -0.049142
v -1.413025 0.435768 -0.062150
v -1.400071 0.415977 -0.051328
v -1.330142 0.412667 -0.051329
v -1.308969 0.430423 -0.063697
v -1.293552 0.413955 -0.053202
v -1.209394 0.418942 -0.056818
v -1.184799 0.427868 -0.060104
v -1.186565 0.413469 -0.053259
v -1.105708 0.417974 -0.051745
v -1.105534 0.428405 -0.055308
v -1.023993 0.429992 -0.051742
v -1.182936 0.389298 -0.072097
v -1.264702 0.398158 -0.056409
v -1.018864 0.422973 -0.050057
v -0.946632 0.432127 -0.049716
v -0.928770 0.428172 -0.048232
v -1.098005 0.399335 -0.068995
v -1.008599 0.408196 -0.064853
v -1.092442 0.367438 -0.053146
v -1.180487 0.349462 -0.052117
v -1.003159 0.385005 -0.053635
v -1.244228 0.350769 -0.051426
v -0.923090 0.398263 -0.053865
v -1.261509 0.377194 -0.069927
v -1.298175 0.350249 -0.050854
v -1.323739 0.382190 -0.055889
v -1.321882 0.366363 -0.066267
v -1.381739 0.345135 -0.060400
v -1.358561 0.364269 -0.056056
v -0.922116 0.415377 -0.061029
v -0.883229 0.403674 -0.053907
v -0.875684 0.419067 -0.059243
v -0.854222 0.407659 -0.053913
v -1.323739 0.382190 -0.055889
v -1.358561 0.364269 -0.056056
v -1.398651 0.360708 -0.053626
v -1.381739 0.345135 -0.060400
v -1.428750 0.328190 -0.061535
v -1.444910 0.345367 -0.052076
v -1.520178 0.289499 -0.058076
v -1.538253 0.309969 -0.045646
v -1.397066 0.293551 -0.057205
v -1.589580 0.256721 -0.053980
v -1.615790 0.276713 -0.041172
v -1.485484 0.258337 -0.056344
v -1.551113 0.229523 -0.054709
v -1.660921 0.219628 -0.050257
v -1.698886 0.234580 -0.039042
v -1.607841 0.203326 -0.053275
v -1.693642 0.198816 -0.049474
v -1.739285 0.204751 -0.039042
v -1.653102 0.181671 -0.052066
v -1.716024 0.181216 -0.049363
v -1.769215 0.174503 -0.039042
v -1.691751 0.163004 -0.050982
v -1.734285 0.156390 -0.049360
v -1.800687 0.121755 -0.039042
v -1.735424 0.141700 -0.049688
v -1.801064 0.100323 -0.039042
v -1.777955 0.089748 -0.039042
v -1.726315 0.131185 -0.051355
v -1.731626 0.093239 -0.039042
v -1.675145 0.144537 -0.056805
v -1.653712 0.110547 -0.039042
v -1.631399 0.161354 -0.060415
v -1.572047 0.134302 -0.039042
v -1.580854 0.182209 -0.063515
v -1.507280 0.155118 -0.039042
v -1.520605 0.206622 -0.064859
v -1.436059 0.176613 -0.034857
v -1.457563 0.231580 -0.064712
v -1.369375 0.195060 -0.025818
v -1.374476 0.262898 -0.063595
v -1.318070 0.207717 -0.022270
v -1.317009 0.323065 -0.056517
v -1.298175 0.350249 -0.050854
v -1.244228 0.350769 -0.051426
v -1.306822 0.285671 -0.062960
v -1.287549 0.214509 -0.022051
v -1.236302 0.232992 -0.024151
v -1.236134 0.307105 -0.062567
v -1.180487 0.349462 -0.052117
v -1.152951 0.253877 -0.024394
v -1.163603 0.326656 -0.062275
v -1.092442 0.367438 -0.053146
v -1.071807 0.270715 -0.024804
v -1.086542 0.344090 -0.061757
v -0.985808 0.318691 -0.044953
v -0.999963 0.363046 -0.061841
v -1.003159 0.385005 -0.053635
v -0.923090 0.398263 -0.053865
v -0.903299 0.378105 -0.062198
v -0.883229 0.403674 -0.053907
v -0.851882 0.384886 -0.062486
v -0.854222 0.407659 -0.053913
v -0.892949 0.338973 -0.044184
v -0.937963 0.322979 -0.044749
v -0.842723 0.348962 -0.043914
v -0.883770 0.325677 -0.044525
v -0.823488 0.336297 -0.043638
v -0.833155 0.324374 -0.044346
v -1.636778 0.451440 0.044396
v -1.601511 0.440737 0.057926
v -1.623452 0.465474 0.053016
v -1.591875 0.457496 0.067241
v -1.544159 0.428024 0.075884
v -1.540789 0.447738 0.084811
v -1.479287 0.440655 0.094575
v -1.476978 0.420496 0.085676
v -1.413025 0.435768 0.098684
v -1.400071 0.415977 0.087862
v -1.330142 0.412667 0.087863
v -1.308969 0.430423 0.100232
v -1.293552 0.413955 0.089737
v -1.209394 0.418942 0.093352
v -1.184799 0.427868 0.096639
v -1.186565 0.413469 0.089793
v -1.105708 0.417974 0.088279
v -1.105534 0.428405 0.091842
v -1.023993 0.429992 0.088277
v -1.182936 0.389298 0.108631
v -1.264702 0.398158 0.092943
v -1.018864 0.422973 0.086591
v -0.946632 0.432127 0.086250
v -0.928770 0.428172 0.084766
v -1.098005 0.399335 0.105529
v -1.008599 0.408196 0.101388
v -1.092442 0.367438 0.089680
v -1.180487 0.349462 0.088651
v -1.003159 0.385005 0.090169
v -1.244228 0.350769 0.087960
v -0.923090 0.398263 0.090399
v -1.261509 0.377194 0.106461
v -1.298175 0.350249 0.087388
v -1.323739 0.382190 0.092424
v -1.321882 0.366363 0.102801
v -1.381739 0.345135 0.096934
v -1.358561 0.364269 0.092591
v -0.922116 0.415377 0.097563
v -0.883229 0.403674 0.090442
v -0.875684 0.419067 0.095777
v -0.854222 0.407659 0.090447
v -1.323739 0.382190 0.092424
v -1.398651 0.360708 0.090160
v -1.358561 0.364269 0.092591
v -1.381739 0.345135 0.096934
v -1.428750 0.328190 0.098069
v -1.444910 0.345367 0.088610
v -1.520178 0.289499 0.094610
v -1.538253 0.309969 0.082180
v -1.397066 0.293551 0.093739
v -1.589580 0.256721 0.090514
v -1.615790 0.276713 0.077707
v -1.485484 0.258337 0.092878
v -1.551113 0.229523 0.091243
v -1.660921 0.219628 0.086791
v -1.698886 0.234580 0.075576
v -1.607841 0.203326 0.089810
v -1.693642 0.198816 0.086008
v -1.739285 0.204751 0.075576
v -1.653102 0.181671 0.088600
v -1.716024 0.181216 0.085897
v -1.769215 0.174503 0.075576
v -1.691751 0.163004 0.087516
v -1.734285 0.156390 0.085894
v -1.800687 0.121755 0.075576
v -1.735424 0.141700 0.086222
v -1.801064 0.100323 0.075576
v -1.777955 0.089748 0.075576
v -1.726315 0.131185 0.087889
v -1.731626 0.093239 0.075576
v -1.675145 0.144537 0.093339
v -1.653712 0.110547 0.075576
v -1.631399 0.161354 0.096949
v -1.572047 0.134302 0.075576
v -1.580854 0.182209 0.100049
v -1.507280 0.155118 0.075576
v -1.520605 0.206622 0.101393
v -1.436059 0.176613 0.071392
v -1.457563 0.231580 0.101246
v -1.369375 0.195060 0.062352
v -1.374476 0.262898 0.100129
v -1.318070 0.207717 0.058804
v -1.317009 0.323065 0.093051
v -1.298175 0.350249 0.087388
v -1.244228 0.350769 0.087960
v -1.306822 0.285671 0.099494
v -1.287549 0.214509 0.058585
v -1.236302 0.232992 0.060685
v -1.236134 0.307105 0.099101
v -1.180487 0.349462 0.088651
v -1.152951 0.253877 0.060928
v -1.163603 0.326656 0.098809
v -1.092442 0.367438 0.089680
v -1.071807 0.270715 0.061338
v -1.086542 0.344090 0.098292
v -0.985808 0.318691 0.081487
v -0.999963 0.363046 0.098375
v -1.003159 0.385005 0.090169
v -0.923090 0.398263 0.090399
v -0.903299 0.378105 0.098732
v -0.883229 0.403674 0.090442
v -0.851882 0.384886 0.099020
v -0.854222 0.407659 0.090447
v -0.892949 0.338973 0.080718
v -0.937963 0.322979 0.081283
v -0.842723 0.348962 0.080448
v -0.883770 0.325677 0.081059
v -0.823488 0.336297 0.080172
v -0.833155 0.324374 0.080880
v -0.412987 0.251647 0.018267
v -0.418126 0.234441 0.018267
v -0.415823 0.251604 -0.000369
v -0.420963 0.234398 -0.000369
v -0.511386 0.246305 -0.001932
v -0.441266 0.218706 0.018267
v -0.511141 0.229432 -0.001932
v -0.522655 0.238416 0.018267
v -0.522411 0.221543 0.018267
v -0.444103 0.218663 -0.000369
v -0.457321 0.199976 0.018267
v -0.509656 0.215689 -0.001932
v -0.520926 0.207800 0.018267
v -0.460158 0.199933 -0.000369
v -0.460405 0.173298 0.018267
v -0.504692 0.200505 -0.001932
v -0.515962 0.192616 0.018267
v -0.490343 0.176084 -0.001932
v -0.501623 0.168696 0.018267
v -0.463242 0.173255 -0.000369
v -0.471078 0.149685 -0.001581
v -0.481438 0.144030 0.018267
v -0.456178 0.122595 0.018267
v -0.453326 0.149461 -0.000018
v -0.450284 0.149475 0.018267
v -0.447858 0.130182 0.001288
v -0.436198 0.132583 0.002851
v -0.431748 0.132009 0.018267
v -0.434160 0.115063 0.009051
v -0.444706 0.100530 0.018267
v -0.420118 0.107393 0.018267
v -0.420451 0.120779 0.010353
v -0.408286 0.114980 0.018267
v -0.412987 0.251647 0.018267
v -0.415823 0.251604 0.036903
v -0.418126 0.234441 0.018267
v -0.420963 0.234398 0.036903
v -0.511386 0.246305 0.038466
v -0.441266 0.218706 0.018267
v -0.511141 0.229432 0.038466
v -0.522655 0.238416 0.018267
v -0.522411 0.221543 0.018267
v -0.444103 0.218663 0.036903
v -0.457321 0.199976 0.018267
v -0.509656 0.215689 0.038466
v -0.520926 0.207800 0.018267
v -0.460158 0.199933 0.036903
v -0.460405 0.173298 0.018267
v -0.504692 0.200505 0.038466
v -0.515962 0.192616 0.018267
v -0.490343 0.176084 0.038466
v -0.501623 0.168696 0.018267
v -0.463242 0.173255 0.036903
v -0.471078 0.149685 0.038115
v -0.481438 0.144030 0.018267
v -0.456178 0.122595 0.018267
v -0.453326 0.149461 0.036552
v -0.450284 0.149475 0.018267
v -0.447858 0.130182 0.035246
v -0.436198 0.132583 0.033684
v -0.431748 0.132009 0.018267
v -0.434160 0.115063 0.027483
v -0.444706 0.100530 0.018267
v -0.420118 0.107393 0.018267
v -0.420451 0.120779 0.026181
v -0.408286 0.114980 0.018267
v -0.175041 0.118902 -0.016460
v -0.224601 0.125258 -0.021483
v -0.180875 0.129370 -0.018051
v -0.191960 0.092344 -0.014858
v -0.171542 0.112441 0.018267
v -0.234803 0.089851 -0.018654
v -0.184271 0.092262 0.018267
v -0.175041 0.118902 0.052994
v -0.180875 0.129370 0.054585
v -0.224601 0.125258 0.058017
v -0.191960 0.092344 0.051392
v -0.171542 0.112441 0.018267
v -0.234803 0.089851 0.055189
v -0.184271 0.092262 0.018267
v 1.544867 0.442978 -0.026661
v 1.511136 0.468060 -0.020978
v 1.519266 0.471669 -0.015940
v 1.549103 0.457217 -0.019371
v 1.583019 0.452132 -0.019790
v 1.552674 0.464427 0.018267
v 1.584534 0.458920 0.018267
v 1.537720 0.428863 -0.033601
v 1.496635 0.462507 -0.028602
v 1.590037 0.416287 -0.033158
v 1.622380 0.454996 -0.015396
v 1.618976 0.459633 0.018267
v 1.645345 0.466793 0.018267
v 1.601825 0.430493 -0.029684
v 1.684470 0.462218 -0.004684
v 1.652889 0.465411 -0.001338
v 1.638423 0.440550 -0.025068
v 1.649202 0.416654 -0.012962
v 1.644761 0.404702 -0.013326
v 1.668768 0.428614 -0.011808
v 1.595458 0.397758 -0.034266
v 1.647644 0.393389 -0.013341
v 1.684313 0.445306 -0.021792
v 1.697406 0.436128 -0.010460
v 1.616876 0.381267 -0.032813
v 1.655184 0.384225 -0.012828
v 1.735697 0.446020 -0.019457
v 1.736147 0.439434 -0.010512
v 1.777596 0.438758 -0.013564
v 1.735874 0.462795 -0.002307
v 1.778066 0.441638 -0.019691
v 1.813038 0.429167 -0.022585
v 1.779913 0.460532 -0.002634
v 1.831651 0.455265 -0.003740
v 1.862651 0.429393 -0.015751
v 1.871687 0.451134 -0.001248
v 1.838144 0.472166 0.018267
v 1.923725 0.429334 -0.005024
v 1.925216 0.444377 0.004202
v 1.875688 0.466422 0.018267
v 1.927552 0.455279 0.018267
v 1.965918 0.437462 0.010392
v 1.969631 0.429225 0.006805
v 1.971724 0.441755 0.018267
v 2.000000 0.429951 0.018267
v 1.582903 0.397424 -0.036141
v 1.591773 0.370450 -0.033518
v 1.559972 0.382297 -0.037310
v 1.625024 0.360311 -0.028305
v 1.577487 0.346289 -0.019203
v 1.518956 0.394095 -0.038909
v 1.646018 0.372265 -0.027544
v 1.669359 0.377118 -0.011353
v 1.685457 0.364979 -0.021062
v 1.696977 0.371067 -0.008376
v 1.677062 0.347952 -0.020309
v 1.733237 0.365069 -0.014202
v 1.734418 0.369075 -0.002642
v 1.736784 0.343904 -0.009789
v 1.761089 0.376617 -0.005354
v 1.756793 0.374731 0.002651
v 1.780241 0.386981 0.004523
v 1.778523 0.345619 0.001122
v 1.807882 0.351873 0.010140
v 1.799895 0.386737 0.018267
v 1.742398 0.334151 0.018267
v 1.779376 0.342455 0.018267
v 1.698083 0.328478 0.018267
v 1.808469 0.351050 0.018267
v 1.679802 0.335441 -0.001031
v 1.646647 0.323149 0.018267
v 1.642571 0.332186 -0.002251
v 1.601391 0.318993 0.018267
v 1.594760 0.326899 -0.000428
v 1.550648 0.314787 0.018267
v 1.546709 0.323036 0.001057
v 1.505693 0.338887 0.018267
v 1.536714 0.338486 -0.015241
v 1.506210 0.344474 -0.002275
v 1.538413 0.366614 -0.028056
v 1.509971 0.361468 -0.022951
v 1.510328 0.381817 -0.031125
v 1.472678 0.370088 -0.024179
v 1.467976 0.351074 -0.002816
v 1.467096 0.345241 0.018267
v 1.457408 0.395352 -0.030576
v 1.436285 0.351256 -0.002419
v 1.435862 0.345203 0.018267
v 1.439470 0.370668 -0.023759
v 1.400761 0.347739 -0.001531
v 1.401212 0.341626 0.018267
v 1.374054 0.332883 0.018267
v 1.401165 0.366284 -0.021735
v 1.412081 0.403662 -0.029226
v 1.463590 0.407238 -0.038780
v 1.419841 0.416907 -0.037001
v 1.488037 0.434812 -0.030391
v 1.428095 0.447461 -0.023815
v 1.432353 0.474267 -0.020857
v 1.399271 0.433249 -0.029087
v 1.399737 0.449338 -0.005617
v 1.409676 0.469694 -0.002915
v 1.393401 0.423199 -0.034254
v 1.373059 0.441416 -0.011141
v 1.381703 0.409057 -0.026372
v 1.359108 0.431268 -0.028913
v 1.368699 0.354808 -0.017022
v 1.346573 0.418814 -0.020629
v 1.372320 0.338818 -0.000057
v 1.340632 0.388900 -0.024464
v 1.349290 0.334442 -0.009127
v 1.355920 0.319847 0.003654
v 1.359164 0.312137 0.018267
v 1.346699 0.314143 -0.001792
v 1.352670 0.297036 0.009051
v 1.358642 0.279929 0.018267
v 1.321576 0.312279 0.018267
v 1.318466 0.323532 0.004634
v 1.283800 0.338510 0.018267
v 1.315356 0.337283 -0.010609
v 1.282804 0.345311 0.001855
v 1.243361 0.354174 0.018267
v 1.281809 0.388417 -0.021131
v 1.281809 0.356255 -0.015727
v 1.243236 0.358879 0.001728
v 1.243111 0.367982 -0.014902
v 1.281809 0.405336 -0.021111
v 1.193332 0.389122 -0.018470
v 1.193332 0.373752 -0.011718
v 1.193332 0.365626 0.002774
v 1.193332 0.361495 0.018267
v 1.134544 0.376140 -0.009929
v 1.134544 0.368431 0.003395
v 1.134544 0.364461 0.018267
v 1.134544 0.389464 -0.017638
v 1.193332 0.405336 -0.020744
v 1.134544 0.405336 -0.020596
v 1.193332 0.425926 -0.014045
v 1.134544 0.425926 -0.014045
v 1.281809 0.426163 -0.013905
v 1.193332 0.440241 0.003395
v 1.134544 0.440241 0.003395
v 1.134544 0.444211 0.018267
v 1.193332 0.443200 0.018267
v 1.281809 0.443215 0.018267
v 1.281809 0.440241 0.003395
v 1.309666 0.444117 0.018267
v 1.309666 0.440241 0.003395
v 1.320380 0.454725 0.018267
v 1.322095 0.427616 -0.013042
v 1.322428 0.449569 -0.003615
v 1.369419 0.447411 0.018267
v 1.338924 0.439351 -0.020215
v 1.385518 0.453569 0.018267
v 1.511136 0.468060 0.057512
v 1.544867 0.442978 0.063195
v 1.519266 0.471669 0.052475
v 1.549103 0.457217 0.055905
v 1.583019 0.452132 0.056325
v 1.552674 0.464427 0.018267
v 1.584534 0.458920 0.018267
v 1.537720 0.428863 0.070135
v 1.496635 0.462507 0.065136
v 1.590037 0.416287 0.069692
v 1.622380 0.454996 0.051930
v 1.618976 0.459633 0.018267
v 1.645345 0.466793 0.018267
v 1.601825 0.430493 0.066218
v 1.684470 0.462218 0.041219
v 1.652889 0.465411 0.037872
v 1.638423 0.440550 0.061603
v 1.649202 0.416654 0.049496
v 1.644761 0.404702 0.049861
v 1.668768 0.428614 0.048342
v 1.595458 0.397758 0.070801
v 1.647644 0.393389 0.049875
v 1.684313 0.445306 0.058327
v 1.697406 0.436128 0.046994
v 1.735697 0.446020 0.055991
v 1.736147 0.439434 0.047046
v 1.777596 0.438758 0.050098
v 1.735874 0.462795 0.038841
v 1.778066 0.441638 0.056225
v 1.813038 0.429167 0.059120
v 1.779913 0.460532 0.039168
v 1.831651 0.455265 0.040275
v 1.862651 0.429393 0.052285
v 1.871687 0.451134 0.037782
v 1.838144 0.472166 0.018267
v 1.923725 0.429334 0.041558
v 1.925216 0.444377 0.032332
v 1.875688 0.466422 0.018267
v 1.927552 0.455279 0.018267
v 1.965918 0.437462 0.026143
v 1.969631 0.429225 0.029729
v 1.971724 0.441755 0.018267
v 2.000000 0.429951 0.018267
v 1.582903 0.397424 0.072675
v 1.616876 0.381267 0.069347
v 1.655184 0.384225 0.049362
v 1.559972 0.382297 0.073844
v 1.646018 0.372265 0.064078
v 1.669359 0.377118 0.047887
v 1.591773 0.370450 0.070052
v 1.625024 0.360311 0.064839
v 1.685457 0.364979 0.057596
v 1.696977 0.371067 0.044911
v 1.677062 0.347952 0.056843
v 1.733237 0.365069 0.050736
v 1.734418 0.369075 0.039176
v 1.736784 0.343904 0.046323
v 1.761089 0.376617 0.041889
v 1.756793 0.374731 0.033883
v 1.780241 0.386981 0.032012
v 1.778523 0.345619 0.035412
v 1.807882 0.351873 0.026395
v 1.799895 0.386737 0.018267
v 1.742398 0.334151 0.018267
v 1.779376 0.342455 0.018267
v 1.698083 0.328478 0.018267
v 1.808469 0.351050 0.018267
v 1.679802 0.335441 0.037565
v 1.646647 0.323149 0.018267
v 1.821072 0.355464 0.022307
v 1.821520 0.355101 0.018267
v 1.834261 0.359056 0.018267
v 1.642571 0.332186 0.038785
v 1.601391 0.318993 0.018267
v 1.594760 0.326899 0.036962
v 1.550648 0.314787 0.018267
v 1.577487 0.346289 0.055737
v 1.546709 0.323036 0.035477
v 1.505693 0.338887 0.018267
v 1.506210 0.344474 0.038809
v 1.536714 0.338486 0.051775
v 1.538413 0.366614 0.064590
v 1.467976 0.351074 0.039350
v 1.467096 0.345241 0.018267
v 1.509971 0.361468 0.059485
v 1.472678 0.370088 0.060713
v 1.510328 0.381817 0.067659
v 1.518956 0.394095 0.075443
v 1.457408 0.395352 0.067110
v 1.488037 0.434812 0.066925
v 1.463590 0.407238 0.075314
v 1.432353 0.474267 0.057391
v 1.428095 0.447461 0.060349
v 1.419841 0.416907 0.073535
v 1.439470 0.370668 0.060293
v 1.412081 0.403662 0.065760
v 1.436285 0.351256 0.038954
v 1.435862 0.345203 0.018267
v 1.401165 0.366284 0.058269
v 1.400761 0.347739 0.038066
v 1.401212 0.341626 0.018267
v 1.374054 0.332883 0.018267
v 1.368699 0.354808 0.053557
v 1.372320 0.338818 0.036591
v 1.355920 0.319847 0.032880
v 1.359164 0.312137 0.018267
v 1.349290 0.334442 0.045661
v 1.381703 0.409057 0.062906
v 1.340632 0.388900 0.060999
v 1.346699 0.314143 0.038326
v 1.352670 0.297036 0.027483
v 1.358642 0.279929 0.018267
v 1.321576 0.312279 0.018267
v 1.318466 0.323532 0.031900
v 1.283800 0.338510 0.018267
v 1.315356 0.337283 0.047144
v 1.282804 0.345311 0.034679
v 1.243361 0.354174 0.018267
v 1.281809 0.356255 0.052261
v 1.243236 0.358879 0.034806
v 1.281809 0.388417 0.057666
v 1.243111 0.367982 0.051436
v 1.193332 0.365626 0.033760
v 1.193332 0.361495 0.018267
v 1.193332 0.373752 0.048252
v 1.134544 0.368431 0.033139
v 1.134544 0.364461 0.018267
v 1.134544 0.376140 0.046463
v 1.193332 0.389122 0.055004
v 1.134544 0.389464 0.054172
v 1.281809 0.405336 0.057645
v 1.193332 0.405336 0.057278
v 1.134544 0.405336 0.057130
v 1.193332 0.425926 0.050579
v 1.134544 0.425926 0.050579
v 1.346573 0.418814 0.057163
v 1.193332 0.440241 0.033139
v 1.134544 0.440241 0.033139
v 1.134544 0.444211 0.018267
v 1.193332 0.443200 0.018267
v 1.281809 0.426163 0.050439
v 1.281809 0.440241 0.033139
v 1.281809 0.443215 0.018267
v 1.309666 0.444117 0.018267
v 1.309666 0.440241 0.033139
v 1.320380 0.454725 0.018267
v 1.322095 0.427616 0.049576
v 1.322428 0.449569 0.040149
v 1.369419 0.447411 0.018267
v 1.338924 0.439351 0.056749
v 1.373059 0.441416 0.047675
v 1.359108 0.431268 0.065447
v 1.385518 0.453569 0.018267
v 1.393401 0.423199 0.070789
v 1.399271 0.433249 0.065621
v 1.399737 0.449338 0.042151
v 1.409676 0.469694 0.039449
v -0.827080 0.071672 -0.035509
v -0.824375 0.095911 -0.013994
v -0.786501 0.107260 -0.034487
v -0.760300 0.115685 -0.032394
v -0.766168 0.072322 -0.051553
v -0.739717 0.085574 -0.051417
v -0.713458 0.129362 -0.027812
v -0.703322 0.097253 -0.052099
v -0.657094 0.106658 -0.053608
v -0.653644 0.148755 -0.022416
v -0.624466 0.109699 -0.053924
v -0.626855 0.061168 -0.038549
v -0.612424 0.165193 -0.020495
v -0.590440 0.143461 -0.020022
v -0.598790 0.100820 -0.053668
v -0.567519 0.122748 -0.019674
v -0.600823 0.066549 -0.037857
v -0.571346 0.092435 -0.050024
v -0.552454 0.112481 -0.019395
v -0.543452 0.084996 -0.047056
v -0.542745 0.106601 -0.018917
v -0.529471 0.101142 -0.019028
v -0.352391 0.114993 0.011251
v -0.377857 0.089510 -0.009810
v -0.384814 0.097756 -0.001666
v -0.357563 0.098153 0.006933
v -0.373478 0.081230 -0.005349
v -0.366100 0.073451 0.018267
v -0.355528 0.098733 0.018267
v -0.350499 0.116502 0.018267
v -1.186565 0.413469 -0.053259
v -1.264702 0.398158 -0.056409
v -1.209394 0.418942 -0.056818
v -1.270540 0.405013 -0.060193
v -1.293552 0.413955 -0.053202
v -1.323739 0.382190 -0.055889
v -1.339506 0.388518 -0.061881
v -1.330142 0.412667 -0.051329
v -1.398651 0.360708 -0.053626
v -1.399774 0.395548 -0.052846
v -1.389963 0.377300 -0.063138
v -1.452001 0.362769 -0.065429
v -1.444910 0.345367 -0.052076
v -1.458021 0.383911 -0.053845
v -1.513590 0.347472 -0.068257
v -1.538253 0.309969 -0.045646
v -1.532508 0.373175 -0.054441
v -1.601453 0.325492 -0.075801
v -1.608857 0.365277 -0.055729
v -1.615790 0.276713 -0.041172
v -1.692092 0.361566 -0.058308
v -1.724665 0.298570 -0.093645
v -1.754732 0.373586 -0.060828
v -1.702201 0.239312 -0.042198
v -1.698886 0.234580 -0.039042
v -1.757371 0.272257 -0.088736
v -1.740601 0.211583 -0.045362
v -1.739285 0.204751 -0.039042
v -1.769215 0.174503 -0.039042
v -1.780730 0.326292 -0.098353
v -1.780250 0.176670 -0.050325
v -1.800687 0.121755 -0.039042
v -1.787997 0.246820 -0.083923
v -1.803465 0.309885 -0.096132
v -1.859105 0.286155 -0.076127
v -1.867496 0.333171 -0.100736
v -1.884848 0.358140 -0.121204
v -1.823076 0.214123 -0.078228
v -1.872549 0.228210 -0.055695
v -1.898461 0.160086 -0.048417
v -1.806888 0.350709 -0.092633
v -1.861872 0.358602 -0.109039
v -1.845942 0.358692 -0.098828
v -1.838697 0.361072 -0.091072
v -1.791838 0.352300 -0.084799
v -1.803761 0.369324 -0.077755
v -1.799171 0.391160 -0.061047
v -1.827748 0.392932 -0.071298
v -1.857609 0.383872 -0.081596
v -1.829922 0.412782 -0.054229
v -1.849682 0.415053 -0.064821
v -1.890351 0.418384 -0.070039
v -1.856050 0.437418 -0.040032
v -1.869156 0.443355 -0.047566
v -1.914811 0.446668 -0.052531
v -1.881809 0.464010 -0.026822
v -1.874464 0.458553 -0.018708
v -1.935738 0.471176 -0.028097
v -1.875121 0.138625 -0.070415
v -1.917921 0.095278 -0.043784
v -1.815185 0.126956 -0.056692
v -1.899367 0.086800 -0.066758
v -1.813216 0.098609 -0.056188
v -1.801064 0.100323 -0.039042
v -1.782355 0.080290 -0.052780
v -1.777955 0.089748 -0.039042
v -1.731626 0.093239 -0.039042
v -1.730514 0.083588 -0.050678
v -1.653712 0.110547 -0.039042
v -1.652134 0.102574 -0.050155
v -1.572047 0.134302 -0.039042
v -1.571612 0.126389 -0.049327
v -1.578317 0.091517 -0.037361
v -1.528203 0.105567 -0.035516
v -1.507280 0.155118 -0.039042
v -1.504133 0.147640 -0.047925
v -1.436059 0.176613 -0.034857
v -1.507052 0.107283 -0.034271
v -1.426617 0.169543 -0.043581
v -1.369375 0.195060 -0.025818
v -1.369603 0.184910 -0.039223
v -1.318070 0.207717 -0.022270
v -1.465655 0.091565 -0.009436
v -1.313073 0.197825 -0.031813
v -1.365662 0.162236 -0.015088
v -1.413600 0.132496 -0.012434
v -1.454150 0.079445 0.018267
v -1.401512 0.120120 0.018267
v -1.357037 0.148720 0.018267
v -1.319886 0.182958 -0.012421
v -1.316417 0.170981 0.018267
v -1.301467 0.187910 -0.008126
v -1.292183 0.181284 0.018267
v -1.283333 0.201325 -0.021022
v -1.267835 0.218969 -0.008320
v -1.260690 0.201327 -0.005059
v -1.242353 0.200217 0.018267
v -1.245331 0.223111 0.003810
v -1.230427 0.225352 0.018267
v -1.479287 0.440655 -0.058041
v -1.540789 0.447738 -0.048277
v -1.520468 0.480255 -0.019180
v -1.413025 0.435768 -0.062150
v -1.461670 0.473437 -0.028011
v -1.403976 0.469660 -0.030042
v -1.308969 0.430423 -0.063697
v -1.308875 0.467403 -0.029453
v -1.396229 0.458028 0.018267
v -1.308847 0.453922 0.018267
v -1.227298 0.453600 0.018267
v -1.223347 0.468763 -0.026742
v -1.184799 0.427868 -0.060104
v -1.155324 0.457382 0.018267
v -1.155318 0.473304 -0.023139
v -1.105534 0.428405 -0.055308
v -1.103364 0.478264 -0.019407
v -1.023993 0.429992 -0.051742
v -1.061529 0.468984 0.000540
v -1.030078 0.459106 0.005833
v -0.994274 0.444941 -0.021818
v -1.075425 0.481032 -0.017206
v -0.981886 0.441617 -0.043310
v -0.946632 0.432127 -0.049716
v -0.960310 0.436012 -0.039242
v -0.928770 0.428172 -0.048232
v 1.199186 0.257766 0.003194
v 1.210475 0.304253 0.018267
v 1.199655 0.257387 0.018267
v 1.209815 0.304311 0.000047
v 1.212158 0.335478 0.016695
v 1.195181 0.261248 -0.009187
v 1.211559 0.335468 -0.001388
v 1.204708 0.371148 0.016599
v 1.206066 0.304620 -0.017896
v 1.192954 0.264003 -0.021251
v 1.181584 0.318137 -0.043682
v 1.207567 0.335467 -0.021783
v 1.202571 0.373885 -0.002604
v 1.177865 0.407551 0.018267
v 1.200213 0.374560 -0.023559
v 1.179423 0.407498 -0.002799
v 1.153320 0.438787 0.018267
v 1.182227 0.408003 -0.023812
v 1.155210 0.438788 -0.003059
v 1.119949 0.476021 0.018267
v 1.159369 0.438792 -0.024385
v 1.121774 0.476122 -0.003383
v -0.166963 0.081674 -0.032948
v -0.153159 0.097488 -0.034837
v -0.159370 0.087321 -0.024746
v -0.157827 0.094370 -0.043461
v -0.130973 0.118854 -0.044149
v -0.173680 0.091391 -0.041190
v -0.178368 0.085576 0.018267
v -0.177708 0.116156 -0.020232
v -0.177782 0.086303 -0.029384
v -0.177708 0.116156 0.018267
v -0.177226 0.116550 -0.033261
v -0.204441 0.104535 -0.017159
v -0.207505 0.103524 0.018267
v -0.173855 0.119302 -0.044306
v -0.242379 0.088042 -0.012797
v -0.242379 0.088739 0.018267
v -0.206756 0.103931 -0.042173
v -0.245415 0.090910 -0.038167
v -0.212820 0.114117 -0.063913
v -0.190356 0.124137 -0.065344
v -0.247689 0.105132 -0.058995
v -0.174262 0.134198 -0.065650
v -0.282355 0.085531 -0.031971
v -0.294588 0.098131 -0.050627
v -0.165059 0.126303 -0.051816
v -0.163266 0.103707 -0.052124
v -0.138631 0.144902 -0.056819
v -0.141803 0.155118 -0.065810
v -0.135588 0.128435 -0.061858
v -0.132050 0.118876 -0.052746
v -0.100818 0.138121 -0.054648
v -0.100497 0.137404 -0.045897
v -0.103328 0.148687 -0.063966
v -0.068958 0.152749 -0.055094
v -0.068804 0.151868 -0.046172
v -0.105690 0.164552 -0.058227
v -0.107672 0.175885 -0.066274
v -0.070715 0.164141 -0.064906
v -0.031421 0.164324 -0.055159
v -0.031274 0.163315 -0.046206
v -0.072721 0.180459 -0.059586
v -0.074863 0.194399 -0.067515
v -0.033292 0.177095 -0.065916
v -0.035996 0.193932 -0.060522
v -0.038873 0.212308 -0.069207
v 0.008641 0.203803 -0.059115
v 0.004995 0.228784 -0.070699
v 0.015915 0.185725 -0.067110
v 0.047077 0.208465 -0.057836
v 0.045617 0.238870 -0.071895
v 0.020588 0.167569 -0.054776
v 0.020958 0.166103 -0.046206
v 0.056680 0.185105 -0.067706
v 0.064260 0.155986 -0.054503
v 0.064909 0.153523 -0.046206
v 0.076621 0.180669 -0.067731
v 0.086566 0.139380 -0.054598
v 0.088528 0.137862 -0.046206
v 0.103713 0.147546 -0.055863
v 0.104222 0.145352 -0.046130
v 0.104073 0.173303 -0.066653
v 0.132474 0.145369 -0.054506
v 0.131325 0.144319 -0.043782
v 0.097177 0.186979 -0.063310
v 0.166276 0.125319 -0.038466
v 0.162238 0.125441 -0.030427
v 0.141743 0.159950 -0.061218
v 0.139850 0.172553 -0.058610
v 0.082646 0.207774 -0.057692
v 0.087281 0.240913 -0.074386
v 0.127600 0.200041 -0.054550
v 0.149621 0.235743 -0.078606
v 0.149149 0.194558 -0.037378
v 0.182469 0.204806 -0.024516
v 0.163577 0.163626 -0.040052
v 0.171030 0.186880 -0.012108
v 0.205912 0.182023 0.018267
v 0.182455 0.181291 0.018267
v 0.177867 0.139940 -0.041993
v 0.181744 0.156527 -0.015357
v 0.190480 0.152176 0.018267
v 0.190083 0.108557 -0.014243
v 0.182869 0.111711 -0.008699
v 0.191661 0.105668 0.018267
v 0.207066 0.096311 0.018267
v 0.202420 0.123674 -0.017954
v 0.221003 0.110418 0.018267
v 0.164066 0.163300 0.018267
v 0.182869 0.111711 -0.008699
v 0.191661 0.105668 0.018267
v 0.154998 0.169326 -0.011870
v 0.162238 0.125441 -0.030427
v 0.135074 0.179324 0.018267
v 0.134409 0.179803 -0.036782
v 0.131325 0.144319 -0.043782
v 0.102429 0.188287 0.018267
v 0.104222 0.145352 -0.046130
v 0.102429 0.188287 -0.043893
v 0.088528 0.137862 -0.046206
v 0.042437 0.199291 0.018267
v 0.064909 0.153523 -0.046206
v 0.042437 0.199291 -0.043961
v -0.037923 0.203564 0.018267
v 0.020958 0.166103 -0.046206
v -0.037923 0.203564 -0.044246
v -0.031274 0.163315 -0.046206
v -0.089404 0.185765 0.018267
v -0.068804 0.151868 -0.046172
v -0.089404 0.185765 -0.045090
v -0.100497 0.137404 -0.045897
v -0.144211 0.155239 -0.042320
v -0.130973 0.118854 -0.044149
v -0.143715 0.155056 0.018267
v -0.153159 0.097488 -0.034837
v -0.165692 0.136650 -0.028887
v -0.159370 0.087321 -0.024746
v -0.167780 0.133943 -0.017773
v -0.168079 0.133556 0.018267
v -0.161645 0.083149 -0.014710
v -0.161970 0.082553 0.018267
v -0.824375 0.095911 0.050528
v -0.827080 0.071672 0.072044
v -0.786501 0.107260 0.071021
v -0.766168 0.072322 0.088087
v -0.760300 0.115685 0.068928
v -0.739717 0.085574 0.087951
v -0.713458 0.129362 0.064346
v -0.703322 0.097253 0.088633
v -0.657094 0.106658 0.090143
v -0.653644 0.148755 0.058950
v -0.624466 0.109699 0.090458
v -0.626855 0.061168 0.075083
v -0.612424 0.165193 0.057029
v -0.590440 0.143461 0.056556
v -0.598790 0.100820 0.090202
v -0.600823 0.066549 0.074391
v -0.567519 0.122748 0.056208
v -0.571346 0.092435 0.086558
v -0.552454 0.112481 0.055930
v -0.543452 0.084996 0.083590
v -0.542745 0.106601 0.055452
v -0.529471 0.101142 0.055563
v -0.352391 0.114993 0.025283
v -0.384814 0.097756 0.038200
v -0.377857 0.089510 0.046344
v -0.357563 0.098153 0.029601
v -0.373478 0.081230 0.041883
v -0.355528 0.098733 0.018267
v -0.350499 0.116502 0.018267
v -0.366100 0.073451 0.018267
v -1.881809 0.464010 0.063356
v -1.935738 0.471176 0.064631
v -1.914811 0.446668 0.089065
v -1.856050 0.437418 0.076566
v -1.874464 0.458553 0.055242
v -1.869156 0.443355 0.084100
v -1.890351 0.418384 0.106573
v -1.849682 0.415053 0.101356
v -1.829922 0.412782 0.090763
v -1.857609 0.383872 0.118130
v -1.827748 0.392932 0.107832
v -1.799171 0.391160 0.097581
v -1.838697 0.361072 0.127606
v -1.803761 0.369324 0.114289
v -1.754732 0.373586 0.097362
v -1.791838 0.352300 0.121334
v -1.806888 0.350709 0.129167
v -1.845942 0.358692 0.135362
v -1.861872 0.358602 0.145574
v -1.884848 0.358140 0.157739
v -1.780730 0.326292 0.134887
v -1.867496 0.333171 0.137271
v -1.724665 0.298570 0.130180
v -1.692092 0.361566 0.094842
v -1.803465 0.309885 0.132666
v -1.859105 0.286155 0.112661
v -1.757371 0.272257 0.125271
v -1.787997 0.246820 0.120457
v -1.823076 0.214123 0.114762
v -1.872549 0.228210 0.092229
v -1.898461 0.160086 0.084952
v -1.740601 0.211583 0.081896
v -1.875121 0.138625 0.106949
v -1.917921 0.095278 0.080319
v -1.780250 0.176670 0.086859
v -1.815185 0.126956 0.093226
v -1.899367 0.086800 0.103292
v -1.800687 0.121755 0.075576
v -1.769215 0.174503 0.075576
v -1.739285 0.204751 0.075576
v -1.698886 0.234580 0.075576
v -1.813216 0.098609 0.092722
v -1.801064 0.100323 0.075576
v -1.702201 0.239312 0.078733
v -1.615790 0.276713 0.077707
v -1.601453 0.325492 0.112336
v -1.608857 0.365277 0.092264
v -1.538253 0.309969 0.082180
v -1.532508 0.373175 0.090976
v -1.513590 0.347472 0.104791
v -1.444910 0.345367 0.088610
v -1.458021 0.383911 0.090379
v -1.452001 0.362769 0.101963
v -1.398651 0.360708 0.090160
v -1.399774 0.395548 0.089380
v -1.389963 0.377300 0.099672
v -1.339506 0.388518 0.098415
v -1.330142 0.412667 0.087863
v -1.323739 0.382190 0.092424
v -1.293552 0.413955 0.089737
v -1.270540 0.405013 0.096727
v -1.264702 0.398158 0.092943
v -1.209394 0.418942 0.093352
v -1.186565 0.413469 0.089793
v -1.782355 0.080290 0.089315
v -1.777955 0.089748 0.075576
v -1.730514 0.083588 0.087212
v -1.731626 0.093239 0.075576
v -1.653712 0.110547 0.075576
v -1.652134 0.102574 0.086689
v -1.572047 0.134302 0.075576
v -1.571612 0.126389 0.085861
v -1.578317 0.091517 0.073895
v -1.528203 0.105567 0.072051
v -1.507280 0.155118 0.075576
v -1.504133 0.147640 0.084459
v -1.436059 0.176613 0.071392
v -1.507052 0.107283 0.070805
v -1.426617 0.169543 0.080115
v -1.369375 0.195060 0.062352
v -1.369603 0.184910 0.075757
v -1.318070 0.207717 0.058804
v -1.465655 0.091565 0.045970
v -1.313073 0.197825 0.068347
v -1.365662 0.162236 0.051622
v -1.413600 0.132496 0.048968
v -1.454150 0.079445 0.018267
v -1.401512 0.120120 0.018267
v -1.357037 0.148720 0.018267
v -1.319886 0.182958 0.048955
v -1.316417 0.170981 0.018267
v -1.301467 0.187910 0.044660
v -1.292183 0.181284 0.018267
v -1.283333 0.201325 0.057556
v -1.267835 0.218969 0.044855
v -1.260690 0.201327 0.041593
v -1.242353 0.200217 0.018267
v -1.245331 0.223111 0.032725
v -1.230427 0.225352 0.018267
v -0.946632 0.432127 0.086250
v -0.928770 0.428172 0.084766
v -0.960310 0.436012 0.075776
v -0.981886 0.441617 0.079844
v -1.023993 0.429992 0.088277
v -0.994274 0.444941 0.058352
v -1.075425 0.481032 0.053740
v -1.103364 0.478264 0.055941
v -1.105534 0.428405 0.091842
v -1.061529 0.468984 0.035994
v -1.030078 0.459106 0.030701
v -1.155318 0.473304 0.059673
v -1.184799 0.427868 0.096639
v -1.223347 0.468763 0.063276
v -1.155324 0.457382 0.018267
v -1.227298 0.453600 0.018267
v -1.308969 0.430423 0.100232
v -1.308875 0.467403 0.065987
v -1.308847 0.453922 0.018267
v -1.396229 0.458028 0.018267
v -1.403976 0.469660 0.066576
v -1.413025 0.435768 0.098684
v -1.461670 0.473437 0.064545
v -1.479287 0.440655 0.094575
v -1.520468 0.480255 0.055714
v -1.540789 0.447738 0.084811
v 1.210475 0.304253 0.018267
v 1.199186 0.257766 0.033340
v 1.199655 0.257387 0.018267
v 1.209815 0.304311 0.036487
v 1.195181 0.261248 0.045721
v 1.212158 0.335478 0.019839
v 1.206066 0.304620 0.054430
v 1.192954 0.264003 0.057785
v 1.181584 0.318137 0.080216
v 1.211559 0.335468 0.037923
v 1.204708 0.371148 0.019935
v 1.207567 0.335467 0.058317
v 1.202571 0.373885 0.039138
v 1.177865 0.407551 0.018267
v 1.200213 0.374560 0.060093
v 1.179423 0.407498 0.039334
v 1.153320 0.438787 0.018267
v 1.182227 0.408003 0.060346
v 1.155210 0.438788 0.039593
v 1.119949 0.476021 0.018267
v 1.159369 0.438792 0.060919
v 1.121774 0.476122 0.039917
v -0.159370 0.087321 0.061280
v -0.153159 0.097488 0.071372
v -0.166963 0.081674 0.069483
v -0.177708 0.116156 0.056767
v -0.178368 0.085576 0.018267
v -0.177782 0.086303 0.065918
v -0.177708 0.116156 0.018267
v -0.157827 0.094370 0.079995
v -0.130973 0.118854 0.080683
v -0.173680 0.091391 0.077724
v -0.177226 0.116550 0.069796
v -0.204441 0.104535 0.053693
v -0.207505 0.103524 0.018267
v -0.173855 0.119302 0.080840
v -0.242379 0.088042 0.049331
v -0.242379 0.088739 0.018267
v -0.206756 0.103931 0.078707
v -0.245415 0.090910 0.074701
v -0.212820 0.114117 0.100447
v -0.190356 0.124137 0.101878
v -0.247689 0.105132 0.095529
v -0.174262 0.134198 0.102185
v -0.282355 0.085531 0.068505
v -0.294588 0.098131 0.087162
v -0.165059 0.126303 0.088350
v -0.138631 0.144902 0.093354
v -0.141803 0.155118 0.102344
v -0.163266 0.103707 0.088658
v -0.135588 0.128435 0.098393
v -0.132050 0.118876 0.089280
v -0.100818 0.138121 0.091183
v -0.100497 0.137404 0.082431
v -0.103328 0.148687 0.100500
v -0.068958 0.152749 0.091628
v -0.068804 0.151868 0.082706
v -0.105690 0.164552 0.094761
v -0.107672 0.175885 0.102809
v -0.070715 0.164141 0.101441
v -0.072721 0.180459 0.096121
v -0.074863 0.194399 0.104049
v -0.031421 0.164324 0.091693
v -0.031274 0.163315 0.082740
v -0.033292 0.177095 0.102450
v -0.035996 0.193932 0.097056
v -0.038873 0.212308 0.105741
v 0.008641 0.203803 0.095649
v 0.004995 0.228784 0.107234
v 0.015915 0.185725 0.103644
v 0.020588 0.167569 0.091311
v 0.020958 0.166103 0.082740
v 0.047077 0.208465 0.094370
v 0.045617 0.238870 0.108430
v 0.056680 0.185105 0.104240
v 0.064260 0.155986 0.091037
v 0.064909 0.153523 0.082740
v 0.076621 0.180669 0.104266
v 0.086566 0.139380 0.091132
v 0.088528 0.137862 0.082740
v 0.097177 0.186979 0.099844
v 0.103713 0.147546 0.092397
v 0.104222 0.145352 0.082664
v 0.104073 0.173303 0.103188
v 0.132474 0.145369 0.091040
v 0.131325 0.144319 0.080316
v 0.166276 0.125319 0.075000
v 0.162238 0.125441 0.066961
v 0.141743 0.159950 0.097752
v 0.139850 0.172553 0.095144
v 0.177867 0.139940 0.078528
v 0.190083 0.108557 0.050777
v 0.182869 0.111711 0.045233
v 0.191661 0.105668 0.018267
v 0.207066 0.096311 0.018267
v 0.202420 0.123674 0.054488
v 0.221003 0.110418 0.018267
v 0.190480 0.152176 0.018267
v 0.181744 0.156527 0.051891
v 0.182455 0.181291 0.018267
v 0.163577 0.163626 0.076587
v 0.171030 0.186880 0.048643
v 0.205912 0.182023 0.018267
v 0.182469 0.204806 0.061050
v 0.149149 0.194558 0.073912
v 0.149621 0.235743 0.115140
v 0.127600 0.200041 0.091084
v 0.087281 0.240913 0.110920
v 0.082646 0.207774 0.094226
v -0.168079 0.133556 0.018267
v -0.161645 0.083149 0.051244
v -0.161970 0.082553 0.018267
v -0.167780 0.133943 0.054307
v -0.159370 0.087321 0.061280
v -0.143715 0.155056 0.018267
v -0.165692 0.136650 0.065421
v -0.153159 0.097488 0.071372
v -0.144211 0.155239 0.078854
v -0.130973 0.118854 0.080683
v -0.089404 0.185765 0.018267
v -0.100497 0.137404 0.082431
v -0.089404 0.185765 0.081624
v -0.068804 0.151868 0.082706
v -0.037923 0.203564 0.080780
v -0.031274 0.163315 0.082740
v -0.037923 0.203564 0.018267
v 0.020958 0.166103 0.082740
v 0.042437 0.199291 0.080495
v 0.042437 0.199291 0.018267
v 0.064909 0.153523 0.082740
v 0.102429 0.188287 0.080427
v 0.088528 0.137862 0.082740
v 0.102429 0.188287 0.018267
v 0.104222 0.145352 0.082664
v 0.134409 0.179803 0.073316
v 0.131325 0.144319 0.080316
v 0.135074 0.179324 0.018267
v 0.162238 0.125441 0.066961
v 0.154998 0.169326 0.048404
v 0.164066 0.163300 0.018267
v 0.182869 0.111711 0.045233
v 0.191661 0.105668 0.018267
v 0.975926 0.416641 -0.069892
v 1.048477 0.416760 -0.061783
v 1.044442 0.395875 -0.060078
v 0.976017 0.425544 -0.067886
v 0.924634 0.424333 -0.072648
v 1.036151 0.436111 -0.062463
v 0.924570 0.433454 -0.068450
v 0.857039 0.427773 -0.073676
v 0.976041 0.433973 -0.065751
v 0.976022 0.450665 -0.061472
v 1.008693 0.453876 -0.059297
v 0.976092 0.465704 -0.054775
v 0.924508 0.442105 -0.064845
v 0.857036 0.438818 -0.067676
v 0.782131 0.428950 -0.074813
v 0.924409 0.458162 -0.059612
v 0.857034 0.448946 -0.062830
v 0.782130 0.441887 -0.066935
v 0.711120 0.429249 -0.076153
v 0.857035 0.465133 -0.058183
v 0.782118 0.453670 -0.060670
v 0.711120 0.443242 -0.065958
v 0.631153 0.429259 -0.077199
v 0.711127 0.456056 -0.058005
v 0.782130 0.471954 -0.055401
v 0.631150 0.443835 -0.064303
v 0.540471 0.429259 -0.077467
v 0.631150 0.457557 -0.054560
v 0.540457 0.457393 -0.052703
v 0.540473 0.443870 -0.062300
v 0.468022 0.429259 -0.077467
v 0.468021 0.456658 -0.049241
v 0.468018 0.444157 -0.059967
v 0.419450 0.429259 -0.077467
v 0.419449 0.444250 -0.058534
v 0.374036 0.429259 -0.077467
v 0.419449 0.457205 -0.047049
v 0.374036 0.444321 -0.057303
v 0.323627 0.429259 -0.077467
v 0.323628 0.444411 -0.056046
v 0.186335 0.462500 0.075645
v 0.248834 0.444553 0.090893
v 0.248837 0.461906 0.076880
v 0.323633 0.461157 0.079006
v 0.177441 0.444632 0.089985
v 0.177442 0.429259 0.114002
v -0.008519 0.444676 0.089990
v -0.008577 0.429259 0.114002
v 0.248833 0.429259 0.114002
v -0.151657 0.444788 0.090176
v -0.201948 0.429259 0.114002
v 0.323628 0.444411 0.092580
v 0.374037 0.460293 0.080922
v 0.323627 0.429259 0.114002
v -0.331317 0.445346 0.091074
v -0.151634 0.462809 0.075938
v -0.331315 0.429299 0.113976
v 0.374036 0.444321 0.093837
v 0.374036 0.429259 0.114002
v 0.419449 0.457205 0.083583
v 0.419449 0.444250 0.095068
v 0.419450 0.429259 0.114002
v 0.468021 0.456658 0.085775
v 0.468018 0.444157 0.096501
v 0.468022 0.429259 0.114002
v 0.540473 0.443870 0.098834
v 0.540457 0.457393 0.089238
v 0.540471 0.429259 0.114002
v 0.631150 0.443835 0.100837
v 0.631150 0.457557 0.091094
v 0.631153 0.429259 0.113733
v 0.711127 0.456056 0.094539
v 0.711120 0.443242 0.102492
v 0.711120 0.429249 0.112687
v 0.782118 0.453670 0.097205
v 0.782130 0.471954 0.091936
v 0.782130 0.441887 0.103469
v 0.782131 0.428950 0.111347
v 0.857035 0.465133 0.094717
v 0.857034 0.448946 0.099364
v 0.924409 0.458162 0.096146
v 0.857036 0.438818 0.104210
v 0.857039 0.427773 0.110210
v 0.924508 0.442105 0.101379
v 0.924570 0.433454 0.104984
v 0.924634 0.424333 0.109182
v 0.976022 0.450665 0.098006
v 0.976092 0.465704 0.091309
v 1.008693 0.453876 0.095831
v 1.036151 0.436111 0.098997
v 0.976041 0.433973 0.102286
v 0.976017 0.425544 0.104420
v 1.048477 0.416760 0.098317
v 0.975926 0.416641 0.106426
v 1.044442 0.395875 0.096612
v 1.027185 0.467530 -0.065326
v 1.036151 0.436111 -0.062463
v 1.008693 0.453876 -0.059297
v 1.061471 0.441000 -0.065402
v 1.048477 0.416760 -0.061783
v 1.074285 0.412109 -0.063913
v 1.044442 0.395875 -0.060078
v 1.067772 0.385549 -0.061487
v 1.079964 0.445934 -0.046849
v 1.035572 0.478039 -0.049936
v 1.107116 0.415549 -0.043780
v 1.118564 0.381895 -0.041851
v 1.098962 0.463295 -0.050874
v 1.135001 0.433109 -0.047787
v 1.107496 0.472720 -0.039852
v 1.113170 0.477067 -0.037629
v 1.159369 0.438792 -0.024385
v 1.150030 0.435249 -0.037542
v 1.182227 0.408003 -0.023812
v 1.163566 0.400721 -0.044561
v 1.172486 0.406199 -0.035776
v 1.200213 0.374560 -0.023559
v 1.124251 0.365163 -0.041653
v 1.191481 0.368041 -0.035074
v 1.207567 0.335467 -0.021783
v 1.178694 0.361314 -0.042955
v 1.136478 0.345785 -0.042233
v 1.156846 0.332032 -0.042809
v 1.196236 0.335468 -0.034799
v 1.206066 0.304620 -0.017896
v 1.181584 0.318137 -0.043682
v 1.181660 0.332369 -0.043370
v 1.036151 0.436111 0.098997
v 1.027185 0.467530 0.101860
v 1.008693 0.453876 0.095831
v 1.061471 0.441000 0.101936
v 1.048477 0.416760 0.098317
v 1.074285 0.412109 0.100447
v 1.044442 0.395875 0.096612
v 1.067772 0.385549 0.098021
v 1.079964 0.445934 0.083383
v 1.035572 0.478039 0.086470
v 1.107116 0.415549 0.080314
v 1.118564 0.381895 0.078385
v 1.098962 0.463295 0.087409
v 1.135001 0.433109 0.084321
v 1.107496 0.472720 0.076386
v 1.113170 0.477067 0.074163
v 1.150030 0.435249 0.074076
v 1.159369 0.438792 0.060919
v 1.182227 0.408003 0.060346
v 1.163566 0.400721 0.081095
v 1.172486 0.406199 0.072310
v 1.200213 0.374560 0.060093
v 1.124251 0.365163 0.078187
v 1.191481 0.368041 0.071608
v 1.207567 0.335467 0.058317
v 1.178694 0.361314 0.079489
v 1.136478 0.345785 0.078767
v 1.156846 0.332032 0.079343
v 1.196236 0.335468 0.071334
v 1.206066 0.304620 0.054430
v 1.181584 0.318137 0.080216
v 1.181660 0.332369 0.079904
v -0.543611 0.443717 -0.074061
v -0.584891 0.452264 -0.073363
v -0.542132 0.463508 -0.063833
v -0.515165 0.438950 -0.074710
v -0.478995 0.454021 -0.061406
v -0.478967 0.434614 -0.075512
v -0.428145 0.448972 -0.058685
v -0.428094 0.431045 -0.076555
v -0.374230 0.429527 -0.077295
v -0.428190 0.466922 -0.045364
v -0.374259 0.446144 -0.055700
v -0.331315 0.429299 -0.077442
v -0.374294 0.464178 -0.042144
v -0.331317 0.445346 -0.054539
v -0.201948 0.429259 -0.077467
v -0.201949 0.444828 -0.053708
v -0.008577 0.429259 -0.077467
v -0.329957 0.464340 -0.039218
v -0.201949 0.463234 -0.039466
v -0.008431 0.461600 -0.039228
v -0.008519 0.444676 -0.053456
v 0.177442 0.429259 -0.077467
v 0.177441 0.444632 -0.053451
v 0.177442 0.462500 -0.039110
v 0.248837 0.461906 -0.040346
v 0.248834 0.444553 -0.054358
v 0.248833 0.429259 -0.077467
v 0.323633 0.461157 -0.042472
v 0.374037 0.460293 -0.044388
v -0.584891 0.452264 0.109898
v -0.543611 0.443717 0.110595
v -0.542132 0.463508 0.100368
v -0.515165 0.438950 0.111244
v -0.478995 0.454021 0.097941
v -0.478967 0.434614 0.112046
v -0.428145 0.448972 0.095219
v -0.428094 0.431045 0.113089
v -0.374230 0.429527 0.113829
v -0.428190 0.466922 0.081899
v -0.374294 0.464178 0.078678
v -0.331327 0.463649 0.076934
v -0.374259 0.446144 0.092235
v -0.638721 0.251751 -0.028980
v -0.619529 0.231052 -0.039340
v -0.619461 0.230923 -0.029093
v -0.638878 0.251657 -0.039501
v -0.627730 0.254019 -0.046377
v -0.629242 0.275722 -0.054265
v -0.648734 0.269248 -0.039508
v -0.648528 0.269251 -0.028980
v -0.656549 0.288594 -0.028981
v -0.656841 0.288845 -0.039371
v -0.659274 0.309135 -0.028981
v -0.639374 0.285222 -0.050164
v -0.659740 0.309378 -0.039180
v -0.659315 0.324809 -0.029093
v -0.659959 0.325537 -0.039513
v -0.647677 0.296186 -0.044932
v -0.654227 0.309761 -0.041648
v -0.649378 0.320512 -0.039313
v -0.659315 0.324809 -0.029093
v -0.649409 0.320362 -0.028981
v -0.633756 0.315036 -0.039326
v -0.633508 0.314866 -0.028981
v -0.614415 0.312335 -0.039336
v -0.612869 0.312018 -0.028981
v -0.614755 0.283714 -0.051147
v -0.586094 0.314978 -0.039340
v -0.586590 0.314799 -0.028851
v -0.564196 0.317356 -0.028806
v -0.601215 0.289453 -0.048044
v -0.615252 0.265425 -0.039412
v -0.627730 0.254019 -0.046377
v -0.607109 0.272723 -0.039400
v -0.620090 0.252592 -0.039363
v -0.619529 0.231052 -0.039340
v -0.620285 0.252598 -0.028980
v -0.619461 0.230923 -0.029093
v -0.615451 0.265648 -0.028980
v -0.607369 0.273027 -0.028981
v -0.595187 0.278364 -0.028981
v -0.594952 0.278133 -0.039357
v -0.582131 0.280019 -0.028981
v -0.582618 0.293513 -0.046325
v -0.581899 0.279871 -0.039318
v -0.571017 0.277578 -0.039305
v -0.570561 0.277548 -0.028974
v -0.564355 0.294606 -0.046054
v -0.564172 0.317249 -0.039349
v -0.552981 0.282649 -0.041143
v -0.544395 0.317300 -0.039384
v -0.544278 0.317375 -0.028807
v -0.551148 0.293950 -0.046175
v -0.525095 0.311553 -0.039563
v -0.525032 0.311588 -0.028811
v -0.506594 0.300362 -0.028822
v -0.532163 0.291031 -0.046275
v -0.506670 0.300448 -0.040073
v -0.487864 0.278192 -0.028851
v -0.488641 0.278791 -0.041579
v -0.512580 0.286306 -0.044979
v -0.538606 0.281798 -0.041809
v -0.519910 0.274567 -0.041825
v -0.503272 0.263495 -0.041088
v -0.487864 0.278192 -0.028851
v -0.502964 0.263207 -0.028844
v -0.525005 0.252695 -0.039645
v -0.524789 0.252394 -0.028814
v -0.536155 0.265440 -0.039922
v -0.544860 0.245793 -0.039177
v -0.544912 0.245702 -0.028806
v -0.550086 0.255848 -0.028806
v -0.544912 0.245702 -0.028806
v -0.549938 0.255941 -0.039273
v -0.555530 0.264746 -0.028806
v -0.555474 0.264869 -0.039295
v -0.546602 0.276071 -0.040233
v -0.561884 0.272063 -0.039304
v -0.561894 0.272257 -0.028733
v -0.620285 0.252598 0.065515
v -0.619529 0.231052 0.075875
v -0.619461 0.230923 0.065627
v -0.620090 0.252592 0.075897
v -0.627730 0.254019 0.082911
v -0.615252 0.265425 0.075947
v -0.615451 0.265648 0.065515
v -0.607369 0.273027 0.065515
v -0.629242 0.275722 0.090799
v -0.607109 0.272723 0.075934
v -0.595187 0.278364 0.065515
v -0.614755 0.283714 0.087681
v -0.594952 0.278133 0.075892
v -0.582131 0.280019 0.065515
v -0.601215 0.289453 0.084578
v -0.581899 0.279871 0.075852
v -0.614415 0.312335 0.075870
v -0.582618 0.293513 0.082859
v -0.571017 0.277578 0.075840
v -0.570561 0.277548 0.065508
v -0.586094 0.314978 0.075874
v -0.564355 0.294606 0.082588
v -0.561884 0.272063 0.075838
v -0.561894 0.272257 0.065268
v -0.555530 0.264746 0.065340
v -0.552981 0.282649 0.077677
v -0.555474 0.264869 0.075830
v -0.546602 0.276071 0.076767
v -0.549938 0.255941 0.075807
v -0.550086 0.255848 0.065340
v -0.536155 0.265440 0.076456
v -0.544860 0.245793 0.075711
v -0.544912 0.245702 0.065340
v -0.524789 0.252394 0.065348
v -0.544912 0.245702 0.065340
v -0.525005 0.252695 0.076180
v -0.502964 0.263207 0.065378
v -0.538606 0.281798 0.078343
v -0.519910 0.274567 0.078359
v -0.503272 0.263495 0.077622
v -0.487864 0.278192 0.065385
v -0.488641 0.278791 0.078113
v -0.512580 0.286306 0.081513
v -0.532163 0.291031 0.082809
v -0.551148 0.293950 0.082709
v -0.506670 0.300448 0.076607
v -0.487864 0.278192 0.065385
v -0.506594 0.300362 0.065356
v -0.525095 0.311553 0.076097
v -0.525032 0.311588 0.065345
v -0.544278 0.317375 0.065341
v -0.544395 0.317300 0.075918
v -0.564196 0.317356 0.065340
v -0.564172 0.317249 0.075883
v -0.586590 0.314799 0.065386
v -0.612869 0.312018 0.065515
v -0.633508 0.314866 0.065515
v -0.633756 0.315036 0.075860
v -0.649409 0.320362 0.065515
v -0.639374 0.285222 0.086698
v -0.649378 0.320512 0.075848
v -0.659315 0.324809 0.065627
v -0.659959 0.325537 0.076048
v -0.654227 0.309761 0.078182
v -0.647677 0.296186 0.081466
v -0.659740 0.309378 0.075714
v -0.659315 0.324809 0.065627
v -0.659274 0.309135 0.065515
v -0.656841 0.288845 0.075905
v -0.656549 0.288594 0.065515
v -0.648734 0.269248 0.076042
v -0.648528 0.269251 0.065515
v -0.638721 0.251751 0.065515
v -0.638878 0.251657 0.076036
v -0.627730 0.254019 0.082911
v -0.619529 0.231052 0.075875
v -0.619461 0.230923 0.065627
v 1.083318 0.280159 -0.051863
v 1.100330 0.244609 -0.036227
v 1.083728 0.256354 -0.027315
v 1.103187 0.274431 -0.064500
v 1.100584 0.287732 -0.071761
v 1.078734 0.290894 -0.057314
v 1.141884 0.271859 -0.057513
v 1.143307 0.245071 -0.034009
v 1.087367 0.313014 -0.081158
v 1.068329 0.310112 -0.058109
v 1.050945 0.329136 -0.057819
v 1.184021 0.268000 -0.048603
v 1.188536 0.250730 -0.030809
v 1.145552 0.307442 -0.069053
v 1.226809 0.269626 -0.041493
v 1.227872 0.258829 -0.028659
v 1.296147 0.276607 -0.023719
v 1.183225 0.292791 -0.060032
v 1.228100 0.282136 -0.048538
v 1.234884 0.294807 -0.032148
v 1.181584 0.318137 -0.043682
v 1.156846 0.332032 -0.042809
v 1.120405 0.321938 -0.074590
v 1.136478 0.345785 -0.042233
v 1.104264 0.337606 -0.077111
v 1.068400 0.336610 -0.087086
v 1.100895 0.351583 -0.074867
v 1.124251 0.365163 -0.041653
v 1.051616 0.357168 -0.087681
v 1.029641 0.348805 -0.059876
v 1.102808 0.362897 -0.069275
v 1.042111 0.375294 -0.084446
v 1.007627 0.369216 -0.058661
v 1.022295 0.379195 -0.058358
v 1.106175 0.368379 -0.063227
v 1.118564 0.381895 -0.041851
v 1.067772 0.385549 -0.061487
v 1.041362 0.384519 -0.076231
v 1.044442 0.395875 -0.060078
v 1.083318 0.280159 0.088397
v 1.083728 0.256354 0.063849
v 1.100330 0.244609 0.072762
v 1.103187 0.274431 0.101035
v 1.100584 0.287732 0.108295
v 1.078734 0.290894 0.093848
v 1.141884 0.271859 0.094048
v 1.143307 0.245071 0.070544
v 1.087367 0.313014 0.117693
v 1.068329 0.310112 0.094643
v 1.050945 0.329136 0.094353
v 1.184021 0.268000 0.085137
v 1.188536 0.250730 0.067343
v 1.145552 0.307442 0.105587
v 1.226809 0.269626 0.078027
v 1.227872 0.258829 0.065193
v 1.296147 0.276607 0.060253
v 1.228100 0.282136 0.085073
v 1.234884 0.294807 0.068682
v 1.183225 0.292791 0.096566
v 1.181584 0.318137 0.080216
v 1.156846 0.332032 0.079343
v 1.120405 0.321938 0.111124
v 1.136478 0.345785 0.078767
v 1.104264 0.337606 0.113645
v 1.068400 0.336610 0.123621
v 1.100895 0.351583 0.111401
v 1.124251 0.365163 0.078187
v 1.051616 0.357168 0.124216
v 1.029641 0.348805 0.096410
v 1.102808 0.362897 0.105809
v 1.042111 0.375294 0.120980
v 1.007627 0.369216 0.095196
v 1.022295 0.379195 0.094892
v 1.106175 0.368379 0.099762
v 1.118564 0.381895 0.078385
v 1.067772 0.385549 0.098021
v 1.041362 0.384519 0.112765
v 1.044442 0.395875 0.096612
v 1.821072 0.355464 0.014227
v 1.821520 0.355101 0.018267
v 1.834261 0.359056 0.018267
v -0.151350 0.436896 0.101806
v -0.161377 0.468182 0.099064
v -0.175981 0.447637 0.087611
v -0.142595 0.449512 0.112342
v -0.134488 0.431656 0.109484
v -0.134023 0.456538 0.104596
v -0.152121 0.475877 0.088901
v -0.130808 0.443478 0.117546
v -0.122941 0.449794 0.110904
v -0.110703 0.429590 0.112615
v -0.110918 0.441165 0.119563
v -0.104343 0.447160 0.113394
v 0.138577 0.442670 0.117909
v 0.134575 0.448609 0.111848
v 0.143699 0.430893 0.111299
v 0.151223 0.451666 0.109249
v 0.156735 0.445505 0.115434
v 0.162895 0.432352 0.109664
v 0.189922 0.440494 0.101328
v 0.194895 0.478481 0.094125
v 0.218788 0.451172 0.091708
v 0.214283 0.468958 0.092978
v 0.251861 0.456071 0.084557
v -1.949619 0.111850 -0.037040
v -1.898461 0.160086 -0.048417
v -1.917921 0.095278 -0.043784
v -1.974671 0.035326 -0.001404
v -1.993310 0.124777 0.018267
v -1.989191 0.124709 -0.001040
v -1.941016 0.198849 -0.044307
v -1.872549 0.228210 -0.055695
v -1.978531 0.120879 -0.017547
v -1.927753 0.286467 -0.048206
v -1.847806 0.282176 -0.061369
v -1.979740 0.219941 -0.025970
v -1.902959 0.362898 -0.049723
v -1.840986 0.312824 -0.064704
v -1.842027 0.330874 -0.063474
v -1.861360 0.360508 -0.058557
v -1.891638 0.393891 -0.050228
v -1.966279 0.320320 -0.028953
v -1.995961 0.229089 -0.001277
v -2.000000 0.230891 0.018267
v -1.939952 0.403522 -0.029416
v -1.926951 0.437160 -0.029656
v -1.985229 0.334166 -0.001599
v -1.989819 0.336928 0.018267
v -1.959242 0.417981 -0.002630
v -1.941744 0.451580 -0.011277
v -1.967689 0.416500 0.018267
v -1.948799 0.450422 -0.001200
v -1.963002 0.429653 0.018267
v -1.955854 0.442061 0.008630
v -1.856050 0.437418 0.076566
v -1.854340 0.468191 0.046944
v -1.874464 0.458553 0.055242
v -1.837110 0.452553 0.069592
v -1.662710 0.462193 0.029974
v -1.636778 0.451440 0.044396
v -1.829922 0.412782 0.090763
v -1.809238 0.436598 0.089018
v -1.799171 0.391160 0.097581
v -1.770977 0.422156 0.099013
v -1.601511 0.440737 0.057926
v -1.754732 0.373586 0.097362
v -1.728044 0.410952 0.102001
v -1.692092 0.361566 0.094842
v -1.664085 0.401388 0.102318
v -1.544159 0.428024 0.075884
v -1.608857 0.365277 0.092264
v -1.595025 0.397466 0.100110
v -1.532508 0.373175 0.090976
v -1.523474 0.396300 0.097020
v -1.476978 0.420496 0.085676
v -1.458021 0.383911 0.090379
v -1.458081 0.398471 0.094015
v -1.400071 0.415977 0.087862
v -1.399774 0.395548 0.089380
v -1.397120 0.404459 0.091107
v -1.330142 0.412667 0.087863
v -1.854340 0.468191 -0.010410
v -1.856050 0.437418 -0.040032
v -1.874464 0.458553 -0.018708
v -1.662710 0.462193 0.006560
v -1.837110 0.452553 -0.033058
v -1.636778 0.451440 -0.007861
v -1.829922 0.412782 -0.054229
v -1.809238 0.436598 -0.052483
v -1.799171 0.391160 -0.061047
v -1.770977 0.422156 -0.062478
v -1.601511 0.440737 -0.021392
v -1.754732 0.373586 -0.060828
v -1.728044 0.410952 -0.065467
v -1.692092 0.361566 -0.058308
v -1.664085 0.401388 -0.065784
v -1.544159 0.428024 -0.039350
v -1.608857 0.365277 -0.055729
v -1.595025 0.397466 -0.063575
v -1.532508 0.373175 -0.054441
v -1.523474 0.396300 -0.060486
v -1.476978 0.420496 -0.049142
v -1.458021 0.383911 -0.053845
v -1.458081 0.398471 -0.057481
v -1.400071 0.415977 -0.051328
v -1.399774 0.395548 -0.052846
v -1.397120 0.404459 -0.054573
v -1.330142 0.412667 -0.051329
v -1.898461 0.160086 0.084952
v -1.949619 0.111850 0.073575
v -1.917921 0.095278 0.080319
v -1.993310 0.124777 0.018267
v -1.974671 0.035326 0.037938
v -1.989191 0.124709 0.037574
v -1.941016 0.198849 0.080841
v -1.872549 0.228210 0.092229
v -1.978531 0.120879 0.054081
v -1.927753 0.286467 0.084740
v -1.847806 0.282176 0.097903
v -1.979740 0.219941 0.062504
v -1.902959 0.362898 0.086258
v -1.840986 0.312824 0.101238
v -1.842027 0.330874 0.100008
v -1.861360 0.360508 0.095092
v -1.891638 0.393891 0.086762
v -1.966279 0.320320 0.065487
v -1.995961 0.229089 0.037811
v -2.000000 0.230891 0.018267
v -1.939952 0.403522 0.065950
v -1.926951 0.437160 0.066190
v -1.985229 0.334166 0.038134
v -1.989819 0.336928 0.018267
v -1.959242 0.417981 0.039164
v -1.941744 0.451580 0.047812
v -1.967689 0.416500 0.018267
v -1.948799 0.450422 0.037734
v -1.963002 0.429653 0.018267
v -1.955854 0.442061 0.027904
vt 0.50439453125 0.709228515625
vt 0.51025390625 0.709716796875
vt 0.50244140625 0.713623046875
vt 0.4853515625 0.716064453125
vt 0.486572265625 0.720947265625
vt 0.468017578125 0.720458984375
vt 0.45654296875 0.73193359375
vt 0.450439453125 0.72119140625
vt 0.433837890625 0.738525390625
vt 0.42529296875 0.7177734375
vt 0.420166015625 0.721923828125
vt 0.413330078125 0.7431640625
vt 0.40380859375 0.698974609375
vt 0.408935546875 0.694091796875
vt 0.404541015625 0.7294921875
vt 0.395263671875 0.745849609375
vt 0.392822265625 0.68310546875
vt 0.39892578125 0.67333984375
vt 0.380615234375 0.693359375
vt 0.390869140625 0.708984375
vt 0.388916015625 0.73388671875
vt 0.376708984375 0.71630859375
vt 0.367919921875 0.69970703125
vt 0.38134765625 0.747802734375
vt 0.39208984375 0.7572021484375
vt 0.37158203125 0.738037109375
vt 0.35888671875 0.72216796875
vt 0.3505859375 0.70458984375
vt 0.377197265625 0.7557373046875
vt 0.343017578125 0.7236328125
vt 0.337646484375 0.705810546875
vt 0.390625 0.7615966796875
vt 0.402587890625 0.767822265625
vt 0.390380859375 0.765869140625
vt 0.3759765625 0.7637939453125
vt 0.36328125 0.751953125
vt 0.361328125 0.7625732421875
vt 0.34716796875 0.73681640625
vt 0.347900390625 0.75
vt 0.34765625 0.762451171875
vt 0.33447265625 0.7626953125
vt 0.323974609375 0.74755859375
vt 0.323486328125 0.7655029296875
vt 0.322509765625 0.735595703125
vt 0.32080078125 0.724365234375
vt 0.317138671875 0.70654296875
vt 0.29296875 0.723876953125
vt 0.2880859375 0.706787109375
vt 0.294189453125 0.73291015625
vt 0.25830078125 0.726806640625
vt 0.255126953125 0.706787109375
vt 0.217041015625 0.705810546875
vt 0.293701171875 0.744873046875
vt 0.258056640625 0.741455078125
vt 0.2183837890625 0.73828125
vt 0.311279296875 0.758544921875
vt 0.291259765625 0.75048828125
vt 0.2890625 0.7679443359375
vt 0.311279296875 0.7730712890625
vt 0.324951171875 0.7786865234375
vt 0.334716796875 0.77734375
vt 0.3046875 0.783935546875
vt 0.3193359375 0.7867431640625
vt 0.28466796875 0.7818603515625
vt 0.333740234375 0.7886962890625
vt 0.26171875 0.78076171875
vt 0.3359375 0.7843017578125
vt 0.34521484375 0.7880859375
vt 0.25341796875 0.7628173828125
vt 0.2486572265625 0.7816162109375
vt 0.2337646484375 0.7747802734375
vt 0.22119140625 0.760009765625
vt 0.2392578125 0.7886962890625
vt 0.253662109375 0.7940673828125
vt 0.2359619140625 0.79443359375
vt 0.217041015625 0.7825927734375
vt 0.2122802734375 0.794189453125
vt 0.2181396484375 0.7698974609375
vt 0.2027587890625 0.7589111328125
vt 0.20166015625 0.7672119140625
vt 0.1953125 0.7806396484375
vt 0.1912841796875 0.795654296875
vt 0.181396484375 0.795166015625
vt 0.167724609375 0.793212890625
vt 0.1617431640625 0.779052734375
vt 0.1480712890625 0.791015625
vt 0.1700439453125 0.76513671875
vt 0.17138671875 0.7569580078125
vt 0.1328125 0.77783203125
vt 0.1287841796875 0.789794921875
vt 0.1405029296875 0.763916015625
vt 0.1409912109375 0.7557373046875
vt 0.10986328125 0.7772216796875
vt 0.10601806640625 0.7889404296875
vt 0.1112060546875 0.7637939453125
vt 0.113525390625 0.7557373046875
vt 0.08941650390625 0.7774658203125
vt 0.08758544921875 0.78955078125
vt 0.0927734375 0.76416015625
vt 0.097412109375 0.756103515625
vt 0.07000732421875 0.7769775390625
vt 0.068603515625 0.789306640625
vt 0.07366943359375 0.7640380859375
vt 0.08038330078125 0.7562255859375
vt 0.055267333984375 0.7747802734375
vt 0.047576904296875 0.787353515625
vt 0.05908203125 0.7625732421875
vt 0.06756591796875 0.75537109375
vt 0.09600830078125 0.745849609375
vt 0.07257080078125 0.746826171875
vt 0.0548095703125 0.7530517578125
vt 0.08941650390625 0.734619140625
vt 0.046875 0.7591552734375
vt 0.0531005859375 0.735595703125
vt 0.041015625 0.748291015625
vt 0.043121337890625 0.7701416015625
vt 0.0367431640625 0.77783203125
vt 0.026153564453125 0.7696533203125
vt 0.032684326171875 0.7523193359375
vt 0.0284423828125 0.761962890625
vt 0.0182037353515625 0.7607421875
vt 0.0130157470703125 0.75244140625
vt 0.01983642578125 0.7431640625
vt 0.00982666015625 0.747802734375
vt 0.0303802490234375 0.739990234375
vt 0.013427734375 0.737548828125
vt 0.006443023681640625 0.73291015625
vt 0.00749969482421875 0.725341796875
vt 0.020050048828125 0.7255859375
vt 0.00749969482421875 0.712646484375
vt 0.0181121826171875 0.712646484375
vt 0.05047607421875 0.713134765625
vt 0.05133056640625 0.724365234375
vt 0.06622314453125 0.7119140625
vt 0.06756591796875 0.7236328125
vt 0.08001708984375 0.7099609375
vt 0.070068359375 0.735107421875
vt 0.08233642578125 0.724365234375
vt 0.10955810546875 0.707275390625
vt 0.11016845703125 0.735107421875
vt 0.1412353515625 0.7353515625
vt 0.1417236328125 0.70556640625
vt 0.1744384765625 0.736328125
vt 0.1741943359375 0.705078125
vt 0.341796875 0.7752685546875
vt 0.353515625 0.772705078125
vt 0.356689453125 0.7864990234375
vt 0.367919921875 0.7713623046875
vt 0.369140625 0.796142578125
vt 0.3828125 0.7711181640625
vt 0.392333984375 0.7784423828125
vt 0.39892578125 0.77197265625
vt 0.418212890625 0.7786865234375
vt 0.41552734375 0.7730712890625
vt 0.430908203125 0.774169921875
vt 0.41845703125 0.7542724609375
vt 0.416748046875 0.7655029296875
vt 0.4375 0.749755859375
vt 0.459716796875 0.743408203125
vt 0.403076171875 0.7939453125
vt 0.434814453125 0.779052734375
vt 0.52001953125 0.7791748046875
vt 0.484619140625 0.7353515625
vt 0.517578125 0.72314453125
vt 0.434814453125 0.792236328125
vt 0.53466796875 0.71484375
vt 0.434814453125 0.7994384765625
vt 0.5712890625 0.724853515625
vt 0.5439453125 0.710693359375
vt 0.5537109375 0.70703125
vt 0.56982421875 0.700927734375
vt 0.591796875 0.713134765625
vt 0.595703125 0.709716796875
vt 0.603515625 0.741455078125
vt 0.61962890625 0.72802734375
vt 0.6259765625 0.723876953125
vt 0.61474609375 0.780517578125
vt 0.6416015625 0.739501953125
vt 0.65087890625 0.735595703125
vt 0.6328125 0.755859375
vt 0.67431640625 0.754638671875
vt 0.67236328125 0.745849609375
vt 0.67138671875 0.7373046875
vt 0.66357421875 0.73291015625
vt 0.67919921875 0.741455078125
vt 0.69091796875 0.746826171875
vt 0.69873046875 0.7642822265625
vt 0.72705078125 0.7603759765625
vt 0.67138671875 0.7734375
vt 0.6650390625 0.7901611328125
vt 0.69921875 0.783203125
vt 0.7216796875 0.771484375
vt 0.61474609375 0.7906494140625
vt 0.7216796875 0.7890625
vt 0.521484375 0.7918701171875
vt 0.5224609375 0.7994384765625
vt 0.61474609375 0.7994384765625
vt 0.67626953125 0.7994384765625
vt 0.52294921875 0.8150634765625
vt 0.61474609375 0.8150634765625
vt 0.434814453125 0.8150634765625
vt 0.67626953125 0.8150634765625
vt 0.6962890625 0.8150634765625
vt 0.403076171875 0.799072265625
vt 0.401123046875 0.8150634765625
vt 0.365966796875 0.8150634765625
vt 0.357177734375 0.79541015625
vt 0.34228515625 0.8150634765625
vt 0.33984375 0.7930908203125
vt 0.321044921875 0.8150634765625
vt 0.32373046875 0.7911376953125
vt 0.302001953125 0.788818359375
vt 0.298095703125 0.8150634765625
vt 0.27685546875 0.7882080078125
vt 0.26904296875 0.8031005859375
vt 0.262451171875 0.790771484375
vt 0.26416015625 0.8150634765625
vt 0.250244140625 0.80322265625
vt 0.22216796875 0.8150634765625
vt 0.224609375 0.802734375
vt 0.2017822265625 0.8046875
vt 0.185302734375 0.8150634765625
vt 0.1904296875 0.8062744140625
vt 0.1766357421875 0.8016357421875
vt 0.15234375 0.8150634765625
vt 0.1551513671875 0.7989501953125
vt 0.1337890625 0.7974853515625
vt 0.11761474609375 0.8150634765625
vt 0.1083984375 0.7962646484375
vt 0.08697509765625 0.8150634765625
vt 0.087890625 0.79736328125
vt 0.06317138671875 0.8150634765625
vt 0.06658935546875 0.7974853515625
vt 0.043365478515625 0.7972412109375
vt 0.037872314453125 0.803955078125
vt 0.03057861328125 0.8150634765625
vt 0.08660888671875 0.514404296875
vt 0.099609375 0.514404296875
vt 0.098388671875 0.518798828125
vt 0.114501953125 0.514404296875
vt 0.1162109375 0.5234375
vt 0.1368408203125 0.514404296875
vt 0.139892578125 0.527587890625
vt 0.1585693359375 0.514404296875
vt 0.1591796875 0.5302734375
vt 0.17333984375 0.526611328125
vt 0.17333984375 0.514404296875
vt 0.189453125 0.525390625
vt 0.189453125 0.514404296875
vt 0.20458984375 0.525390625
vt 0.20458984375 0.514404296875
vt 0.216064453125 0.52587890625
vt 0.2196044921875 0.514404296875
vt 0.22509765625 0.519775390625
vt 0.224853515625 0.5263671875
vt 0.22998046875 0.521728515625
vt 0.2298583984375 0.526611328125
vt 0.234375 0.526611328125
vt 0.2347412109375 0.51953125
vt 0.2388916015625 0.5263671875
vt 0.237548828125 0.514404296875
vt 0.2449951171875 0.525634765625
vt 0.2449951171875 0.514404296875
vt 0.255859375 0.524658203125
vt 0.255859375 0.514404296875
vt 0.270263671875 0.5224609375
vt 0.270263671875 0.514404296875
vt 0.279052734375 0.520263671875
vt 0.282470703125 0.514404296875
vt 0.2890625 0.519775390625
vt 0.29638671875 0.514404296875
vt 0.716796875 0.00439453125
vt 0.712890625 0.005859375
vt 0.7109375 0.00390625
vt 0.7109375 0.01123046875
vt 0.6923828125 0.0048828125
vt 0.693359375 0.0185546875
vt 0.7119140625 0.0185546875
vt 0.65380859375 0.0107421875
vt 0.6640625 0.00830078125
vt 0.6640625 0.0185546875
vt 0.65478515625 0.0185546875
vt 0.6396484375 0.01611328125
vt 0.638671875 0.0185546875
vt 0.498291015625 0.19384765625
vt 0.498291015625 0.220703125
vt 0.493896484375 0.19873046875
vt 0.47802734375 0.2109375
vt 0.47509765625 0.197265625
vt 0.484375 0.20263671875
vt 0.46533203125 0.20166015625
vt 0.4541015625 0.1904296875
vt 0.460205078125 0.1796875
vt 0.442626953125 0.17529296875
vt 0.4501953125 0.1650390625
vt 0.43505859375 0.166015625
vt 0.44384765625 0.15283203125
vt 0.430908203125 0.16455078125
vt 0.44287109375 0.14599609375
vt 0.423828125 0.16357421875
vt 0.44287109375 0.1337890625
vt 0.425048828125 0.15283203125
vt 0.413818359375 0.16162109375
vt 0.435546875 0.134765625
vt 0.439208984375 0.11083984375
vt 0.399658203125 0.41357421875
vt 0.387451171875 0.41357421875
vt 0.3798828125 0.408203125
vt 0.366455078125 0.41357421875
vt 0.37109375 0.40283203125
vt 0.365234375 0.39697265625
vt 0.3564453125 0.39697265625
vt 0.333251953125 0.41357421875
vt 0.328857421875 0.39697265625
vt 0.30126953125 0.41357421875
vt 0.299072265625 0.39697265625
vt 0.267333984375 0.41357421875
vt 0.265869140625 0.39697265625
vt 0.264892578125 0.42919921875
vt 0.2470703125 0.4130859375
vt 0.24609375 0.427734375
vt 0.248291015625 0.39697265625
vt 0.224609375 0.42431640625
vt 0.2271728515625 0.41015625
vt 0.2305908203125 0.39453125
vt 0.2166748046875 0.39111328125
vt 0.2095947265625 0.4052734375
vt 0.2052001953125 0.41943359375
vt 0.210205078125 0.388671875
vt 0.1925048828125 0.416015625
vt 0.2010498046875 0.423828125
vt 0.1861572265625 0.42138671875
vt 0.199462890625 0.39990234375
vt 0.20166015625 0.380859375
vt 0.18408203125 0.4130859375
vt 0.174072265625 0.42138671875
vt 0.1744384765625 0.408203125
vt 0.1595458984375 0.42041015625
vt 0.18896484375 0.388671875
vt 0.167236328125 0.39990234375
vt 0.1463623046875 0.4169921875
vt 0.183837890625 0.37451171875
vt 0.1971435546875 0.3701171875
vt 0.140380859375 0.40966796875
vt 0.1265869140625 0.41162109375
vt 0.165283203125 0.3837890625
vt 0.1376953125 0.39306640625
vt 0.1829833984375 0.361328125
vt 0.1964111328125 0.35986328125
vt 0.166748046875 0.3662109375
vt 0.1854248046875 0.341796875
vt 0.1988525390625 0.341796875
vt 0.191650390625 0.3193359375
vt 0.20458984375 0.31982421875
vt 0.1767578125 0.3271484375
vt 0.1715087890625 0.34619140625
vt 0.1676025390625 0.33203125
vt 0.1566162109375 0.34716796875
vt 0.1513671875 0.34033203125
vt 0.1302490234375 0.349609375
vt 0.1455078125 0.36767578125
vt 0.115478515625 0.35693359375
vt 0.10650634765625 0.357421875
vt 0.1082763671875 0.3486328125
vt 0.10296630859375 0.36328125
vt 0.114013671875 0.41015625
vt 0.0987548828125 0.34912109375
vt 0.103759765625 0.33935546875
vt 0.095703125 0.35888671875
vt 0.09442138671875 0.37158203125
vt 0.102294921875 0.41162109375
vt 0.08404541015625 0.35302734375
vt 0.08203125 0.3798828125
vt 0.09130859375 0.4130859375
vt 0.08551025390625 0.3447265625
vt 0.076171875 0.41259765625
vt 0.07916259765625 0.35986328125
vt 0.09881591796875 0.3388671875
vt 0.08575439453125 0.33740234375
vt 0.10186767578125 0.3330078125
vt 0.09246826171875 0.33203125
vt 0.0853271484375 0.33203125
vt 0.09881591796875 0.33203125
vt 0.100341796875 0.32861328125
vt 0.09234619140625 0.32666015625
vt 0.08514404296875 0.32666015625
vt 0.0850830078125 0.32470703125
vt 0.09228515625 0.32421875
vt 0.0968017578125 0.3271484375
vt 0.0975341796875 0.32568359375
vt 0.08953857421875 0.36865234375
vt 0.078125 0.37744140625
vt 0.0701904296875 0.3662109375
vt 0.0689697265625 0.38623046875
vt 0.061309814453125 0.40869140625
vt 0.0631103515625 0.3837890625
vt 0.05755615234375 0.3720703125
vt 0.051727294921875 0.3916015625
vt 0.044921875 0.40234375
vt 0.0276031494140625 0.3916015625
vt 0.045318603515625 0.3876953125
vt 0.041046142578125 0.37548828125
vt 0.0242767333984375 0.388671875
vt 0.0213623046875 0.37744140625
vt 0.0184783935546875 0.0048828125
vt 0.044036865234375 0.00390625
vt 0.022247314453125 0.01611328125
vt 0.00390625 0.0068359375
vt 0.00390625 0.0302734375
vt 0.42138671875 0.47216796875
vt 0.42333984375 0.4453125
vt 0.427734375 0.4443359375
vt 0.424072265625 0.43017578125
vt 0.430419921875 0.42822265625
vt 0.425537109375 0.41064453125
vt 0.432373046875 0.41064453125
vt 0.43212890625 0.39404296875
vt 0.42626953125 0.38818359375
vt 0.419677734375 0.3876953125
vt 0.41650390625 0.41162109375
vt 0.419189453125 0.4306640625
vt 0.408447265625 0.3876953125
vt 0.4140625 0.43212890625
vt 0.408447265625 0.4111328125
vt 0.408447265625 0.43212890625
vt 0.08807373046875 0.22705078125
vt 0.106689453125 0.2255859375
vt 0.08758544921875 0.2373046875
vt 0.07421875 0.2294921875
vt 0.073974609375 0.24072265625
vt 0.0653076171875 0.23291015625
vt 0.0654296875 0.2431640625
vt 0.058746337890625 0.236328125
vt 0.049957275390625 0.2509765625
vt 0.045562744140625 0.2431640625
vt 0.03204345703125 0.2626953125
vt 0.031707763671875 0.25
vt 0.0183258056640625 0.2626953125
vt 0.0183868408203125 0.255859375
vt 0.0095367431640625 0.2626953125
vt 0.00390625 0.26171875
vt 1.53515625 0.31396484375
vt 1.517578125 0.33203125
vt 1.525390625 0.3349609375
vt 1.5478515625 0.3359375
vt 1.537109375 0.31494140625
vt 1.498046875 0.220703125
vt 1.498046875 0.19384765625
vt 1.4931640625 0.19873046875
vt 1.474609375 0.197265625
vt 1.4775390625 0.2109375
vt 1.484375 0.20263671875
vt 1.46484375 0.20166015625
vt 1.4541015625 0.1904296875
vt 1.4599609375 0.1796875
vt 1.4423828125 0.17529296875
vt 1.4501953125 0.1650390625
vt 1.4345703125 0.166015625
vt 1.443359375 0.15283203125
vt 1.4306640625 0.16455078125
vt 1.4423828125 0.14599609375
vt 1.423828125 0.16357421875
vt 1.4423828125 0.1337890625
vt 1.4248046875 0.15283203125
vt 1.4130859375 0.16162109375
vt 1.435546875 0.134765625
vt 1.4384765625 0.11083984375
vt 0.22705078125 0.09619140625
vt 0.2113037109375 0.10595703125
vt 0.2152099609375 0.09228515625
vt 0.17041015625 0.07275390625
vt 0.18359375 0.0791015625
vt 0.1676025390625 0.09423828125
vt 0.1568603515625 0.06640625
vt 0.1593017578125 0.0849609375
vt 0.148681640625 0.0751953125
vt 0.13671875 0.064453125
vt 0.142578125 0.07958984375
vt 0.1319580078125 0.0712890625
vt 0.142578125 0.05908203125
vt 0.12017822265625 0.0517578125
vt 0.11572265625 0.05859375
vt 0.125732421875 0.04931640625
vt 0.1029052734375 0.03857421875
vt 0.0985107421875 0.044921875
vt 0.109619140625 0.0390625
vt 0.08673095703125 0.0263671875
vt 0.07965087890625 0.0283203125
vt 0.09197998046875 0.02734375
vt 0.1123046875 0.03466796875
vt 0.07861328125 0.02001953125
vt 0.06781005859375 0.01708984375
vt 0.083251953125 0.021484375
vt 0.0740966796875 0.015625
vt 0.056365966796875 0.00634765625
vt 0.0576171875 0.00390625
vt 0.07330322265625 0.00830078125
vt 0.08197021484375 0.01953125
vt 0.090576171875 0.0126953125
vt 0.093017578125 0.02490234375
vt 0.1156005859375 0.02001953125
vt 0.134521484375 0.0263671875
vt 0.1297607421875 0.04296875
vt 0.153076171875 0.03271484375
vt 0.147216796875 0.05029296875
vt 0.161865234375 0.0556640625
vt 0.1689453125 0.03857421875
vt 0.1756591796875 0.06103515625
vt 0.1845703125 0.044921875
vt 0.1898193359375 0.06640625
vt 0.2000732421875 0.05078125
vt 0.1990966796875 0.0859375
vt 0.192626953125 0.10107421875
vt 0.207275390625 0.07275390625
vt 0.2161865234375 0.056640625
vt 0.22265625 0.07763671875
vt 0.231201171875 0.06103515625
vt 0.23779296875 0.08203125
vt 0.2445068359375 0.064453125
vt 0.2491455078125 0.10302734375
vt 0.2445068359375 0.10400390625
vt 0.263427734375 0.1123046875
vt 0.254150390625 0.0859375
vt 0.26318359375 0.06689453125
vt 0.267822265625 0.1083984375
vt 0.28173828125 0.12109375
vt 0.27587890625 0.07763671875
vt 0.288818359375 0.115234375
vt 0.298583984375 0.130859375
vt 0.276123046875 0.09130859375
vt 0.30322265625 0.09912109375
vt 0.315673828125 0.12646484375
vt 0.3115234375 0.0908203125
vt 0.3291015625 0.109375
vt 0.3330078125 0.1005859375
vt 0.357421875 0.11279296875
vt 0.352294921875 0.12353515625
vt 0.38525390625 0.13037109375
vt 0.35205078125 0.19189453125
vt 0.38525390625 0.185546875
vt 0.35693359375 0.203125
vt 0.32861328125 0.20556640625
vt 0.332275390625 0.21484375
vt 0.310791015625 0.2236328125
vt 0.302490234375 0.21533203125
vt 0.315673828125 0.1884765625
vt 0.276611328125 0.23681640625
vt 0.288330078125 0.19873046875
vt 0.298828125 0.18359375
vt 0.28125 0.19287109375
vt 0.2763671875 0.22314453125
vt 0.267578125 0.2060546875
vt 0.262939453125 0.2021484375
vt 0.2548828125 0.2294921875
vt 0.264404296875 0.24755859375
vt 0.2464599609375 0.25146484375
vt 0.2490234375 0.212890625
vt 0.2442626953125 0.2119140625
vt 0.2274169921875 0.220703125
vt 0.23876953125 0.234375
vt 0.2333984375 0.25537109375
vt 0.223876953125 0.2392578125
vt 0.21875 0.2607421875
vt 0.2159423828125 0.22509765625
vt 0.2083740234375 0.2099609375
vt 0.2088623046875 0.24462890625
vt 0.203125 0.26708984375
vt 0.2001953125 0.23193359375
vt 0.19970703125 0.21435546875
vt 0.19189453125 0.25146484375
vt 0.1878662109375 0.27392578125
vt 0.177978515625 0.2578125
vt 0.172607421875 0.2802734375
vt 0.18505859375 0.2392578125
vt 0.1871337890625 0.22119140625
vt 0.1722412109375 0.24609375
vt 0.1685791015625 0.22509765625
vt 0.16064453125 0.234375
vt 0.1590576171875 0.25341796875
vt 0.1505126953125 0.2451171875
vt 0.1390380859375 0.25634765625
vt 0.1441650390625 0.24072265625
vt 0.1339111328125 0.24951171875
vt 0.145263671875 0.26123046875
vt 0.16455078125 0.263671875
vt 0.150390625 0.27001953125
vt 0.1480712890625 0.291015625
vt 0.13330078125 0.2783203125
vt 0.1204833984375 0.3017578125
vt 0.12890625 0.27197265625
vt 0.1163330078125 0.28759765625
vt 0.12322998046875 0.27001953125
vt 0.11834716796875 0.26318359375
vt 0.1134033203125 0.283203125
vt 0.106689453125 0.2841796875
vt 0.10198974609375 0.2783203125
vt 0.09649658203125 0.2958984375
vt 0.09130859375 0.29736328125
vt 0.0841064453125 0.29541015625
vt 0.09765625 0.29833984375
vt 0.09588623046875 0.310546875
vt 0.08355712890625 0.3037109375
vt 0.07293701171875 0.3076171875
vt 0.08807373046875 0.30224609375
vt 0.079345703125 0.30859375
vt 0.0621337890625 0.3193359375
vt 0.0869140625 0.3046875
vt 0.0789794921875 0.31591796875
vt 0.06353759765625 0.3212890625
vt 0.8115234375 0.0185546875
vt 0.794921875 0.00390625
vt 0.8125 0.00390625
vt 0.83203125 0.00390625
vt 0.8310546875 0.01611328125
vt 0.85107421875 0.0166015625
vt 0.85205078125 0.00390625
vt 0.87158203125 0.013671875
vt 0.87158203125 0.00390625
vt 0.7197265625 0.373046875
vt 0.701171875 0.388671875
vt 0.7001953125 0.373046875
vt 0.6796875 0.373046875
vt 0.6806640625 0.3857421875
vt 0.662109375 0.38330078125
vt 0.6611328125 0.37255859375
vt 0.64404296875 0.380859375
vt 0.64404296875 0.37255859375
vt 1.50390625 0.709228515625
vt 1.501953125 0.713623046875
vt 1.509765625 0.709716796875
vt 1.4853515625 0.716064453125
vt 1.486328125 0.720947265625
vt 1.4677734375 0.720458984375
vt 1.4560546875 0.73193359375
vt 1.4501953125 0.72119140625
vt 1.43359375 0.738525390625
vt 1.4248046875 0.7177734375
vt 1.419921875 0.721923828125
vt 1.4130859375 0.7431640625
vt 1.4033203125 0.698974609375
vt 1.408203125 0.694091796875
vt 1.404296875 0.7294921875
vt 1.39453125 0.745849609375
vt 1.392578125 0.68310546875
vt 1.3984375 0.67333984375
vt 1.3798828125 0.693359375
vt 1.390625 0.708984375
vt 1.388671875 0.73388671875
vt 1.3759765625 0.71630859375
vt 1.3671875 0.69970703125
vt 1.380859375 0.747802734375
vt 1.3916015625 0.7572021484375
vt 1.37109375 0.738037109375
vt 1.3583984375 0.72216796875
vt 1.3505859375 0.70458984375
vt 1.376953125 0.7557373046875
vt 1.3427734375 0.7236328125
vt 1.3369140625 0.705810546875
vt 1.390625 0.7615966796875
vt 1.40234375 0.767822265625
vt 1.3896484375 0.765869140625
vt 1.3759765625 0.7637939453125
vt 1.36328125 0.751953125
vt 1.361328125 0.7625732421875
vt 1.3466796875 0.73681640625
vt 1.34765625 0.75
vt 1.34765625 0.762451171875
vt 1.333984375 0.7626953125
vt 1.3232421875 0.74755859375
vt 1.3232421875 0.7655029296875
vt 1.322265625 0.735595703125
vt 1.3203125 0.724365234375
vt 1.31640625 0.70654296875
vt 1.29296875 0.744873046875
vt 1.29296875 0.723876953125
vt 1.2880859375 0.706787109375
vt 1.2939453125 0.73291015625
vt 1.2578125 0.726806640625
vt 1.2548828125 0.706787109375
vt 1.216796875 0.705810546875
vt 1.2578125 0.741455078125
vt 1.2177734375 0.73828125
vt 1.310546875 0.758544921875
vt 1.291015625 0.75048828125
vt 1.2890625 0.7679443359375
vt 1.310546875 0.7730712890625
vt 1.32421875 0.7786865234375
vt 1.333984375 0.77734375
vt 1.3046875 0.783935546875
vt 1.3193359375 0.7867431640625
vt 1.2841796875 0.7818603515625
vt 1.3330078125 0.7886962890625
vt 1.26171875 0.78076171875
vt 1.3359375 0.7843017578125
vt 1.3447265625 0.7880859375
vt 1.2529296875 0.7628173828125
vt 1.248046875 0.7816162109375
vt 1.2333984375 0.7747802734375
vt 1.220703125 0.760009765625
vt 1.2392578125 0.7886962890625
vt 1.2529296875 0.7940673828125
vt 1.2353515625 0.79443359375
vt 1.216796875 0.7825927734375
vt 1.2119140625 0.794189453125
vt 1.2177734375 0.7698974609375
vt 1.2021484375 0.7589111328125
vt 1.201171875 0.7672119140625
vt 1.1953125 0.7806396484375
vt 1.1904296875 0.795654296875
vt 1.1806640625 0.795166015625
vt 1.1669921875 0.793212890625
vt 1.1611328125 0.779052734375
vt 1.1474609375 0.791015625
vt 1.169921875 0.76513671875
vt 1.1328125 0.77783203125
vt 1.1279296875 0.789794921875
vt 1.1396484375 0.763916015625
vt 1.1708984375 0.7569580078125
vt 1.140625 0.7557373046875
vt 1.173828125 0.736328125
vt 1.173828125 0.705078125
vt 1.1416015625 0.70556640625
vt 1.140625 0.7353515625
vt 1.109375 0.707275390625
vt 1.11328125 0.7557373046875
vt 1.109375 0.735107421875
vt 1.08203125 0.724365234375
vt 1.0791015625 0.7099609375
vt 1.1103515625 0.7637939453125
vt 1.0673828125 0.7236328125
vt 1.0654296875 0.7119140625
vt 1.109375 0.7772216796875
vt 1.10546875 0.7889404296875
vt 1.05078125 0.724365234375
vt 1.0498046875 0.713134765625
vt 1.0888671875 0.7774658203125
vt 1.0869140625 0.78955078125
vt 1.0927734375 0.76416015625
vt 1.0693359375 0.7769775390625
vt 1.068359375 0.789306640625
vt 1.0732421875 0.7640380859375
vt 1.0966796875 0.756103515625
vt 1.080078125 0.7562255859375
vt 1.095703125 0.745849609375
vt 1.0673828125 0.75537109375
vt 1.0888671875 0.734619140625
vt 1.072265625 0.746826171875
vt 1.0693359375 0.735107421875
vt 1.052734375 0.735595703125
vt 1.05859375 0.7625732421875
vt 1.0546875 0.7530517578125
vt 1.0546875 0.7747802734375
vt 1.046875 0.787353515625
vt 1.046875 0.7591552734375
vt 1.04296875 0.7701416015625
vt 1.0361328125 0.77783203125
vt 1.025390625 0.7696533203125
vt 1.041015625 0.748291015625
vt 1.0322265625 0.7523193359375
vt 1.0283203125 0.761962890625
vt 1.017578125 0.7607421875
vt 1.0126953125 0.75244140625
vt 1.0302734375 0.739990234375
vt 1.01953125 0.7431640625
vt 1.009765625 0.747802734375
vt 1.01953125 0.7255859375
vt 1.017578125 0.712646484375
vt 1.0126953125 0.737548828125
vt 1.005859375 0.73291015625
vt 1.0068359375 0.725341796875
vt 1.0068359375 0.712646484375
vt 0.83544921875 0.833740234375
vt 0.822265625 0.8372802734375
vt 0.82275390625 0.8284912109375
vt 0.8134765625 0.834716796875
vt 0.80908203125 0.8232421875
vt 0.8037109375 0.8319091796875
vt 0.79443359375 0.815673828125
vt 0.79296875 0.8287353515625
vt 0.78466796875 0.8106689453125
vt 0.7744140625 0.8238525390625
vt 0.775390625 0.8055419921875
vt 0.76123046875 0.821044921875
vt 0.76513671875 0.7972412109375
vt 0.74462890625 0.818359375
vt 0.783203125 0.8001708984375
vt 0.7861328125 0.8070068359375
vt 0.744140625 0.7935791015625
vt 0.72119140625 0.8160400390625
vt 0.7666015625 0.78125
vt 0.8017578125 0.802978515625
vt 0.79736328125 0.80908203125
vt 0.81396484375 0.8125
vt 0.78662109375 0.784423828125
vt 0.81884765625 0.80517578125
vt 0.8271484375 0.81494140625
vt 0.8046875 0.787109375
vt 0.837890625 0.8070068359375
vt 0.83984375 0.8167724609375
vt 0.85107421875 0.81787109375
vt 0.81982421875 0.788818359375
vt 0.86181640625 0.808837890625
vt 0.8623046875 0.8189697265625
vt 0.873046875 0.8201904296875
vt 0.8388671875 0.790283203125
vt 0.86181640625 0.7916259765625
vt 0.88037109375 0.8099365234375
vt 0.884765625 0.821533203125
vt 0.87939453125 0.7919921875
vt 0.8984375 0.8114013671875
vt 0.8955078125 0.822998046875
vt 0.9052734375 0.8238525390625
vt 0.91845703125 0.812744140625
vt 0.91845703125 0.82421875
vt 0.91845703125 0.79345703125
vt 0.8974609375 0.79248046875
vt 0.91064453125 0.78564453125
vt 0.892578125 0.78564453125
vt 0.89208984375 0.7806396484375
vt 0.87744140625 0.778076171875
vt 0.8759765625 0.7838134765625
vt 0.8603515625 0.772705078125
vt 0.85498046875 0.7806396484375
vt 0.845703125 0.765625
vt 0.83984375 0.7760009765625
vt 0.82275390625 0.755126953125
vt 0.81884765625 0.7664794921875
vt 0.8076171875 0.7513427734375
vt 0.80517578125 0.763916015625
vt 0.79296875 0.7506103515625
vt 0.79150390625 0.7637939453125
vt 0.7783203125 0.763427734375
vt 0.779296875 0.75
vt 0.76123046875 0.746826171875
vt 0.7587890625 0.760009765625
vt 0.744140625 0.739990234375
vt 0.74560546875 0.777099609375
vt 0.7333984375 0.75048828125
vt 0.72509765625 0.73095703125
vt 0.6962890625 0.7991943359375
vt 0.71142578125 0.738525390625
vt 0.7001953125 0.7412109375
vt 0.7041015625 0.71728515625
vt 0.6943359375 0.72705078125
vt 0.68994140625 0.730712890625
vt 0.6875 0.72021484375
vt 0.6845703125 0.721923828125
vt 0.7001953125 0.71337890625
vt 0.6806640625 0.712158203125
vt 0.6845703125 0.694580078125
vt 0.6845703125 0.694580078125
vt 0.69970703125 0.69873046875
vt 1.341796875 0.7752685546875
vt 1.3564453125 0.7864990234375
vt 1.353515625 0.772705078125
vt 1.3671875 0.7713623046875
vt 1.369140625 0.796142578125
vt 1.3828125 0.7711181640625
vt 1.3916015625 0.7784423828125
vt 1.3984375 0.77197265625
vt 1.41796875 0.7786865234375
vt 1.4150390625 0.7730712890625
vt 1.4306640625 0.774169921875
vt 1.41796875 0.7542724609375
vt 1.416015625 0.7655029296875
vt 1.4375 0.749755859375
vt 1.458984375 0.743408203125
vt 1.40234375 0.7939453125
vt 1.4345703125 0.779052734375
vt 1.51953125 0.7791748046875
vt 1.484375 0.7353515625
vt 1.517578125 0.72314453125
vt 1.4345703125 0.792236328125
vt 1.5341796875 0.71484375
vt 1.4345703125 0.7994384765625
vt 1.5712890625 0.724853515625
vt 1.5439453125 0.710693359375
vt 1.5537109375 0.70703125
vt 1.5693359375 0.700927734375
vt 1.591796875 0.713134765625
vt 1.595703125 0.709716796875
vt 1.603515625 0.741455078125
vt 1.619140625 0.72802734375
vt 1.6259765625 0.723876953125
vt 1.6142578125 0.780517578125
vt 1.6416015625 0.739501953125
vt 1.650390625 0.735595703125
vt 1.6328125 0.755859375
vt 1.673828125 0.754638671875
vt 1.671875 0.745849609375
vt 1.6708984375 0.7373046875
vt 1.6630859375 0.73291015625
vt 1.6787109375 0.741455078125
vt 1.6904296875 0.746826171875
vt 1.6982421875 0.7642822265625
vt 1.7265625 0.7603759765625
vt 1.6708984375 0.7734375
vt 1.6650390625 0.7901611328125
vt 1.69921875 0.783203125
vt 1.7216796875 0.771484375
vt 1.6142578125 0.7906494140625
vt 1.7216796875 0.7890625
vt 1.521484375 0.7918701171875
vt 1.5224609375 0.7994384765625
vt 1.6142578125 0.7994384765625
vt 1.67578125 0.7994384765625
vt 1.5224609375 0.8150634765625
vt 1.6142578125 0.8150634765625
vt 1.4345703125 0.8150634765625
vt 1.67578125 0.8150634765625
vt 1.6962890625 0.8150634765625
vt 1.40234375 0.799072265625
vt 1.400390625 0.8150634765625
vt 1.365234375 0.8150634765625
vt 1.3564453125 0.79541015625
vt 1.341796875 0.8150634765625
vt 1.33984375 0.7930908203125
vt 1.3203125 0.8150634765625
vt 1.3232421875 0.7911376953125
vt 1.3017578125 0.788818359375
vt 1.2978515625 0.8150634765625
vt 1.2763671875 0.7882080078125
vt 1.2685546875 0.8031005859375
vt 1.26171875 0.790771484375
vt 1.263671875 0.8150634765625
vt 1.25 0.80322265625
vt 1.2216796875 0.8150634765625
vt 1.224609375 0.802734375
vt 1.201171875 0.8046875
vt 1.1845703125 0.8150634765625
vt 1.1904296875 0.8062744140625
vt 1.17578125 0.8016357421875
vt 1.15234375 0.8150634765625
vt 1.154296875 0.7989501953125
vt 1.1337890625 0.7974853515625
vt 1.1171875 0.8150634765625
vt 1.1083984375 0.7962646484375
vt 1.0869140625 0.8150634765625
vt 1.087890625 0.79736328125
vt 1.0625 0.8150634765625
vt 1.06640625 0.7974853515625
vt 1.04296875 0.7972412109375
vt 1.037109375 0.803955078125
vt 1.0302734375 0.8150634765625
vt 1.822265625 0.8372802734375
vt 1.8349609375 0.833740234375
vt 1.822265625 0.8284912109375
vt 1.8134765625 0.834716796875
vt 1.80859375 0.8232421875
vt 1.8037109375 0.8319091796875
vt 1.7939453125 0.815673828125
vt 1.79296875 0.8287353515625
vt 1.7841796875 0.8106689453125
vt 1.7744140625 0.8238525390625
vt 1.775390625 0.8055419921875
vt 1.7607421875 0.821044921875
vt 1.7646484375 0.7972412109375
vt 1.744140625 0.818359375
vt 1.783203125 0.8001708984375
vt 1.7861328125 0.8070068359375
vt 1.744140625 0.7935791015625
vt 1.720703125 0.8160400390625
vt 1.7666015625 0.78125
vt 1.8017578125 0.802978515625
vt 1.796875 0.80908203125
vt 1.8134765625 0.8125
vt 1.7861328125 0.784423828125
vt 1.818359375 0.80517578125
vt 1.8271484375 0.81494140625
vt 1.8046875 0.787109375
vt 1.837890625 0.8070068359375
vt 1.83984375 0.8167724609375
vt 1.8505859375 0.81787109375
vt 1.8193359375 0.788818359375
vt 1.861328125 0.808837890625
vt 1.8623046875 0.8189697265625
vt 1.873046875 0.8201904296875
vt 1.8388671875 0.790283203125
vt 1.861328125 0.7916259765625
vt 1.8798828125 0.8099365234375
vt 1.884765625 0.821533203125
vt 1.87890625 0.7919921875
vt 1.8984375 0.8114013671875
vt 1.8955078125 0.822998046875
vt 1.9052734375 0.8238525390625
vt 1.91796875 0.812744140625
vt 1.91796875 0.82421875
vt 1.91796875 0.79345703125
vt 1.8974609375 0.79248046875
vt 1.91015625 0.78564453125
vt 1.892578125 0.78564453125
vt 1.8916015625 0.7806396484375
vt 1.876953125 0.778076171875
vt 1.8759765625 0.7838134765625
vt 1.8603515625 0.772705078125
vt 1.8544921875 0.7806396484375
vt 1.845703125 0.765625
vt 1.83984375 0.7760009765625
vt 1.822265625 0.755126953125
vt 1.818359375 0.7664794921875
vt 1.8076171875 0.7513427734375
vt 1.8046875 0.763916015625
vt 1.79296875 0.7506103515625
vt 1.791015625 0.7637939453125
vt 1.7783203125 0.763427734375
vt 1.779296875 0.75
vt 1.7607421875 0.746826171875
vt 1.7587890625 0.760009765625
vt 1.744140625 0.739990234375
vt 1.7451171875 0.777099609375
vt 1.7333984375 0.75048828125
vt 1.724609375 0.73095703125
vt 1.6962890625 0.7991943359375
vt 1.7109375 0.738525390625
vt 1.7001953125 0.7412109375
vt 1.7041015625 0.71728515625
vt 1.6943359375 0.72705078125
vt 1.689453125 0.730712890625
vt 1.6875 0.72021484375
vt 1.6845703125 0.721923828125
vt 1.7001953125 0.71337890625
vt 1.6806640625 0.712158203125
vt 1.6845703125 0.694580078125
vt 1.6845703125 0.694580078125
vt 1.69921875 0.69873046875
vt 0.6875 0.2685546875
vt 0.69873046875 0.27880859375
vt 0.6865234375 0.2802734375
vt 0.69873046875 0.26806640625
vt 1.6875 0.2685546875
vt 1.6865234375 0.2802734375
vt 1.6982421875 0.27880859375
vt 1.6982421875 0.26806640625
vt 0.315673828125 0.072265625
vt 0.31494140625 0.0712890625
vt 0.31591796875 0.0712890625
vt 0.314697265625 0.07177734375
vt 0.313232421875 0.0712890625
vt 0.313232421875 0.07177734375
vt 0.309814453125 0.07177734375
vt 0.303955078125 0.07177734375
vt 0.294677734375 0.0712890625
vt 0.298095703125 0.072265625
vt 0.294921875 0.072265625
vt 0.29345703125 0.072265625
vt 0.29345703125 0.0712890625
vt 0.292724609375 0.072265625
vt 0.29248046875 0.0712890625
vt 0.533203125 0.017578125
vt 0.53564453125 0.00390625
vt 0.53564453125 0.01806640625
vt 0.533203125 0.00390625
vt 0.53125 0.01708984375
vt 0.53125 0.00390625
vt 0.529296875 0.00390625
vt 0.529296875 0.01806640625
vt 0.52685546875 0.00390625
vt 0.52685546875 0.01953125
vt 1.2822265625 0.514404296875
vt 1.2890625 0.519775390625
vt 1.2958984375 0.514404296875
vt 1.2783203125 0.520263671875
vt 1.26953125 0.514404296875
vt 1.26953125 0.5224609375
vt 1.255859375 0.514404296875
vt 1.255859375 0.524658203125
vt 1.244140625 0.514404296875
vt 1.244140625 0.525634765625
vt 1.2373046875 0.514404296875
vt 1.23828125 0.5263671875
vt 1.234375 0.51953125
vt 1.234375 0.526611328125
vt 1.2294921875 0.521728515625
vt 1.2294921875 0.526611328125
vt 1.224609375 0.5263671875
vt 1.224609375 0.519775390625
vt 1.2158203125 0.52587890625
vt 1.21875 0.514404296875
vt 1.2041015625 0.514404296875
vt 1.2041015625 0.525390625
vt 1.189453125 0.514404296875
vt 1.189453125 0.525390625
vt 1.1728515625 0.514404296875
vt 1.1728515625 0.526611328125
vt 1.158203125 0.514404296875
vt 1.1591796875 0.5302734375
vt 1.1396484375 0.527587890625
vt 1.13671875 0.514404296875
vt 1.1162109375 0.5234375
vt 1.1142578125 0.514404296875
vt 1.09765625 0.518798828125
vt 1.099609375 0.514404296875
vt 1.0859375 0.514404296875
vt 1.529296875 0.01806640625
vt 1.5263671875 0.00390625
vt 1.5263671875 0.01953125
vt 1.529296875 0.00390625
vt 1.53125 0.01708984375
vt 1.53125 0.00390625
vt 1.533203125 0.00390625
vt 1.533203125 0.017578125
vt 1.53515625 0.00390625
vt 1.53515625 0.01806640625
vt 0.537109375 0.31494140625
vt 0.54833984375 0.3359375
vt 0.525390625 0.3349609375
vt 0.517578125 0.33203125
vt 0.53564453125 0.31396484375
vt 0.74951171875 0.02294921875
vt 0.7451171875 0.03759765625
vt 0.73583984375 0.033203125
vt 0.7333984375 0.0537109375
vt 0.74462890625 0.0498046875
vt 0.7197265625 0.048828125
vt 0.74755859375 0.060546875
vt 0.73583984375 0.07080078125
vt 0.75537109375 0.06884765625
vt 0.72412109375 0.06787109375
vt 0.74462890625 0.08349609375
vt 0.7666015625 0.07421875
vt 0.7353515625 0.087890625
vt 0.755859375 0.0927734375
vt 0.7685546875 0.0830078125
vt 0.74755859375 0.1005859375
vt 0.76220703125 0.09716796875
vt 0.77197265625 0.09130859375
vt 0.75390625 0.10400390625
vt 0.7607421875 0.10693359375
vt 0.76708984375 0.1005859375
vt 0.7802734375 0.1005859375
vt 0.7705078125 0.1103515625
vt 0.77490234375 0.10546875
vt 0.80126953125 0.119140625
vt 0.7421875 0.10302734375
vt 0.75390625 0.111328125
vt 0.7353515625 0.10498046875
vt 0.7265625 0.09130859375
vt 0.71484375 0.0966796875
vt 0.70849609375 0.078125
vt 0.68896484375 0.0869140625
vt 0.6962890625 0.068359375
vt 0.66748046875 0.07958984375
vt 0.70654296875 0.05322265625
vt 0.68359375 0.06591796875
vt 0.69873046875 0.056640625
vt 0.9794921875 0.49462890625
vt 0.96337890625 0.47998046875
vt 0.9794921875 0.4794921875
vt 0.95947265625 0.49462890625
vt 0.9794921875 0.5068359375
vt 0.958984375 0.5068359375
vt 0.958984375 0.51806640625
vt 0.9794921875 0.51806640625
vt 0.9609375 0.529541015625
vt 0.9794921875 0.529296875
vt 0.96435546875 0.54150390625
vt 0.9794921875 0.54150390625
vt 1.716796875 0.00439453125
vt 1.7109375 0.00390625
vt 1.712890625 0.005859375
vt 1.7109375 0.01123046875
vt 1.6923828125 0.0048828125
vt 1.693359375 0.0185546875
vt 1.7119140625 0.0185546875
vt 1.6533203125 0.0107421875
vt 1.6640625 0.0185546875
vt 1.6640625 0.00830078125
vt 1.654296875 0.0185546875
vt 1.6396484375 0.01611328125
vt 1.638671875 0.0185546875
vt 1.3994140625 0.41357421875
vt 1.3798828125 0.408203125
vt 1.38671875 0.41357421875
vt 1.3662109375 0.41357421875
vt 1.37109375 0.40283203125
vt 1.365234375 0.39697265625
vt 1.3564453125 0.39697265625
vt 1.3330078125 0.41357421875
vt 1.328125 0.39697265625
vt 1.30078125 0.41357421875
vt 1.298828125 0.39697265625
vt 1.2666015625 0.41357421875
vt 1.265625 0.39697265625
vt 1.2646484375 0.42919921875
vt 1.2470703125 0.4130859375
vt 1.24609375 0.427734375
vt 1.248046875 0.39697265625
vt 1.224609375 0.42431640625
vt 1.2265625 0.41015625
vt 1.23046875 0.39453125
vt 1.2158203125 0.39111328125
vt 1.208984375 0.4052734375
vt 1.205078125 0.41943359375
vt 1.2099609375 0.388671875
vt 1.1923828125 0.416015625
vt 1.2001953125 0.423828125
vt 1.185546875 0.42138671875
vt 1.19921875 0.39990234375
vt 1.201171875 0.380859375
vt 1.18359375 0.4130859375
vt 1.173828125 0.42138671875
vt 1.173828125 0.408203125
vt 1.1591796875 0.42041015625
vt 1.1884765625 0.388671875
vt 1.1669921875 0.39990234375
vt 1.1455078125 0.4169921875
vt 1.18359375 0.37451171875
vt 1.1962890625 0.3701171875
vt 1.1396484375 0.40966796875
vt 1.1259765625 0.41162109375
vt 1.1650390625 0.3837890625
vt 1.1376953125 0.39306640625
vt 1.1826171875 0.361328125
vt 1.1962890625 0.35986328125
vt 1.166015625 0.3662109375
vt 1.1845703125 0.341796875
vt 1.1982421875 0.341796875
vt 1.19140625 0.3193359375
vt 1.2041015625 0.31982421875
vt 1.1767578125 0.3271484375
vt 1.1708984375 0.34619140625
vt 1.1669921875 0.33203125
vt 1.15625 0.34716796875
vt 1.1513671875 0.34033203125
vt 1.1298828125 0.349609375
vt 1.1455078125 0.36767578125
vt 1.115234375 0.35693359375
vt 1.1064453125 0.357421875
vt 1.107421875 0.3486328125
vt 1.1025390625 0.36328125
vt 1.11328125 0.41015625
vt 1.0986328125 0.34912109375
vt 1.103515625 0.33935546875
vt 1.095703125 0.35888671875
vt 1.09375 0.37158203125
vt 1.1015625 0.41162109375
vt 1.083984375 0.35302734375
vt 1.0849609375 0.3447265625
vt 1.0791015625 0.35986328125
vt 1.0986328125 0.3388671875
vt 1.0849609375 0.33740234375
vt 1.1015625 0.3330078125
vt 1.0888671875 0.36865234375
vt 1.0986328125 0.33203125
vt 1.099609375 0.32861328125
vt 1.091796875 0.33203125
vt 1.0849609375 0.33203125
vt 1.0966796875 0.3271484375
vt 1.0966796875 0.32568359375
vt 1.091796875 0.32421875
vt 1.091796875 0.32666015625
vt 1.0849609375 0.32666015625
vt 1.0849609375 0.32470703125
vt 1.08203125 0.3798828125
vt 1.0908203125 0.4130859375
vt 1.076171875 0.41259765625
vt 1.078125 0.37744140625
vt 1.0693359375 0.3662109375
vt 1.068359375 0.38623046875
vt 1.060546875 0.40869140625
vt 1.0625 0.3837890625
vt 1.056640625 0.3720703125
vt 1.05078125 0.3916015625
vt 1.044921875 0.40234375
vt 1.02734375 0.3916015625
vt 1.044921875 0.3876953125
vt 1.041015625 0.37548828125
vt 1.0234375 0.388671875
vt 1.0205078125 0.37744140625
vt 1.017578125 0.0048828125
vt 1.021484375 0.01611328125
vt 1.0439453125 0.00390625
vt 1.00390625 0.0068359375
vt 1.00390625 0.0302734375
vt 1.4208984375 0.47216796875
vt 1.427734375 0.4443359375
vt 1.4228515625 0.4453125
vt 1.423828125 0.43017578125
vt 1.4296875 0.42822265625
vt 1.4248046875 0.41064453125
vt 1.431640625 0.41064453125
vt 1.431640625 0.39404296875
vt 1.42578125 0.38818359375
vt 1.4189453125 0.3876953125
vt 1.416015625 0.41162109375
vt 1.4189453125 0.4306640625
vt 1.408203125 0.3876953125
vt 1.4140625 0.43212890625
vt 1.408203125 0.4111328125
vt 1.408203125 0.43212890625
vt 1.017578125 0.255859375
vt 1.00390625 0.26171875
vt 1.0087890625 0.2626953125
vt 1.017578125 0.2626953125
vt 1.03125 0.25
vt 1.03125 0.2626953125
vt 1.044921875 0.2431640625
vt 1.0498046875 0.2509765625
vt 1.05859375 0.236328125
vt 1.0654296875 0.2431640625
vt 1.064453125 0.23291015625
vt 1.0732421875 0.24072265625
vt 1.07421875 0.2294921875
vt 1.0869140625 0.2373046875
vt 1.087890625 0.22705078125
vt 1.1064453125 0.2255859375
vt 1.7451171875 0.03759765625
vt 1.7490234375 0.02294921875
vt 1.7353515625 0.033203125
vt 1.7333984375 0.0537109375
vt 1.744140625 0.0498046875
vt 1.7197265625 0.048828125
vt 1.7470703125 0.060546875
vt 1.7353515625 0.07080078125
vt 1.7548828125 0.06884765625
vt 1.7236328125 0.06787109375
vt 1.744140625 0.08349609375
vt 1.7666015625 0.07421875
vt 1.7353515625 0.087890625
vt 1.755859375 0.0927734375
vt 1.7685546875 0.0830078125
vt 1.7470703125 0.1005859375
vt 1.76171875 0.09716796875
vt 1.771484375 0.09130859375
vt 1.75390625 0.10400390625
vt 1.7607421875 0.10693359375
vt 1.7666015625 0.1005859375
vt 1.7802734375 0.1005859375
vt 1.7705078125 0.1103515625
vt 1.7744140625 0.10546875
vt 1.80078125 0.119140625
vt 1.7421875 0.10302734375
vt 1.75390625 0.111328125
vt 1.7353515625 0.10498046875
vt 1.7265625 0.09130859375
vt 1.71484375 0.0966796875
vt 1.7080078125 0.078125
vt 1.6884765625 0.0869140625
vt 1.6962890625 0.068359375
vt 1.6669921875 0.07958984375
vt 1.7060546875 0.05322265625
vt 1.68359375 0.06591796875
vt 1.6982421875 0.056640625
vt 1.962890625 0.47998046875
vt 1.9794921875 0.49462890625
vt 1.9794921875 0.4794921875
vt 1.958984375 0.49462890625
vt 1.9794921875 0.5068359375
vt 1.958984375 0.5068359375
vt 1.958984375 0.51806640625
vt 1.9794921875 0.51806640625
vt 1.9609375 0.529541015625
vt 1.9794921875 0.529296875
vt 1.9638671875 0.54150390625
vt 1.9794921875 0.54150390625
vt 0.43115234375 0.01708984375
vt 0.427490234375 0.01708984375
vt 0.429931640625 0.01513671875
vt 0.43212890625 0.01513671875
vt 0.43408203125 0.0166015625
vt 0.43408203125 0.01513671875
vt 0.436279296875 0.01513671875
vt 0.43701171875 0.0166015625
vt 0.439453125 0.01513671875
vt 0.440673828125 0.0166015625
vt 0.4423828125 0.01318359375
vt 0.4443359375 0.013671875
vt 0.44287109375 0.01025390625
vt 0.441162109375 0.0107421875
vt 0.440673828125 0.00732421875
vt 0.439208984375 0.0078125
vt 0.438720703125 0.0048828125
vt 0.43798828125 0.00634765625
vt 0.43701171875 0.0048828125
vt 0.435791015625 0.00634765625
vt 0.435546875 0.00439453125
vt 0.433837890625 0.00439453125
vt 0.42822265625 0.00634765625
vt 0.42626953125 0.00390625
vt 1.4267578125 0.01708984375
vt 1.4306640625 0.01708984375
vt 1.4296875 0.01513671875
vt 1.431640625 0.01513671875
vt 1.43359375 0.0166015625
vt 1.43359375 0.01513671875
vt 1.435546875 0.01513671875
vt 1.4365234375 0.0166015625
vt 1.439453125 0.01513671875
vt 1.4404296875 0.0166015625
vt 1.4423828125 0.01318359375
vt 1.4443359375 0.013671875
vt 1.4423828125 0.01025390625
vt 1.4404296875 0.0107421875
vt 1.4404296875 0.00732421875
vt 1.4384765625 0.0078125
vt 1.4384765625 0.0048828125
vt 1.4375 0.00634765625
vt 1.4365234375 0.0048828125
vt 1.435546875 0.00634765625
vt 1.435546875 0.00439453125
vt 1.43359375 0.00439453125
vt 1.427734375 0.00634765625
vt 1.42578125 0.00390625
vt 0.80517578125 0.66943359375
vt 0.80126953125 0.636474609375
vt 0.80517578125 0.636474609375
vt 0.80126953125 0.67138671875
vt 0.79541015625 0.63671875
vt 0.79541015625 0.672119140625
vt 0.7216796875 0.67236328125
vt 0.72119140625 0.63720703125
vt 0.71630859375 0.67138671875
vt 0.7158203125 0.63720703125
vt 0.211181640625 0.3408203125
vt 0.22900390625 0.36474609375
vt 0.211181640625 0.36474609375
vt 0.22900390625 0.3408203125
vt 0.22900390625 0.33349609375
vt 0.211181640625 0.33349609375
vt 1.2109375 0.3408203125
vt 1.228515625 0.33349609375
vt 1.2109375 0.33349609375
vt 1.228515625 0.3408203125
vt 1.228515625 0.36474609375
vt 1.2109375 0.36474609375
vt 0.5439453125 0.009765625
vt 0.5439453125 0.0068359375
vt 0.5458984375 0.0087890625
vt 0.546875 0.0068359375
vt 0.5458984375 0.0048828125
vt 0.5439453125 0.00390625
vt 1.5439453125 0.009765625
vt 1.5458984375 0.0087890625
vt 1.5439453125 0.0068359375
vt 1.546875 0.0068359375
vt 1.5458984375 0.0048828125
vt 1.5439453125 0.00390625
vt 0.5068359375 0.56494140625
vt 0.52490234375 0.56591796875
vt 0.51953125 0.573974609375
vt 0.5029296875 0.573974609375
vt 0.478759765625 0.56396484375
vt 0.4775390625 0.573974609375
vt 0.448486328125 0.573974609375
vt 0.447021484375 0.56396484375
vt 0.41748046875 0.573974609375
vt 0.4111328125 0.563720703125
vt 0.378662109375 0.563720703125
vt 0.369140625 0.573974609375
vt 0.361572265625 0.565185546875
vt 0.322265625 0.569091796875
vt 0.310791015625 0.573974609375
vt 0.311279296875 0.56689453125
vt 0.2734375 0.56884765625
vt 0.2734375 0.573974609375
vt 0.2353515625 0.573974609375
vt 0.30908203125 0.552490234375
vt 0.34765625 0.557373046875
vt 0.2330322265625 0.570556640625
vt 0.1993408203125 0.573974609375
vt 0.1910400390625 0.572021484375
vt 0.269775390625 0.55712890625
vt 0.2283935546875 0.560791015625
vt 0.266845703125 0.540771484375
vt 0.307373046875 0.53173828125
vt 0.2255859375 0.548828125
vt 0.336669921875 0.53125
vt 0.1884765625 0.554931640625
vt 0.34521484375 0.5458984375
vt 0.361572265625 0.52978515625
vt 0.374755859375 0.548095703125
vt 0.372802734375 0.53955078125
vt 0.400634765625 0.529296875
vt 0.390625 0.539306640625
vt 0.1881103515625 0.5634765625
vt 0.169921875 0.557373046875
vt 0.16650390625 0.56494140625
vt 0.156494140625 0.559326171875
vt 0.187255859375 0.506591796875
vt 0.2020263671875 0.50341796875
vt 0.2174072265625 0.506103515625
vt 0.212646484375 0.498046875
vt 0.23193359375 0.49658203125
vt 0.236328125 0.505126953125
vt 0.269775390625 0.4912109375
vt 0.274658203125 0.501708984375
vt 0.2235107421875 0.48046875
vt 0.299072265625 0.486328125
vt 0.30712890625 0.49755859375
vt 0.260009765625 0.47607421875
vt 0.28759765625 0.47216796875
vt 0.32958984375 0.47998046875
vt 0.342529296875 0.490234375
vt 0.311279296875 0.46875
vt 0.343994140625 0.4755859375
vt 0.36083984375 0.48291015625
vt 0.33056640625 0.46533203125
vt 0.35400390625 0.47119140625
vt 0.375 0.474609375
vt 0.346923828125 0.4619140625
vt 0.36328125 0.4638671875
vt 0.391845703125 0.4580078125
vt 0.365234375 0.45849609375
vt 0.394287109375 0.44970703125
vt 0.38671875 0.443359375
vt 0.36279296875 0.45361328125
vt 0.369140625 0.439453125
vt 0.34228515625 0.453125
vt 0.33837890625 0.43701171875
vt 0.324462890625 0.455078125
vt 0.305419921875 0.43701171875
vt 0.30322265625 0.45751953125
vt 0.27880859375 0.43701171875
vt 0.278564453125 0.4599609375
vt 0.249755859375 0.43701171875
vt 0.25244140625 0.462890625
vt 0.2225341796875 0.43701171875
vt 0.21826171875 0.46630859375
vt 0.2022705078125 0.43701171875
vt 0.1905517578125 0.4833984375
vt 0.1805419921875 0.49169921875
vt 0.1605224609375 0.48583984375
vt 0.1905517578125 0.46826171875
vt 0.1903076171875 0.43701171875
vt 0.16943359375 0.43701171875
vt 0.1619873046875 0.46826171875
vt 0.1373291015625 0.4794921875
vt 0.135498046875 0.43701171875
vt 0.133056640625 0.46875
vt 0.10321044921875 0.4794921875
vt 0.10296630859375 0.43701171875
vt 0.10272216796875 0.46923828125
vt 0.06634521484375 0.451171875
vt 0.06854248046875 0.47021484375
vt 0.06829833984375 0.4794921875
vt 0.03704833984375 0.4794921875
vt 0.0306854248046875 0.4697265625
vt 0.021575927734375 0.4794921875
vt 0.01016998291015625 0.46923828125
vt 0.01016998291015625 0.4794921875
vt 0.0295867919921875 0.453125
vt 0.047821044921875 0.44970703125
vt 0.01016998291015625 0.453125
vt 0.027130126953125 0.447265625
vt 0.00390625 0.44677734375
vt 0.00839996337890625 0.44287109375
vt 1.5244140625 0.56591796875
vt 1.5068359375 0.56494140625
vt 1.51953125 0.573974609375
vt 1.5029296875 0.573974609375
vt 1.478515625 0.56396484375
vt 1.4775390625 0.573974609375
vt 1.4482421875 0.573974609375
vt 1.4462890625 0.56396484375
vt 1.4169921875 0.573974609375
vt 1.4111328125 0.563720703125
vt 1.3779296875 0.563720703125
vt 1.369140625 0.573974609375
vt 1.361328125 0.565185546875
vt 1.322265625 0.569091796875
vt 1.310546875 0.573974609375
vt 1.310546875 0.56689453125
vt 1.2734375 0.56884765625
vt 1.2734375 0.573974609375
vt 1.2353515625 0.573974609375
vt 1.30859375 0.552490234375
vt 1.34765625 0.557373046875
vt 1.232421875 0.570556640625
vt 1.19921875 0.573974609375
vt 1.1904296875 0.572021484375
vt 1.26953125 0.55712890625
vt 1.2275390625 0.560791015625
vt 1.2666015625 0.540771484375
vt 1.306640625 0.53173828125
vt 1.2255859375 0.548828125
vt 1.3359375 0.53125
vt 1.1884765625 0.554931640625
vt 1.3447265625 0.5458984375
vt 1.361328125 0.52978515625
vt 1.3740234375 0.548095703125
vt 1.3720703125 0.53955078125
vt 1.400390625 0.529296875
vt 1.390625 0.539306640625
vt 1.1875 0.5634765625
vt 1.169921875 0.557373046875
vt 1.166015625 0.56494140625
vt 1.15625 0.559326171875
vt 1.1865234375 0.506591796875
vt 1.216796875 0.506103515625
vt 1.201171875 0.50341796875
vt 1.2119140625 0.498046875
vt 1.2314453125 0.49658203125
vt 1.236328125 0.505126953125
vt 1.26953125 0.4912109375
vt 1.2744140625 0.501708984375
vt 1.22265625 0.48046875
vt 1.298828125 0.486328125
vt 1.306640625 0.49755859375
vt 1.259765625 0.47607421875
vt 1.287109375 0.47216796875
vt 1.3291015625 0.47998046875
vt 1.341796875 0.490234375
vt 1.310546875 0.46875
vt 1.34375 0.4755859375
vt 1.3603515625 0.48291015625
vt 1.330078125 0.46533203125
vt 1.353515625 0.47119140625
vt 1.375 0.474609375
vt 1.3466796875 0.4619140625
vt 1.36328125 0.4638671875
vt 1.3916015625 0.4580078125
vt 1.365234375 0.45849609375
vt 1.3935546875 0.44970703125
vt 1.38671875 0.443359375
vt 1.3623046875 0.45361328125
vt 1.369140625 0.439453125
vt 1.341796875 0.453125
vt 1.337890625 0.43701171875
vt 1.32421875 0.455078125
vt 1.3046875 0.43701171875
vt 1.302734375 0.45751953125
vt 1.2783203125 0.43701171875
vt 1.2783203125 0.4599609375
vt 1.2490234375 0.43701171875
vt 1.251953125 0.462890625
vt 1.2216796875 0.43701171875
vt 1.2177734375 0.46630859375
vt 1.2021484375 0.43701171875
vt 1.1904296875 0.4833984375
vt 1.1796875 0.49169921875
vt 1.16015625 0.48583984375
vt 1.1904296875 0.46826171875
vt 1.189453125 0.43701171875
vt 1.1689453125 0.43701171875
vt 1.1611328125 0.46826171875
vt 1.13671875 0.4794921875
vt 1.134765625 0.43701171875
vt 1.1328125 0.46875
vt 1.1025390625 0.4794921875
vt 1.1025390625 0.43701171875
vt 1.1025390625 0.46923828125
vt 1.0654296875 0.451171875
vt 1.068359375 0.47021484375
vt 1.0673828125 0.4794921875
vt 1.0361328125 0.4794921875
vt 1.0302734375 0.4697265625
vt 1.021484375 0.4794921875
vt 1.009765625 0.46923828125
vt 1.009765625 0.4794921875
vt 1.029296875 0.453125
vt 1.046875 0.44970703125
vt 1.009765625 0.453125
vt 1.0263671875 0.447265625
vt 1.00390625 0.44677734375
vt 1.0078125 0.44287109375
vt 0.463623046875 0.16455078125
vt 0.465576171875 0.15771484375
vt 0.46923828125 0.16455078125
vt 0.470703125 0.15966796875
vt 0.496337890625 0.16455078125
vt 0.47265625 0.15087890625
vt 0.496826171875 0.15966796875
vt 0.5029296875 0.16455078125
vt 0.50390625 0.15966796875
vt 0.477294921875 0.154296875
vt 0.47802734375 0.1455078125
vt 0.497314453125 0.15576171875
vt 0.50439453125 0.1552734375
vt 0.483154296875 0.1484375
vt 0.481689453125 0.13818359375
vt 0.496826171875 0.15185546875
vt 0.50439453125 0.150390625
vt 0.4951171875 0.1435546875
vt 0.50244140625 0.142578125
vt 0.4873046875 0.14013671875
vt 0.493408203125 0.13427734375
vt 0.50048828125 0.13330078125
vt 0.497314453125 0.12353515625
vt 0.48876953125 0.13134765625
vt 0.48291015625 0.13037109375
vt 0.4912109375 0.12548828125
vt 0.48779296875 0.1240234375
vt 0.48291015625 0.12255859375
vt 0.490234375 0.11865234375
vt 0.49609375 0.11572265625
vt 0.488037109375 0.11328125
vt 0.48583984375 0.11767578125
vt 0.483642578125 0.11328125
vt 1.462890625 0.16455078125
vt 1.46875 0.16455078125
vt 1.46484375 0.15771484375
vt 1.470703125 0.15966796875
vt 1.49609375 0.16455078125
vt 1.47265625 0.15087890625
vt 1.49609375 0.15966796875
vt 1.5029296875 0.16455078125
vt 1.50390625 0.15966796875
vt 1.4765625 0.154296875
vt 1.4775390625 0.1455078125
vt 1.4970703125 0.15576171875
vt 1.50390625 0.1552734375
vt 1.482421875 0.1484375
vt 1.4814453125 0.13818359375
vt 1.49609375 0.15185546875
vt 1.50390625 0.150390625
vt 1.4951171875 0.1435546875
vt 1.501953125 0.142578125
vt 1.4873046875 0.14013671875
vt 1.4931640625 0.13427734375
vt 1.5 0.13330078125
vt 1.4970703125 0.12353515625
vt 1.48828125 0.13134765625
vt 1.482421875 0.13037109375
vt 1.4912109375 0.12548828125
vt 1.4873046875 0.1240234375
vt 1.482421875 0.12255859375
vt 1.490234375 0.11865234375
vt 1.49609375 0.11572265625
vt 1.4873046875 0.11328125
vt 1.4853515625 0.11767578125
vt 1.4833984375 0.11328125
vt 0.364013671875 0.251953125
vt 0.37841796875 0.25
vt 0.365966796875 0.2548828125
vt 0.36572265625 0.24267578125
vt 0.35595703125 0.24951171875
vt 0.37744140625 0.23779296875
vt 0.35595703125 0.2421875
vt 1.36328125 0.251953125
vt 1.365234375 0.2548828125
vt 1.3779296875 0.25
vt 1.365234375 0.24267578125
vt 1.35546875 0.24951171875
vt 1.376953125 0.23779296875
vt 1.35546875 0.2421875
vt 0.499755859375 0.08349609375
vt 0.51416015625 0.09326171875
vt 0.51025390625 0.095703125
vt 0.498291015625 0.08984375
vt 0.484130859375 0.08740234375
vt 0.49365234375 0.1044921875
vt 0.48193359375 0.10205078125
vt 0.50244140625 0.0771484375
vt 0.52001953125 0.08984375
vt 0.4814453125 0.072265625
vt 0.468017578125 0.0888671875
vt 0.468994140625 0.10205078125
vt 0.458740234375 0.1015625
vt 0.476806640625 0.078125
vt 0.443115234375 0.09130859375
vt 0.45556640625 0.09423828125
vt 0.4619140625 0.08203125
vt 0.457275390625 0.07177734375
vt 0.458740234375 0.0673828125
vt 0.449951171875 0.0751953125
vt 0.4794921875 0.06494140625
vt 0.45751953125 0.0634765625
vt 0.443603515625 0.08203125
vt 0.438232421875 0.07666015625
vt 0.47119140625 0.05810546875
vt 0.454345703125 0.06005859375
vt 0.423095703125 0.08203125
vt 0.4228515625 0.07763671875
vt 0.40625 0.07861328125
vt 0.42333984375 0.091796875
vt 0.406005859375 0.08154296875
vt 0.392333984375 0.08154296875
vt 0.40625 0.091796875
vt 0.385986328125 0.0927734375
vt 0.374267578125 0.08154296875
vt 0.370361328125 0.09130859375
vt 0.383544921875 0.103515625
vt 0.350830078125 0.08154296875
vt 0.349609375 0.08837890625
vt 0.3681640625 0.1005859375
vt 0.34765625 0.09521484375
vt 0.333740234375 0.0849609375
vt 0.332763671875 0.08154296875
vt 0.33056640625 0.087890625
vt 0.320068359375 0.08154296875
vt 0.484375 0.06494140625
vt 0.48095703125 0.05419921875
vt 0.4931640625 0.05908203125
vt 0.468017578125 0.0498046875
vt 0.486083984375 0.04345703125
vt 0.50927734375 0.06298828125
vt 0.459716796875 0.0537109375
vt 0.448974609375 0.056640625
vt 0.4443359375 0.04931640625
vt 0.4384765625 0.05322265625
vt 0.447998046875 0.04345703125
vt 0.425537109375 0.04638671875
vt 0.423828125 0.05126953125
vt 0.425537109375 0.0380859375
vt 0.413330078125 0.04833984375
vt 0.414306640625 0.05126953125
vt 0.404052734375 0.0498046875
vt 0.409423828125 0.03466796875
vt 0.3974609375 0.03369140625
vt 0.394775390625 0.04833984375
vt 0.423095703125 0.02685546875
vt 0.408203125 0.0283203125
vt 0.4404296875 0.0263671875
vt 0.396484375 0.03076171875
vt 0.447265625 0.0341796875
vt 0.460205078125 0.02587890625
vt 0.461669921875 0.0341796875
vt 0.477294921875 0.02490234375
vt 0.479736328125 0.03271484375
vt 0.496337890625 0.0244140625
vt 0.49755859375 0.03173828125
vt 0.51416015625 0.029296875
vt 0.5009765625 0.0400390625
vt 0.51318359375 0.03759765625
vt 0.5009765625 0.0517578125
vt 0.51171875 0.04833984375
vt 0.51220703125 0.05712890625
vt 0.5263671875 0.05029296875
vt 0.52734375 0.0390625
vt 0.52783203125 0.0302734375
vt 0.533203125 0.06005859375
vt 0.5390625 0.03759765625
vt 0.53857421875 0.029296875
vt 0.5390625 0.048828125
vt 0.552734375 0.0341796875
vt 0.55078125 0.0263671875
vt 0.56005859375 0.0224609375
vt 0.5537109375 0.04443359375
vt 0.55078125 0.060546875
vt 0.53125 0.06591796875
vt 0.54833984375 0.06689453125
vt 0.52294921875 0.07861328125
vt 0.54736328125 0.08154296875
vt 0.546875 0.09326171875
vt 0.55712890625 0.07177734375
vt 0.56103515625 0.08251953125
vt 0.55859375 0.0908203125
vt 0.55859375 0.06689453125
vt 0.5693359375 0.0751953125
vt 0.5625 0.06005859375
vt 0.57177734375 0.06640625
vt 0.56591796875 0.03759765625
vt 0.57666015625 0.06103515625
vt 0.56298828125 0.02880859375
vt 0.578125 0.04931640625
vt 0.5732421875 0.0283203125
vt 0.56982421875 0.02099609375
vt 0.56591796875 0.015625
vt 0.57421875 0.01953125
vt 0.572265625 0.01171875
vt 0.5703125 0.00390625
vt 0.58544921875 0.013671875
vt 0.5859375 0.0205078125
vt 0.60205078125 0.02001953125
vt 0.5869140625 0.0283203125
vt 0.60107421875 0.02685546875
vt 0.61767578125 0.0244140625
vt 0.6015625 0.046875
vt 0.6005859375 0.03466796875
vt 0.6171875 0.03125
vt 0.6162109375 0.03857421875
vt 0.60205078125 0.05322265625
vt 0.63623046875 0.04638671875
vt 0.63623046875 0.0400390625
vt 0.63671875 0.03369140625
vt 0.63720703125 0.02734375
vt 0.65966796875 0.04052734375
vt 0.65966796875 0.03466796875
vt 0.65966796875 0.0283203125
vt 0.65966796875 0.04638671875
vt 0.63671875 0.052734375
vt 0.65966796875 0.052734375
vt 0.63671875 0.0615234375
vt 0.65966796875 0.06103515625
vt 0.60302734375 0.0615234375
vt 0.63671875 0.0703125
vt 0.65966796875 0.0703125
vt 0.65966796875 0.076171875
vt 0.63671875 0.076171875
vt 0.60400390625 0.076171875
vt 0.603515625 0.0703125
vt 0.59521484375 0.076171875
vt 0.59375 0.07080078125
vt 0.591796875 0.07958984375
vt 0.58740234375 0.0634765625
vt 0.587890625 0.072265625
vt 0.5751953125 0.083984375
vt 0.580078125 0.06787109375
vt 0.57080078125 0.0869140625
vt 1.513671875 0.09326171875
vt 1.4990234375 0.08349609375
vt 1.509765625 0.095703125
vt 1.498046875 0.08984375
vt 1.4833984375 0.08740234375
vt 1.4931640625 0.1044921875
vt 1.4814453125 0.10205078125
vt 1.501953125 0.0771484375
vt 1.51953125 0.08984375
vt 1.4814453125 0.072265625
vt 1.4677734375 0.0888671875
vt 1.46875 0.10205078125
vt 1.4580078125 0.1015625
vt 1.4765625 0.078125
vt 1.4423828125 0.09130859375
vt 1.455078125 0.09423828125
vt 1.4619140625 0.08203125
vt 1.45703125 0.07177734375
vt 1.4580078125 0.0673828125
vt 1.44921875 0.0751953125
vt 1.4794921875 0.06494140625
vt 1.45703125 0.0634765625
vt 1.443359375 0.08203125
vt 1.4375 0.07666015625
vt 1.4228515625 0.08203125
vt 1.4228515625 0.07763671875
vt 1.40625 0.07861328125
vt 1.4228515625 0.091796875
vt 1.4052734375 0.08154296875
vt 1.3916015625 0.08154296875
vt 1.40625 0.091796875
vt 1.3857421875 0.0927734375
vt 1.3740234375 0.08154296875
vt 1.3701171875 0.09130859375
vt 1.3828125 0.103515625
vt 1.3505859375 0.08154296875
vt 1.349609375 0.08837890625
vt 1.3681640625 0.1005859375
vt 1.34765625 0.09521484375
vt 1.3330078125 0.0849609375
vt 1.33203125 0.08154296875
vt 1.330078125 0.087890625
vt 1.3193359375 0.08154296875
vt 1.484375 0.06494140625
vt 1.470703125 0.05810546875
vt 1.4541015625 0.06005859375
vt 1.4931640625 0.05908203125
vt 1.458984375 0.0537109375
vt 1.4482421875 0.056640625
vt 1.48046875 0.05419921875
vt 1.4677734375 0.0498046875
vt 1.4443359375 0.04931640625
vt 1.4384765625 0.05322265625
vt 1.447265625 0.04345703125
vt 1.4248046875 0.04638671875
vt 1.423828125 0.05126953125
vt 1.4248046875 0.0380859375
vt 1.4130859375 0.04833984375
vt 1.4140625 0.05126953125
vt 1.4033203125 0.0498046875
vt 1.4091796875 0.03466796875
vt 1.3974609375 0.03369140625
vt 1.39453125 0.04833984375
vt 1.4228515625 0.02685546875
vt 1.408203125 0.0283203125
vt 1.4404296875 0.0263671875
vt 1.396484375 0.03076171875
vt 1.447265625 0.0341796875
vt 1.4599609375 0.02587890625
vt 1.3916015625 0.03369140625
vt 1.390625 0.0322265625
vt 1.3857421875 0.033203125
vt 1.4609375 0.0341796875
vt 1.4765625 0.02490234375
vt 1.4794921875 0.03271484375
vt 1.49609375 0.0244140625
vt 1.4853515625 0.04345703125
vt 1.4970703125 0.03173828125
vt 1.513671875 0.029296875
vt 1.5126953125 0.03759765625
vt 1.5009765625 0.0400390625
vt 1.5009765625 0.0517578125
vt 1.52734375 0.0390625
vt 1.52734375 0.0302734375
vt 1.51171875 0.04833984375
vt 1.5263671875 0.05029296875
vt 1.51171875 0.05712890625
vt 1.5087890625 0.06298828125
vt 1.533203125 0.06005859375
vt 1.5224609375 0.07861328125
vt 1.53125 0.06591796875
vt 1.546875 0.09326171875
vt 1.546875 0.08154296875
vt 1.5478515625 0.06689453125
vt 1.5390625 0.048828125
vt 1.55078125 0.060546875
vt 1.5390625 0.03759765625
vt 1.5380859375 0.029296875
vt 1.5537109375 0.04443359375
vt 1.552734375 0.0341796875
vt 1.55078125 0.0263671875
vt 1.5595703125 0.0224609375
vt 1.5654296875 0.03759765625
vt 1.5625 0.02880859375
vt 1.5693359375 0.02099609375
vt 1.5654296875 0.015625
vt 1.5732421875 0.0283203125
vt 1.5625 0.06005859375
vt 1.578125 0.04931640625
vt 1.57421875 0.01953125
vt 1.572265625 0.01171875
vt 1.5703125 0.00390625
vt 1.5849609375 0.013671875
vt 1.5859375 0.0205078125
vt 1.6015625 0.02001953125
vt 1.5869140625 0.0283203125
vt 1.6005859375 0.02685546875
vt 1.6171875 0.0244140625
vt 1.6005859375 0.03466796875
vt 1.6171875 0.03125
vt 1.6015625 0.046875
vt 1.6162109375 0.03857421875
vt 1.63671875 0.03369140625
vt 1.63671875 0.02734375
vt 1.6357421875 0.0400390625
vt 1.6591796875 0.03466796875
vt 1.6591796875 0.0283203125
vt 1.6591796875 0.04052734375
vt 1.6357421875 0.04638671875
vt 1.6591796875 0.04638671875
vt 1.6015625 0.05322265625
vt 1.63671875 0.052734375
vt 1.6591796875 0.052734375
vt 1.63671875 0.0615234375
vt 1.6591796875 0.06103515625
vt 1.576171875 0.06103515625
vt 1.63671875 0.0703125
vt 1.6591796875 0.0703125
vt 1.6591796875 0.076171875
vt 1.63671875 0.076171875
vt 1.6025390625 0.0615234375
vt 1.603515625 0.0703125
vt 1.603515625 0.076171875
vt 1.5947265625 0.076171875
vt 1.59375 0.07080078125
vt 1.591796875 0.07958984375
vt 1.5869140625 0.0634765625
vt 1.587890625 0.072265625
vt 1.5751953125 0.083984375
vt 1.580078125 0.06787109375
vt 1.5693359375 0.0751953125
vt 1.5712890625 0.06640625
vt 1.5703125 0.0869140625
vt 1.55859375 0.06689453125
vt 1.556640625 0.07177734375
vt 1.560546875 0.08251953125
vt 1.55859375 0.0908203125
vt 0.4541015625 0.3408203125
vt 0.4580078125 0.35302734375
vt 0.44091796875 0.35693359375
vt 0.431640625 0.3623046875
vt 0.4296875 0.34375
vt 0.42041015625 0.35009765625
vt 0.415283203125 0.37109375
vt 0.407470703125 0.3564453125
vt 0.390869140625 0.36328125
vt 0.394775390625 0.38330078125
vt 0.37890625 0.3671875
vt 0.374755859375 0.34765625
vt 0.380126953125 0.39208984375
vt 0.369384765625 0.38671875
vt 0.368408203125 0.36669921875
vt 0.35791015625 0.38330078125
vt 0.365234375 0.35205078125
vt 0.357177734375 0.36669921875
vt 0.35107421875 0.3818359375
vt 0.345947265625 0.3671875
vt 0.346435546875 0.38134765625
vt 0.3408203125 0.38037109375
vt 0.271728515625 0.38671875
vt 0.28173828125 0.376953125
vt 0.283935546875 0.3818359375
vt 0.27294921875 0.38037109375
vt 0.279296875 0.3740234375
vt 0.269775390625 0.369140625
vt 0.2685546875 0.3798828125
vt 0.26904296875 0.38720703125
vt 0.50146484375 0.37890625
vt 0.53173828125 0.37109375
vt 0.5107421875 0.380859375
vt 0.5341796875 0.37353515625
vt 0.54345703125 0.37744140625
vt 0.55419921875 0.36328125
vt 0.560546875 0.3662109375
vt 0.5576171875 0.37646484375
vt 0.5830078125 0.35302734375
vt 0.58447265625 0.36865234375
vt 0.580078125 0.36083984375
vt 0.60400390625 0.3544921875
vt 0.6005859375 0.34619140625
vt 0.60693359375 0.36376953125
vt 0.6279296875 0.34814453125
vt 0.6357421875 0.33056640625
vt 0.63525390625 0.359375
vt 0.662109375 0.3388671875
vt 0.66455078125 0.3564453125
vt 0.6650390625 0.3154296875
vt 0.69677734375 0.35595703125
vt 0.71044921875 0.32861328125
vt 0.72021484375 0.361328125
vt 0.69775390625 0.2998046875
vt 0.6962890625 0.2978515625
vt 0.72265625 0.3173828125
vt 0.712890625 0.28955078125
vt 0.71142578125 0.2861328125
vt 0.72265625 0.2744140625
vt 0.73291015625 0.3388671875
vt 0.728515625 0.2763671875
vt 0.73486328125 0.25390625
vt 0.734375 0.306640625
vt 0.74169921875 0.33203125
vt 0.7626953125 0.31982421875
vt 0.76708984375 0.33935546875
vt 0.7744140625 0.35107421875
vt 0.7470703125 0.29248046875
vt 0.76806640625 0.29736328125
vt 0.77880859375 0.27294921875
vt 0.7421875 0.349609375
vt 0.7646484375 0.3525390625
vt 0.75732421875 0.353515625
vt 0.75390625 0.35546875
vt 0.73583984375 0.35107421875
vt 0.73974609375 0.35888671875
vt 0.7373046875 0.36962890625
vt 0.7490234375 0.369140625
vt 0.7607421875 0.3642578125
vt 0.74853515625 0.37939453125
vt 0.75732421875 0.3779296875
vt 0.7734375 0.376953125
vt 0.75927734375 0.39111328125
vt 0.765625 0.39013671875
vt 0.783203125 0.388671875
vt 0.771484375 0.4013671875
vt 0.76708984375 0.4033203125
vt 0.79248046875 0.40087890625
vt 0.76708984375 0.263671875
vt 0.7890625 0.25048828125
vt 0.74365234375 0.2568359375
vt 0.7783203125 0.2451171875
vt 0.74365234375 0.24462890625
vt 0.7353515625 0.24609375
vt 0.73291015625 0.23388671875
vt 0.728515625 0.2392578125
vt 0.71142578125 0.234375
vt 0.712890625 0.228515625
vt 0.68115234375 0.23193359375
vt 0.68115234375 0.2265625
vt 0.64794921875 0.23193359375
vt 0.64892578125 0.2265625
vt 0.65478515625 0.21337890625
vt 0.634765625 0.212890625
vt 0.62158203125 0.23193359375
vt 0.62109375 0.22705078125
vt 0.5927734375 0.23193359375
vt 0.62646484375 0.2109375
vt 0.59033203125 0.2265625
vt 0.56640625 0.23193359375
vt 0.56787109375 0.2255859375
vt 0.546875 0.23193359375
vt 0.61181640625 0.197265625
vt 0.54638671875 0.22607421875
vt 0.5673828125 0.212890625
vt 0.587890625 0.20703125
vt 0.6064453125 0.18603515625
vt 0.58251953125 0.1943359375
vt 0.5625 0.19921875
vt 0.5478515625 0.216796875
vt 0.54443359375 0.205078125
vt 0.54052734375 0.2177734375
vt 0.53369140625 0.208984375
vt 0.53515625 0.22607421875
vt 0.52685546875 0.23193359375
vt 0.525390625 0.224609375
vt 0.51416015625 0.22119140625
vt 0.51708984375 0.23193359375
vt 0.50927734375 0.23193359375
vt 0.8974609375 0.54052734375
vt 0.9267578125 0.54541015625
vt 0.9169921875 0.565673828125
vt 0.86669921875 0.538330078125
vt 0.8896484375 0.561279296875
vt 0.86279296875 0.560302734375
vt 0.818359375 0.536865234375
vt 0.818359375 0.560302734375
vt 0.85888671875 0.58349609375
vt 0.818359375 0.58349609375
vt 0.78076171875 0.58349609375
vt 0.7783203125 0.561279296875
vt 0.7607421875 0.5361328125
vt 0.7470703125 0.58349609375
vt 0.74658203125 0.56298828125
vt 0.72314453125 0.53662109375
vt 0.72265625 0.564697265625
vt 0.6845703125 0.541015625
vt 0.703125 0.574951171875
vt 0.6875 0.576171875
vt 0.67041015625 0.561279296875
vt 0.71044921875 0.566650390625
vt 0.66552734375 0.5498046875
vt 0.64892578125 0.546142578125
vt 0.6552734375 0.55126953125
vt 0.640625 0.546630859375
vt 0.81396484375 0.2353515625
vt 0.80810546875 0.2529296875
vt 0.80810546875 0.2353515625
vt 0.81494140625 0.25341796875
vt 0.80810546875 0.2646484375
vt 0.81884765625 0.236328125
vt 0.81494140625 0.26513671875
vt 0.80810546875 0.27880859375
vt 0.82177734375 0.25341796875
vt 0.82373046875 0.2373046875
vt 0.8359375 0.25634765625
vt 0.8232421875 0.26513671875
vt 0.8154296875 0.2802734375
vt 0.80810546875 0.29638671875
vt 0.82373046875 0.2802734375
vt 0.81640625 0.2958984375
vt 0.80810546875 0.3115234375
vt 0.82421875 0.294921875
vt 0.81640625 0.31103515625
vt 0.80810546875 0.3310546875
vt 0.82470703125 0.31005859375
vt 0.81689453125 0.33056640625
vt 0.6083984375 0.4951171875
vt 0.6015625 0.49755859375
vt 0.6044921875 0.4921875
vt 0.60498046875 0.5
vt 0.5927734375 0.505126953125
vt 0.6103515625 0.5
vt 0.62158203125 0.4814453125
vt 0.6220703125 0.50146484375
vt 0.61279296875 0.49609375
vt 0.63037109375 0.48876953125
vt 0.6181640625 0.506103515625
vt 0.63232421875 0.505859375
vt 0.640625 0.49462890625
vt 0.6142578125 0.509765625
vt 0.6474609375 0.51171875
vt 0.6533203125 0.501220703125
vt 0.62890625 0.5146484375
vt 0.6435546875 0.520751953125
vt 0.6259765625 0.52392578125
vt 0.6171875 0.5205078125
vt 0.638671875 0.529052734375
vt 0.61083984375 0.520263671875
vt 0.65771484375 0.5263671875
vt 0.65576171875 0.5361328125
vt 0.6083984375 0.513427734375
vt 0.60693359375 0.505126953125
vt 0.59619140625 0.519775390625
vt 0.59716796875 0.525146484375
vt 0.595703125 0.51318359375
vt 0.5947265625 0.508056640625
vt 0.58154296875 0.51318359375
vt 0.58056640625 0.510009765625
vt 0.58203125 0.518798828125
vt 0.568359375 0.51708984375
vt 0.5673828125 0.513671875
vt 0.58251953125 0.525390625
vt 0.58251953125 0.53076171875
vt 0.56884765625 0.52294921875
vt 0.552734375 0.52001953125
vt 0.552734375 0.5166015625
vt 0.56884765625 0.52978515625
vt 0.5693359375 0.535888671875
vt 0.5537109375 0.526611328125
vt 0.55419921875 0.533447265625
vt 0.55517578125 0.54150390625
vt 0.53662109375 0.53662109375
vt 0.53857421875 0.54736328125
vt 0.5341796875 0.529052734375
vt 0.52197265625 0.538818359375
vt 0.5234375 0.551513671875
vt 0.5322265625 0.5205078125
vt 0.5322265625 0.51708984375
vt 0.51806640625 0.529296875
vt 0.51513671875 0.516845703125
vt 0.51513671875 0.513427734375
vt 0.51025390625 0.528076171875
vt 0.505859375 0.5126953125
vt 0.50537109375 0.50927734375
vt 0.499755859375 0.514892578125
vt 0.499267578125 0.510986328125
vt 0.49951171875 0.52587890625
vt 0.489013671875 0.514404296875
vt 0.489501953125 0.510009765625
vt 0.501953125 0.531494140625
vt 0.475830078125 0.505859375
vt 0.477294921875 0.5029296875
vt 0.485595703125 0.52099609375
vt 0.485595703125 0.52587890625
vt 0.5078125 0.539306640625
vt 0.5078125 0.55322265625
vt 0.489013671875 0.53759765625
vt 0.4853515625 0.55615234375
vt 0.477294921875 0.53515625
vt 0.4638671875 0.541015625
vt 0.47412109375 0.522216796875
vt 0.462646484375 0.53173828125
vt 0.4443359375 0.53466796875
vt 0.44970703125 0.52783203125
vt 0.471923828125 0.51220703125
vt 0.46240234375 0.518798828125
vt 0.448486328125 0.51611328125
vt 0.46484375 0.49755859375
vt 0.46728515625 0.4951171875
vt 0.459716796875 0.48681640625
vt 0.452880859375 0.4892578125
vt 0.461181640625 0.504150390625
vt 0.44775390625 0.4951171875
vt 0.1719970703125 0.61865234375
vt 0.1470947265625 0.633544921875
vt 0.1422119140625 0.61865234375
vt 0.1773681640625 0.6328125
vt 0.159423828125 0.646484375
vt 0.1876220703125 0.61865234375
vt 0.1883544921875 0.6435546875
vt 0.1785888671875 0.656494140625
vt 0.20361328125 0.61865234375
vt 0.1923828125 0.6640625
vt 0.203125 0.647705078125
vt 0.19873046875 0.6708984375
vt 0.232177734375 0.61865234375
vt 0.2144775390625 0.66845703125
vt 0.2313232421875 0.64892578125
vt 0.269775390625 0.61865234375
vt 0.240234375 0.665283203125
vt 0.26953125 0.64794921875
vt 0.267578125 0.66748046875
vt 0.29541015625 0.61865234375
vt 0.289306640625 0.667236328125
vt 0.294677734375 0.64892578125
vt 0.309814453125 0.6669921875
vt 0.322998046875 0.64794921875
vt 0.33251953125 0.66064453125
vt 0.32421875 0.61865234375
vt 0.35009765625 0.651611328125
vt 0.335693359375 0.640869140625
vt 0.357177734375 0.64501953125
vt 0.337890625 0.635986328125
vt 0.339111328125 0.61865234375
vt 0.360595703125 0.638916015625
vt 0.36376953125 0.61865234375
vt 1.4580078125 0.35302734375
vt 1.4541015625 0.3408203125
vt 1.4404296875 0.35693359375
vt 1.4296875 0.34375
vt 1.431640625 0.3623046875
vt 1.419921875 0.35009765625
vt 1.4150390625 0.37109375
vt 1.4072265625 0.3564453125
vt 1.390625 0.36328125
vt 1.39453125 0.38330078125
vt 1.37890625 0.3671875
vt 1.3740234375 0.34765625
vt 1.3798828125 0.39208984375
vt 1.369140625 0.38671875
vt 1.3681640625 0.36669921875
vt 1.365234375 0.35205078125
vt 1.357421875 0.38330078125
vt 1.3564453125 0.36669921875
vt 1.3505859375 0.3818359375
vt 1.345703125 0.3671875
vt 1.345703125 0.38134765625
vt 1.3408203125 0.38037109375
vt 1.271484375 0.38671875
vt 1.283203125 0.3818359375
vt 1.28125 0.376953125
vt 1.2724609375 0.38037109375
vt 1.279296875 0.3740234375
vt 1.2685546875 0.3798828125
vt 1.2685546875 0.38720703125
vt 1.26953125 0.369140625
vt 1.771484375 0.4013671875
vt 1.7919921875 0.40087890625
vt 1.783203125 0.388671875
vt 1.7587890625 0.39111328125
vt 1.7666015625 0.4033203125
vt 1.765625 0.39013671875
vt 1.7734375 0.376953125
vt 1.7568359375 0.3779296875
vt 1.748046875 0.37939453125
vt 1.7607421875 0.3642578125
vt 1.7490234375 0.369140625
vt 1.7373046875 0.36962890625
vt 1.75390625 0.35546875
vt 1.7392578125 0.35888671875
vt 1.7197265625 0.361328125
vt 1.7353515625 0.35107421875
vt 1.7421875 0.349609375
vt 1.7568359375 0.353515625
vt 1.7646484375 0.3525390625
vt 1.7744140625 0.35107421875
vt 1.732421875 0.3388671875
vt 1.7666015625 0.33935546875
vt 1.7099609375 0.32861328125
vt 1.6962890625 0.35595703125
vt 1.7412109375 0.33203125
vt 1.7626953125 0.31982421875
vt 1.72265625 0.3173828125
vt 1.734375 0.306640625
vt 1.7470703125 0.29248046875
vt 1.767578125 0.29736328125
vt 1.7783203125 0.27294921875
vt 1.712890625 0.28955078125
vt 1.7666015625 0.263671875
vt 1.7890625 0.25048828125
vt 1.728515625 0.2763671875
vt 1.7431640625 0.2568359375
vt 1.7783203125 0.2451171875
vt 1.734375 0.25390625
vt 1.72265625 0.2744140625
vt 1.7109375 0.2861328125
vt 1.6962890625 0.2978515625
vt 1.7431640625 0.24462890625
vt 1.7353515625 0.24609375
vt 1.697265625 0.2998046875
vt 1.6650390625 0.3154296875
vt 1.662109375 0.3388671875
vt 1.6640625 0.3564453125
vt 1.6357421875 0.33056640625
vt 1.634765625 0.359375
vt 1.6279296875 0.34814453125
vt 1.6005859375 0.34619140625
vt 1.6064453125 0.36376953125
vt 1.603515625 0.3544921875
vt 1.5830078125 0.35302734375
vt 1.583984375 0.36865234375
vt 1.580078125 0.36083984375
vt 1.560546875 0.3662109375
vt 1.5576171875 0.37646484375
vt 1.5537109375 0.36328125
vt 1.54296875 0.37744140625
vt 1.5341796875 0.37353515625
vt 1.53125 0.37109375
vt 1.5107421875 0.380859375
vt 1.5009765625 0.37890625
vt 1.732421875 0.23388671875
vt 1.728515625 0.2392578125
vt 1.712890625 0.228515625
vt 1.7109375 0.234375
vt 1.6806640625 0.23193359375
vt 1.6806640625 0.2265625
vt 1.6474609375 0.23193359375
vt 1.6484375 0.2265625
vt 1.654296875 0.21337890625
vt 1.634765625 0.212890625
vt 1.62109375 0.23193359375
vt 1.62109375 0.22705078125
vt 1.5927734375 0.23193359375
vt 1.6259765625 0.2109375
vt 1.58984375 0.2265625
vt 1.56640625 0.23193359375
vt 1.5673828125 0.2255859375
vt 1.546875 0.23193359375
vt 1.611328125 0.197265625
vt 1.5458984375 0.22607421875
vt 1.5673828125 0.212890625
vt 1.587890625 0.20703125
vt 1.6064453125 0.18603515625
vt 1.58203125 0.1943359375
vt 1.5625 0.19921875
vt 1.5478515625 0.216796875
vt 1.5439453125 0.205078125
vt 1.5400390625 0.2177734375
vt 1.533203125 0.208984375
vt 1.53515625 0.22607421875
vt 1.5263671875 0.23193359375
vt 1.525390625 0.224609375
vt 1.513671875 0.22119140625
vt 1.5166015625 0.23193359375
vt 1.5087890625 0.23193359375
vt 1.6484375 0.546142578125
vt 1.640625 0.546630859375
vt 1.6552734375 0.55126953125
vt 1.6650390625 0.5498046875
vt 1.6845703125 0.541015625
vt 1.669921875 0.561279296875
vt 1.7099609375 0.566650390625
vt 1.72265625 0.564697265625
vt 1.72265625 0.53662109375
vt 1.703125 0.574951171875
vt 1.6875 0.576171875
vt 1.74609375 0.56298828125
vt 1.7607421875 0.5361328125
vt 1.7783203125 0.561279296875
vt 1.7470703125 0.58349609375
vt 1.7802734375 0.58349609375
vt 1.818359375 0.536865234375
vt 1.818359375 0.560302734375
vt 1.818359375 0.58349609375
vt 1.8583984375 0.58349609375
vt 1.8623046875 0.560302734375
vt 1.8662109375 0.538330078125
vt 1.8896484375 0.561279296875
vt 1.8974609375 0.54052734375
vt 1.9169921875 0.565673828125
vt 1.9267578125 0.54541015625
vt 1.8076171875 0.2529296875
vt 1.8134765625 0.2353515625
vt 1.8076171875 0.2353515625
vt 1.814453125 0.25341796875
vt 1.818359375 0.236328125
vt 1.8076171875 0.2646484375
vt 1.8212890625 0.25341796875
vt 1.8232421875 0.2373046875
vt 1.8359375 0.25634765625
vt 1.814453125 0.26513671875
vt 1.8076171875 0.27880859375
vt 1.8232421875 0.26513671875
vt 1.8154296875 0.2802734375
vt 1.8076171875 0.29638671875
vt 1.8232421875 0.2802734375
vt 1.81640625 0.2958984375
vt 1.8076171875 0.3115234375
vt 1.82421875 0.294921875
vt 1.81640625 0.31103515625
vt 1.8076171875 0.3310546875
vt 1.82421875 0.31005859375
vt 1.81640625 0.33056640625
vt 1.6044921875 0.4921875
vt 1.6015625 0.49755859375
vt 1.6083984375 0.4951171875
vt 1.6220703125 0.50146484375
vt 1.62109375 0.4814453125
vt 1.6123046875 0.49609375
vt 1.6298828125 0.48876953125
vt 1.6044921875 0.5
vt 1.5927734375 0.505126953125
vt 1.6103515625 0.5
vt 1.6181640625 0.506103515625
vt 1.6318359375 0.505859375
vt 1.640625 0.49462890625
vt 1.6142578125 0.509765625
vt 1.6474609375 0.51171875
vt 1.6533203125 0.501220703125
vt 1.62890625 0.5146484375
vt 1.6435546875 0.520751953125
vt 1.6259765625 0.52392578125
vt 1.6171875 0.5205078125
vt 1.638671875 0.529052734375
vt 1.6103515625 0.520263671875
vt 1.6572265625 0.5263671875
vt 1.6552734375 0.5361328125
vt 1.6083984375 0.513427734375
vt 1.595703125 0.519775390625
vt 1.5966796875 0.525146484375
vt 1.6064453125 0.505126953125
vt 1.595703125 0.51318359375
vt 1.5947265625 0.508056640625
vt 1.5810546875 0.51318359375
vt 1.580078125 0.510009765625
vt 1.58203125 0.518798828125
vt 1.568359375 0.51708984375
vt 1.5673828125 0.513671875
vt 1.58203125 0.525390625
vt 1.58203125 0.53076171875
vt 1.568359375 0.52294921875
vt 1.568359375 0.52978515625
vt 1.5693359375 0.535888671875
vt 1.552734375 0.52001953125
vt 1.552734375 0.5166015625
vt 1.5537109375 0.526611328125
vt 1.5537109375 0.533447265625
vt 1.5546875 0.54150390625
vt 1.5361328125 0.53662109375
vt 1.5380859375 0.54736328125
vt 1.5341796875 0.529052734375
vt 1.5322265625 0.5205078125
vt 1.5322265625 0.51708984375
vt 1.521484375 0.538818359375
vt 1.5234375 0.551513671875
vt 1.517578125 0.529296875
vt 1.5146484375 0.516845703125
vt 1.5146484375 0.513427734375
vt 1.509765625 0.528076171875
vt 1.505859375 0.5126953125
vt 1.5048828125 0.50927734375
vt 1.501953125 0.531494140625
vt 1.4990234375 0.514892578125
vt 1.4990234375 0.510986328125
vt 1.4990234375 0.52587890625
vt 1.48828125 0.514404296875
vt 1.4892578125 0.510009765625
vt 1.4755859375 0.505859375
vt 1.4765625 0.5029296875
vt 1.4853515625 0.52099609375
vt 1.4853515625 0.52587890625
vt 1.4716796875 0.51220703125
vt 1.46484375 0.49755859375
vt 1.466796875 0.4951171875
vt 1.458984375 0.48681640625
vt 1.4521484375 0.4892578125
vt 1.4609375 0.504150390625
vt 1.447265625 0.4951171875
vt 1.4482421875 0.51611328125
vt 1.4619140625 0.518798828125
vt 1.44921875 0.52783203125
vt 1.4736328125 0.522216796875
vt 1.4619140625 0.53173828125
vt 1.4443359375 0.53466796875
vt 1.4638671875 0.541015625
vt 1.4765625 0.53515625
vt 1.4853515625 0.55615234375
vt 1.48828125 0.53759765625
vt 1.5078125 0.55322265625
vt 1.5078125 0.539306640625
vt 1.3388671875 0.61865234375
vt 1.3603515625 0.638916015625
vt 1.36328125 0.61865234375
vt 1.337890625 0.635986328125
vt 1.3564453125 0.64501953125
vt 1.32421875 0.61865234375
vt 1.3349609375 0.640869140625
vt 1.349609375 0.651611328125
vt 1.322265625 0.64794921875
vt 1.33203125 0.66064453125
vt 1.294921875 0.61865234375
vt 1.3095703125 0.6669921875
vt 1.2939453125 0.64892578125
vt 1.2890625 0.667236328125
vt 1.26953125 0.64794921875
vt 1.267578125 0.66748046875
vt 1.26953125 0.61865234375
vt 1.240234375 0.665283203125
vt 1.23046875 0.64892578125
vt 1.2314453125 0.61865234375
vt 1.2138671875 0.66845703125
vt 1.203125 0.647705078125
vt 1.1982421875 0.6708984375
vt 1.203125 0.61865234375
vt 1.1923828125 0.6640625
vt 1.1875 0.6435546875
vt 1.177734375 0.656494140625
vt 1.1875 0.61865234375
vt 1.1591796875 0.646484375
vt 1.1767578125 0.6328125
vt 1.171875 0.61865234375
vt 1.146484375 0.633544921875
vt 1.1416015625 0.61865234375
vt 0.05853271484375 0.82275390625
vt 0.025360107421875 0.8323974609375
vt 0.024322509765625 0.82275390625
vt 0.059326171875 0.826904296875
vt 0.08380126953125 0.82275390625
vt 0.03326416015625 0.8392333984375
vt 0.084228515625 0.827392578125
vt 0.1160888671875 0.82275390625
vt 0.06005859375 0.8309326171875
vt 0.061431884765625 0.8389892578125
vt 0.0472412109375 0.84423828125
vt 0.062469482421875 0.8465576171875
vt 0.0845947265625 0.831787109375
vt 0.1162109375 0.82861328125
vt 0.1512451171875 0.82275390625
vt 0.0853271484375 0.839599609375
vt 0.1163330078125 0.833740234375
vt 0.1512451171875 0.8297119140625
vt 0.1844482421875 0.82275390625
vt 0.11651611328125 0.841552734375
vt 0.1512451171875 0.8359375
vt 0.1844482421875 0.830810546875
vt 0.2216796875 0.82275390625
vt 0.184326171875 0.8377685546875
vt 0.1512451171875 0.8448486328125
vt 0.2215576171875 0.831787109375
vt 0.263671875 0.82275390625
vt 0.2215576171875 0.839599609375
vt 0.263671875 0.84033203125
vt 0.263671875 0.8326416015625
vt 0.29736328125 0.82275390625
vt 0.29736328125 0.8411865234375
vt 0.29736328125 0.83349609375
vt 0.31982421875 0.82275390625
vt 0.31982421875 0.833984375
vt 0.3408203125 0.82275390625
vt 0.31982421875 0.842041015625
vt 0.3408203125 0.83447265625
vt 0.364501953125 0.82275390625
vt 0.364501953125 0.8349609375
vt 0.42822265625 0.968505859375
vt 0.399169921875 0.9795379638671875
vt 0.399169921875 0.9692230224609375
vt 0.364501953125 0.9701385498046875
vt 0.432373046875 0.9792022705078125
vt 0.432373046875 0.9923744201660156
vt 0.5185546875 0.9792022705078125
vt 0.5185546875 0.9923744201660156
vt 0.399169921875 0.9923744201660156
vt 0.58544921875 0.9792022705078125
vt 0.6083984375 0.9923744201660156
vt 0.364501953125 0.9801788330078125
vt 0.341064453125 0.9710845947265625
vt 0.364501953125 0.9923744201660156
vt 0.6689453125 0.97943115234375
vt 0.58544921875 0.96881103515625
vt 0.6689453125 0.9923744201660156
vt 0.341064453125 0.98065185546875
vt 0.341064453125 0.9923744201660156
vt 0.31982421875 0.9730682373046875
vt 0.31982421875 0.9811248779296875
vt 0.31982421875 0.9923744201660156
vt 0.29736328125 0.9739227294921875
vt 0.29736328125 0.98162841796875
vt 0.29736328125 0.9923744201660156
vt 0.263671875 0.9824981689453125
vt 0.263671875 0.9747161865234375
vt 0.263671875 0.9923744201660156
vt 0.2216796875 0.9833221435546875
vt 0.2215576171875 0.9754791259765625
vt 0.2216796875 0.9923744201660156
vt 0.1844482421875 0.9773101806640625
vt 0.1844482421875 0.9843292236328125
vt 0.1845703125 0.9923744201660156
vt 0.1513671875 0.9791412353515625
vt 0.1513671875 0.9702911376953125
vt 0.1513671875 0.9853363037109375
vt 0.1513671875 0.9923744201660156
vt 0.11663818359375 0.9735107421875
vt 0.116455078125 0.9813385009765625
vt 0.08538818359375 0.9755401611328125
vt 0.11627197265625 0.9865493774414062
vt 0.11614990234375 0.9923744201660156
vt 0.084716796875 0.983367919921875
vt 0.08428955078125 0.9877090454101562
vt 0.08392333984375 0.9923744201660156
vt 0.0615234375 0.976165771484375
vt 0.06256103515625 0.96856689453125
vt 0.047332763671875 0.9709014892578125
vt 0.033355712890625 0.975860595703125
vt 0.060150146484375 0.9841156005859375
vt 0.059417724609375 0.9881439208984375
vt 0.02545166015625 0.982757568359375
vt 0.058624267578125 0.9923744201660156
vt 0.0244140625 0.9923744201660156
vt 0.52294921875 0.41552734375
vt 0.517578125 0.40380859375
vt 0.529296875 0.4091796875
vt 0.50830078125 0.408203125
vt 0.51123046875 0.39794921875
vt 0.5009765625 0.39892578125
vt 0.51025390625 0.3896484375
vt 0.50048828125 0.38818359375
vt 0.499755859375 0.41357421875
vt 0.51904296875 0.4228515625
vt 0.487060546875 0.40380859375
vt 0.479736328125 0.39208984375
vt 0.49365234375 0.421875
vt 0.477783203125 0.4130859375
vt 0.490234375 0.42724609375
vt 0.48828125 0.4296875
vt 0.46630859375 0.41943359375
vt 0.471435546875 0.41552734375
vt 0.455322265625 0.40966796875
vt 0.464599609375 0.40283203125
vt 0.460693359375 0.40673828125
vt 0.446044921875 0.39794921875
vt 0.47607421875 0.38623046875
vt 0.450439453125 0.3935546875
vt 0.43896484375 0.3837890625
vt 0.455322265625 0.3896484375
vt 0.4697265625 0.3798828125
vt 0.460693359375 0.37646484375
vt 0.4453125 0.3818359375
vt 0.43505859375 0.37255859375
vt 0.449951171875 0.37353515625
vt 0.451416015625 0.37890625
vt 1.517578125 0.40380859375
vt 1.5224609375 0.41552734375
vt 1.529296875 0.4091796875
vt 1.5078125 0.408203125
vt 1.5107421875 0.39794921875
vt 1.5009765625 0.39892578125
vt 1.509765625 0.3896484375
vt 1.5 0.38818359375
vt 1.4990234375 0.41357421875
vt 1.5185546875 0.4228515625
vt 1.486328125 0.40380859375
vt 1.4794921875 0.39208984375
vt 1.4931640625 0.421875
vt 1.4775390625 0.4130859375
vt 1.490234375 0.42724609375
vt 1.48828125 0.4296875
vt 1.470703125 0.41552734375
vt 1.4658203125 0.41943359375
vt 1.455078125 0.40966796875
vt 1.4638671875 0.40283203125
vt 1.4599609375 0.40673828125
vt 1.4453125 0.39794921875
vt 1.4755859375 0.38623046875
vt 1.4501953125 0.3935546875
vt 1.4384765625 0.3837890625
vt 1.455078125 0.3896484375
vt 1.4697265625 0.3798828125
vt 1.4599609375 0.37646484375
vt 1.4453125 0.3818359375
vt 1.4345703125 0.37255859375
vt 1.44921875 0.37353515625
vt 1.451171875 0.37890625
vt 0.767578125 0.83203125
vt 0.78662109375 0.8358154296875
vt 0.76708984375 0.8424072265625
vt 0.75439453125 0.829833984375
vt 0.7373046875 0.838623046875
vt 0.73779296875 0.827392578125
vt 0.7138671875 0.8365478515625
vt 0.71435546875 0.8248291015625
vt 0.68896484375 0.82275390625
vt 0.71337890625 0.8470458984375
vt 0.6884765625 0.8355712890625
vt 0.6689453125 0.82275390625
vt 0.6884765625 0.84619140625
vt 0.6689453125 0.835693359375
vt 0.6083984375 0.82275390625
vt 0.6083984375 0.835693359375
vt 0.5185546875 0.82275390625
vt 0.66845703125 0.846435546875
vt 0.6083984375 0.846435546875
vt 0.5185546875 0.846435546875
vt 0.5185546875 0.8360595703125
vt 0.432373046875 0.82275390625
vt 0.432373046875 0.8358154296875
vt 0.432373046875 0.846435546875
vt 0.399169921875 0.846435546875
vt 0.399169921875 0.8358154296875
vt 0.399169921875 0.82275390625
vt 0.364501953125 0.844970703125
vt 0.3408203125 0.843994140625
vt 0.78662109375 0.979248046875
vt 0.767578125 0.982818603515625
vt 0.7666015625 0.9724273681640625
vt 0.75439453125 0.9850921630859375
vt 0.7373046875 0.976226806640625
vt 0.73779296875 0.9874420166015625
vt 0.7138671875 0.97833251953125
vt 0.7138671875 0.9901657104492188
vt 0.68896484375 0.9923744201660156
vt 0.71337890625 0.9678955078125
vt 0.6884765625 0.9688262939453125
vt 0.6689453125 0.968719482421875
vt 0.6884765625 0.97943115234375
vt 0.9501953125 0.835205078125
vt 0.94091796875 0.8238525390625
vt 0.94580078125 0.822265625
vt 0.9453125 0.836669921875
vt 0.93896484375 0.836181640625
vt 0.935546875 0.8470458984375
vt 0.947265625 0.8458251953125
vt 0.95263671875 0.8448486328125
vt 0.9541015625 0.854736328125
vt 0.94921875 0.85546875
vt 0.95458984375 0.8646240234375
vt 0.93994140625 0.8524169921875
vt 0.94970703125 0.8648681640625
vt 0.95458984375 0.8720703125
vt 0.94970703125 0.8724365234375
vt 0.943359375 0.8582763671875
vt 0.94677734375 0.864990234375
vt 0.9443359375 0.8701171875
vt 0.947265625 0.876708984375
vt 0.9423828125 0.874755859375
vt 0.9365234375 0.8673095703125
vt 0.93505859375 0.8721923828125
vt 0.9267578125 0.8653564453125
vt 0.92578125 0.870361328125
vt 0.92822265625 0.8502197265625
vt 0.91357421875 0.865478515625
vt 0.9140625 0.87060546875
vt 0.904296875 0.872314453125
vt 0.92138671875 0.8524169921875
vt 0.92822265625 0.83935546875
vt 0.9365234375 0.8372802734375
vt 0.92333984375 0.8427734375
vt 0.93310546875 0.834228515625
vt 0.93896484375 0.8258056640625
vt 0.92919921875 0.8310546875
vt 0.93505859375 0.82275390625
vt 0.9248046875 0.83544921875
vt 0.9208984375 0.8382568359375
vt 0.916015625 0.8408203125
vt 0.91748046875 0.8455810546875
vt 0.91015625 0.8419189453125
vt 0.91162109375 0.8543701171875
vt 0.91064453125 0.8466796875
vt 0.90478515625 0.8460693359375
vt 0.9052734375 0.8411865234375
vt 0.90283203125 0.8555908203125
vt 0.90380859375 0.8671875
vt 0.896484375 0.850341796875
vt 0.89501953125 0.868408203125
vt 0.89501953125 0.87353515625
vt 0.896484375 0.8564453125
vt 0.88623046875 0.8680419921875
vt 0.88525390625 0.8729248046875
vt 0.87451171875 0.8702392578125
vt 0.8876953125 0.8572998046875
vt 0.876953125 0.865234375
vt 0.8623046875 0.863525390625
vt 0.86572265625 0.8582763671875
vt 0.8779296875 0.85791015625
vt 0.88916015625 0.851806640625
vt 0.87939453125 0.8515625
vt 0.87060546875 0.8494873046875
vt 0.8603515625 0.85498046875
vt 0.86572265625 0.845947265625
vt 0.87841796875 0.8411865234375
vt 0.87451171875 0.8375244140625
vt 0.8857421875 0.8448486328125
vt 0.8857421875 0.834716796875
vt 0.88232421875 0.8310546875
vt 0.89306640625 0.834228515625
vt 0.888671875 0.830810546875
vt 0.89013671875 0.83837890625
vt 0.89697265625 0.8372802734375
vt 0.89453125 0.841552734375
vt 0.89208984375 0.84814453125
vt 0.89892578125 0.84423828125
vt 0.90087890625 0.83935546875
vt 1.9287109375 0.8310546875
vt 1.9384765625 0.8258056640625
vt 1.9345703125 0.82275390625
vt 1.9326171875 0.834228515625
vt 1.9365234375 0.8372802734375
vt 1.927734375 0.83935546875
vt 1.9248046875 0.83544921875
vt 1.9208984375 0.8382568359375
vt 1.935546875 0.8470458984375
vt 1.9228515625 0.8427734375
vt 1.916015625 0.8408203125
vt 1.927734375 0.8502197265625
vt 1.9169921875 0.8455810546875
vt 1.91015625 0.8419189453125
vt 1.9208984375 0.8524169921875
vt 1.91015625 0.8466796875
vt 1.9267578125 0.8653564453125
vt 1.9111328125 0.8543701171875
vt 1.904296875 0.8460693359375
vt 1.9052734375 0.8411865234375
vt 1.9130859375 0.865478515625
vt 1.90234375 0.8555908203125
vt 1.8984375 0.84423828125
vt 1.900390625 0.83935546875
vt 1.896484375 0.8372802734375
vt 1.896484375 0.850341796875
vt 1.89453125 0.841552734375
vt 1.8916015625 0.84814453125
vt 1.8896484375 0.83837890625
vt 1.892578125 0.834228515625
vt 1.8857421875 0.8448486328125
vt 1.8857421875 0.834716796875
vt 1.888671875 0.830810546875
vt 1.8740234375 0.8375244140625
vt 1.8818359375 0.8310546875
vt 1.8779296875 0.8411865234375
vt 1.865234375 0.845947265625
vt 1.888671875 0.851806640625
vt 1.87890625 0.8515625
vt 1.8701171875 0.8494873046875
vt 1.8603515625 0.85498046875
vt 1.865234375 0.8582763671875
vt 1.8779296875 0.85791015625
vt 1.8876953125 0.8572998046875
vt 1.896484375 0.8564453125
vt 1.876953125 0.865234375
vt 1.8623046875 0.863525390625
vt 1.8740234375 0.8702392578125
vt 1.8857421875 0.8680419921875
vt 1.884765625 0.8729248046875
vt 1.89453125 0.87353515625
vt 1.89453125 0.868408203125
vt 1.904296875 0.872314453125
vt 1.9033203125 0.8671875
vt 1.9140625 0.87060546875
vt 1.92578125 0.870361328125
vt 1.9345703125 0.8721923828125
vt 1.9365234375 0.8673095703125
vt 1.9423828125 0.874755859375
vt 1.939453125 0.8524169921875
vt 1.9443359375 0.8701171875
vt 1.947265625 0.876708984375
vt 1.94921875 0.8724365234375
vt 1.9462890625 0.864990234375
vt 1.943359375 0.8582763671875
vt 1.94921875 0.8648681640625
vt 1.9541015625 0.8720703125
vt 1.9541015625 0.8646240234375
vt 1.94921875 0.85546875
vt 1.9541015625 0.854736328125
vt 1.947265625 0.8458251953125
vt 1.9521484375 0.8448486328125
vt 1.9501953125 0.835205078125
vt 1.9453125 0.836669921875
vt 1.9384765625 0.836181640625
vt 1.9404296875 0.8238525390625
vt 1.9453125 0.822265625
vt 0.332763671875 0.27099609375
vt 0.32568359375 0.255859375
vt 0.33447265625 0.2578125
vt 0.323486328125 0.271484375
vt 0.323974609375 0.27734375
vt 0.33447265625 0.27587890625
vt 0.308349609375 0.2685546875
vt 0.30859375 0.25439453125
vt 0.328369140625 0.28759765625
vt 0.339599609375 0.283203125
vt 0.346923828125 0.29150390625
vt 0.2919921875 0.2646484375
vt 0.29052734375 0.2548828125
vt 0.3056640625 0.283203125
vt 0.275390625 0.26318359375
vt 0.274658203125 0.25634765625
vt 0.24755859375 0.26123046875
vt 0.29150390625 0.275390625
vt 0.274658203125 0.2685546875
vt 0.268798828125 0.2744140625
vt 0.28857421875 0.28662109375
vt 0.29638671875 0.294921875
vt 0.31494140625 0.28955078125
vt 0.302734375 0.30224609375
vt 0.320556640625 0.29638671875
vt 0.3349609375 0.29638671875
vt 0.3212890625 0.3017578125
vt 0.30712890625 0.310546875
vt 0.340087890625 0.3046875
vt 0.353759765625 0.3017578125
vt 0.320068359375 0.306640625
vt 0.3427734375 0.31103515625
vt 0.3583984375 0.31396484375
vt 0.352294921875 0.318359375
vt 0.31787109375 0.3095703125
vt 0.310302734375 0.3173828125
vt 0.33154296875 0.3173828125
vt 0.342529296875 0.3154296875
vt 0.341064453125 0.32275390625
vt 1.33203125 0.27099609375
vt 1.333984375 0.2578125
vt 1.3251953125 0.255859375
vt 1.3232421875 0.271484375
vt 1.3232421875 0.27734375
vt 1.333984375 0.27587890625
vt 1.3076171875 0.2685546875
vt 1.30859375 0.25439453125
vt 1.328125 0.28759765625
vt 1.3388671875 0.283203125
vt 1.3466796875 0.29150390625
vt 1.2919921875 0.2646484375
vt 1.2900390625 0.2548828125
vt 1.3056640625 0.283203125
vt 1.275390625 0.26318359375
vt 1.2744140625 0.25634765625
vt 1.2470703125 0.26123046875
vt 1.2744140625 0.2685546875
vt 1.2685546875 0.2744140625
vt 1.291015625 0.275390625
vt 1.2880859375 0.28662109375
vt 1.2958984375 0.294921875
vt 1.314453125 0.28955078125
vt 1.302734375 0.30224609375
vt 1.3203125 0.29638671875
vt 1.3349609375 0.29638671875
vt 1.3212890625 0.3017578125
vt 1.306640625 0.310546875
vt 1.33984375 0.3046875
vt 1.353515625 0.3017578125
vt 1.3193359375 0.306640625
vt 1.3427734375 0.31103515625
vt 1.3583984375 0.31396484375
vt 1.3515625 0.318359375
vt 1.3173828125 0.3095703125
vt 1.3095703125 0.3173828125
vt 1.3310546875 0.3173828125
vt 1.341796875 0.3154296875
vt 1.3408203125 0.32275390625
vt 0.391845703125 0.03369140625
vt 0.391357421875 0.0322265625
vt 0.38623046875 0.033203125
vt 0.64892578125 0.595458984375
vt 0.6455078125 0.608154296875
vt 0.63818359375 0.600341796875
vt 0.65380859375 0.600341796875
vt 0.65576171875 0.5927734375
vt 0.65673828125 0.604736328125
vt 0.64892578125 0.61328125
vt 0.65869140625 0.597900390625
vt 0.6611328125 0.601318359375
vt 0.666015625 0.59130859375
vt 0.666015625 0.596435546875
vt 0.66845703125 0.599853515625
vt 0.76220703125 0.596435546875
vt 0.7607421875 0.599853515625
vt 0.76416015625 0.59130859375
vt 0.7666015625 0.60107421875
vt 0.7685546875 0.59765625
vt 0.77197265625 0.592529296875
vt 0.78271484375 0.59716796875
vt 0.78369140625 0.6123046875
vt 0.7939453125 0.602294921875
vt 0.79150390625 0.60888671875
vt 0.80712890625 0.604736328125
vt 0.90576171875 0.65234375
vt 0.88330078125 0.671142578125
vt 0.89404296875 0.64501953125
vt 0.92578125 0.623779296875
vt 0.93408203125 0.658447265625
vt 0.92626953125 0.658203125
vt 0.8994140625 0.686279296875
vt 0.87255859375 0.699951171875
vt 0.9189453125 0.656494140625
vt 0.89599609375 0.720703125
vt 0.86572265625 0.72265625
vt 0.91552734375 0.694091796875
vt 0.89111328125 0.752197265625
vt 0.8642578125 0.7353515625
vt 0.86572265625 0.742431640625
vt 0.875 0.7532958984375
vt 0.8896484375 0.764892578125
vt 0.91357421875 0.732177734375
vt 0.9267578125 0.697265625
vt 0.93408203125 0.69775390625
vt 0.9111328125 0.7652587890625
vt 0.9091796875 0.779052734375
vt 0.92626953125 0.736328125
vt 0.93408203125 0.737060546875
vt 0.9248046875 0.7694091796875
vt 0.91943359375 0.7835693359375
vt 0.93408203125 0.7681884765625
vt 0.9248046875 0.7825927734375
vt 0.93408203125 0.773681640625
vt 0.92919921875 0.7789306640625
vt 1.3701171875 0.03662109375
vt 1.3681640625 0.05224609375
vt 1.376953125 0.05029296875
vt 1.361328125 0.04248046875
vt 1.2939453125 0.05859375
vt 1.283203125 0.05126953125
vt 1.359375 0.0244140625
vt 1.3505859375 0.033203125
vt 1.34765625 0.01513671875
vt 1.3359375 0.02685546875
vt 1.26953125 0.0439453125
vt 1.330078125 0.00830078125
vt 1.3193359375 0.02294921875
vt 1.3056640625 0.00390625
vt 1.294921875 0.02001953125
vt 1.248046875 0.03515625
vt 1.2734375 0.00634765625
vt 1.267578125 0.01953125
vt 1.2431640625 0.01025390625
vt 1.240234375 0.01953125
vt 1.2216796875 0.0302734375
vt 1.21484375 0.01513671875
vt 1.21484375 0.02099609375
vt 1.1923828125 0.02783203125
vt 1.19140625 0.01953125
vt 1.1904296875 0.0234375
vt 1.1650390625 0.0263671875
vt 0.368408203125 0.05224609375
vt 0.3701171875 0.03662109375
vt 0.376953125 0.05029296875
vt 0.2939453125 0.05859375
vt 0.36181640625 0.04248046875
vt 0.283935546875 0.05126953125
vt 0.360107421875 0.0244140625
vt 0.351318359375 0.033203125
vt 0.34814453125 0.01513671875
vt 0.336669921875 0.02685546875
vt 0.270263671875 0.0439453125
vt 0.33056640625 0.00830078125
vt 0.320068359375 0.02294921875
vt 0.30615234375 0.00390625
vt 0.295166015625 0.02001953125
vt 0.2484130859375 0.03515625
vt 0.2734375 0.00634765625
vt 0.268310546875 0.01953125
vt 0.2437744140625 0.01025390625
vt 0.240478515625 0.01953125
vt 0.2222900390625 0.0302734375
vt 0.2149658203125 0.01513671875
vt 0.215087890625 0.02099609375
vt 0.1923828125 0.02783203125
vt 0.1922607421875 0.01953125
vt 0.1912841796875 0.0234375
vt 0.1651611328125 0.0263671875
vt 1.8828125 0.671142578125
vt 1.9052734375 0.65234375
vt 1.8935546875 0.64501953125
vt 1.93359375 0.658447265625
vt 1.92578125 0.623779296875
vt 1.92578125 0.658203125
vt 1.8994140625 0.686279296875
vt 1.8720703125 0.699951171875
vt 1.9189453125 0.656494140625
vt 1.8955078125 0.720703125
vt 1.865234375 0.72265625
vt 1.9150390625 0.694091796875
vt 1.890625 0.752197265625
vt 1.8642578125 0.7353515625
vt 1.865234375 0.742431640625
vt 1.875 0.7532958984375
vt 1.8896484375 0.764892578125
vt 1.9130859375 0.732177734375
vt 1.9267578125 0.697265625
vt 1.93359375 0.69775390625
vt 1.9111328125 0.7652587890625
vt 1.9091796875 0.779052734375
vt 1.92578125 0.736328125
vt 1.93359375 0.737060546875
vt 1.9248046875 0.7694091796875
vt 1.9189453125 0.7835693359375
vt 1.93359375 0.7681884765625
vt 1.9248046875 0.7825927734375
vt 1.93359375 0.773681640625
vt 1.9287109375 0.7789306640625
vn -0.2757102324590177 0.6223173903510181 -0.7326014833346252
vn -0.30692491566077923 0.6610690445305522 -0.6846786213327289
vn -0.2678743420552215 0.6066566376281358 -0.7484724850588743
vn -0.20525320467782182 0.5447104335300504 -0.813118481878864
vn -0.2039419578357405 0.5412305637897084 -0.815767831342962
vn -0.15795107388708743 0.4975458872146734 -0.8529358407135201
vn -0.07893616513214281 0.35521276917167416 -0.9314467083261511
vn -0.07061266745900971 0.3295257914094859 -0.9415023122596541
vn -0.06280355775332681 0.30616732821498477 -0.9499038268515516
vn 0.2749096042029124 0.07854560439393794 -0.9582563840368553
vn 0.39379845962107346 -0.19689922981053673 -0.8978604938965113
vn -0.03156758127923788 0.2683244371482317 -0.9628112401926263
vn 0.7423006355992561 -0.47380890999903147 -0.47380890999903147
vn 0.8710773168234546 -0.10986560813138374 -0.4787001736636118
vn 0.35448459187001147 -0.3702394705670758 -0.8586404419551661
vn 0.03137568675595675 0.149034511159472 -0.9883340936970905
vn 0.8761368231005388 -0.3078318390447535 -0.37097685383002066
vn 0.9288171759673436 0.07871332214401001 -0.3620812982537238
vn 0.6314696172617794 -0.7182967097518401 -0.29205471959025503
vn 0.5594541059448701 -0.7249265428430577 -0.401861432365733
vn 0.29914768394225 -0.582550801565011 -0.7557415079165302
vn 0.3607427217817276 -0.8783300611520771 -0.31368932458421195
vn 0.3628690207331795 -0.9071725518329488 -0.21298834473519712
vn -0.07063440988347033 -0.1805101784593058 -0.9810335649777756
vn -0.18073855432758157 -0.369335295655504 -0.9115508841324423
vn 0.14125577497536512 -0.7455166257449772 -0.6513461190288408
vn 0.19653382737629224 -0.9433624190899218 -0.26728599092664174
vn 0.197408057067651 -0.9633513888236148 -0.181615419654796
vn -0.10262660011531026 0.00789435435650522 -0.9946886247052724
vn 0.0790248421766624 -0.9720055848499791 -0.22126955809465473
vn 0.07893616536008474 -0.9867020371987347 -0.1420850857272227
vn -0.11808095502543502 0.04723238052005793 -0.9918800281741184
vn -0.141416989496208 0.007856499830377167 -0.9899189413746181
vn 0.05514204519725643 0.5592978614558959 -0.8271307375634913
vn 0.05499379877448548 0.5263691944897629 -0.8484757823229544
vn 0.007878657730658488 -0.1733304775250676 -0.9848322051564395
vn 0.03932134898244373 0.47185621759164786 -0.880798241048598
vn 0.055220917745233536 -0.8519798673973915 -0.5206543534754101
vn 0.047366121256523654 -0.29209110964245566 -0.9552168519372717
vn 0.039219607125920916 0.37650824032976987 -0.9255827177409207
vn 0.039393287099353816 0.2993889745045084 -0.9533175813319749
vn 0.04735432128440339 -0.4498660503391871 -0.8918397305614464
vn -0.1343380358014238 -0.22916488284935105 -0.9640729996248513
vn 0.03147752751669603 -0.8971095565775798 -0.44068538523374445
vn 0.047086710054271334 -0.9809731441362218 -0.18834684021708534
vn 0.04723238052005793 -0.9918800281741184 -0.11808095502543502
vn 0.031375686755956755 -0.9883340936970907 -0.14903451115947203
vn 0.031536169948425764 -0.9933893887656658 -0.1103765929568452
vn 0.023644046206203445 -0.9221178169430964 -0.3861860830676023
vn 0.023633039041608774 -0.9768322878370767 -0.21269734578654342
vn 0.03141145933756241 -0.9894609933476041 -0.14135155770580465
vn 0.015755848398357784 -0.9847405202407489 -0.17331434169516105
vn 0.05502777614665618 -0.6446110685875759 -0.7625277136647146
vn -0.0236653704378387 -0.741514981363806 -0.6705188160335805
vn 0.01579264543019597 -0.9080771159615586 -0.41850512997722517
vn -0.08670830442910829 -0.26012490583674386 -0.9616739069489482
vn -0.07089691737720107 -0.4175040954900239 -0.9059050487526092
vn -0.06286169334645234 -0.12572338669290467 -0.9900717335365569
vn -0.10994010933827622 -0.09423438156154561 -0.9894609914950669
vn -0.18155318397043302 -0.09472339579726347 -0.9788084182713351
vn -0.39374961940651665 -0.6693743380899173 -0.6299993910504266
vn 0.08671638895920923 0.6385479360981525 -0.7646808492375528
vn 0.10272908694735637 0.6242767866514645 -0.7744192845888359
vn 0.055307030324570884 0.6399813684606899 -0.7663974037141956
vn 0.10222286622565852 0.6290637784029807 -0.7706031717570183
vn 0.015711058985218584 0.6284423743099037 -0.7776974635404785
vn -0.22019955745268757 -0.023592809460981502 -0.9751694900064183
vn -0.3237492493517641 -0.11054852035274396 -0.9396624118224526
vn -0.015755848601811853 -0.2757273253859985 -0.9611067553972975
vn -0.11010999546196144 0.22808498740667144 -0.9673949697094074
vn -0.06321395753305825 0.18964185769801398 -0.9798162896083401
vn 0.03151169867311702 -0.34662870403073914 -0.9374729619507461
vn -0.18942907455608468 -0.0789287847903253 -0.9787169522616577
vn -0.29140182715410634 -0.370159081763638 -0.8820811920221112
vn 0.023647719639745237 0.5833104028792204 -0.8119050186128433
vn -0.0862884454622484 -0.00784440438692874 -0.9962393133677886
vn -0.00788747538195932 0.5363482961709106 -0.8439598882213895
vn -0.07856499085089126 -0.11784749372691788 -0.9899189413456455
vn 0.03138437749466865 -0.37661252993602384 -0.9258390913892434
vn 0 -0.055034575037905153 -0.9984844493282794
vn -0.007889192894670355 -0.16567304985675493 -0.9861491779576922
vn -0.03936763862244135 0.5117793095423182 -0.8582144996174796
vn 0.13384165789901944 0.2991754881285853 -0.9447647526838967
vn 0.06283648236619156 0.5733829667840774 -0.8168742558593293
vn 0.023556415650135405 -0.07066924322511581 -0.9972216169657111
vn 0.0472910287046959 0.6699562592305249 -0.7408928190513748
vn 0.015728539134279955 -0.13369257984741184 -0.9908980306522184
vn 0.02361253283410736 -0.3699297021776604 -0.9287596372258572
vn 0.023556415650135405 -0.07066924322511581 -0.9972216169657111
vn 0.0392437599337343 0.722085158938852 -0.6906901986755829
vn 0.007847543557351696 -0.14910332386439204 -0.9887904807757333
vn 0.02361253283410736 -0.3699297021776604 -0.9287596372258572
vn 0.023608877972804955 -0.023608877972804955 -0.9994424654584828
vn 0.0472910287046959 0.7408928190513748 -0.6699562592305249
vn 0.007879635750071003 -0.21275017829043386 -0.9770748553605474
vn 0.015687843442614556 -0.3372886107331491 -0.9412705693039712
vn 0.04718999807772589 0.007864999369180132 -0.9988549673833268
vn 0.0947617819998063 0.7423006355992561 -0.663332473998644
vn 0.015789692148261987 -0.2684247609325187 -0.9631712378077865
vn 0.015687360773733467 -0.19609200222108802 -0.9804600111054401
vn 0.10224499393718957 0.08651500060114539 -0.9909899676009682
vn 0.19683818271714343 0.7164910345622566 -0.6692498242185199
vn 0.023650657614643404 -0.32322565034150286 -0.9460263343880588
vn 0.09445306130839576 -0.08658197721220155 -0.9917571176611227
vn 0.1494858571864895 0.10227979506165599 -0.9834596189083545
vn 0.3536953431563609 0.6209317696835531 -0.6995308010567906
vn -0.01576955505167179 -0.3232758711086916 -0.946173362704948
vn 0.03927037945147748 -0.35343343368974744 -0.934635033180338
vn 0.007885513205996553 -0.7491237815780284 -0.6623831055784201
vn -0.015810894797596706 -0.8379774205473354 -0.5454758090498
vn 0 -0.5271669906794227 -0.8497617100917182
vn 0.06325939202549437 -0.9093537789929327 -0.4111860332645524
vn -0.04723823919764839 -0.34641376901724974 -0.9368916956579182
vn -0.2986483933515994 -0.9038043208513848 -0.3065075639505091
vn -0.06291221863991682 -0.5111617475783241 -0.8571789314714151
vn 0.12558389600582023 -0.07848993314099259 -0.9889732127108004
vn 0.4727781644347052 0.5121763001007782 -0.7170468916666667
vn 0.5131330172126084 0.48155560718771767 -0.7104918745716615
vn -0.07886739052984695 -0.5047513232328784 -0.8596546029689315
vn 0.007885512559248024 -0.32330604007487745 -0.9462616039673065
vn 0.5127018595402747 0.29973339985163105 -0.8045475077565817
vn -0.17305676534950265 -0.5821000302575235 -0.7944878291962423
vn -0.10972043746415162 -0.5799508624517142 -0.807228854008693
vn -0.22757875147503814 -0.6356510304398971 -0.7376690852799512
vn -0.27463019679533457 -0.8552769071061342 -0.4394083148725353
vn -0.15689290947686907 -0.8550663529236462 -0.49421265367626677
vn -0.5655457773570963 -0.785480292688467 -0.2513537020049594
vn -0.11030462745137815 -0.9691049715144708 -0.2206092549027563
vn -0.29197287706694103 -0.9390478181493092 -0.18149665089547773
vn -0.07087273115046983 -0.9922182659088966 -0.10237171863368986
vn -0.2916823895737315 -0.9538802413460881 -0.07094976238217196
vn -0.33916143817916466 -0.9386095746410404 -0.06309980383809219
vn -0.33853020091895114 -0.9289898772491919 -0.14958312416280795
vn -0.06316664371727053 -0.9948746459975909 -0.07895830464658816
vn -0.04728368576838419 -0.9850768253360028 -0.16549290391463486
vn 0.007880614342833402 -0.9929574388619771 -0.11820922352440442
vn 0.007895584700716954 -0.9316789574316997 -0.3631968887823997
vn 0.023691923355464863 -0.9871634632102614 -0.157946160670153
vn 0 -0.9874406332185228 -0.15799049297031298
vn 0 -0.9262953924922727 -0.3767981500055256
vn 0.01579264543019597 -0.9080771159615586 -0.41850512997722517
vn 0.015755848398357784 -0.9847405202407489 -0.17331434169516105
vn 0.007870844763236661 -0.9051470984121184 -0.4250256228027153
vn 0.007867676422983532 -0.9834596189968462 -0.18095656238523425
vn 0.055220915836801936 -0.09466442395569763 -0.9939765074141748
vn 0.039409193054072054 -0.11034573310082135 -0.9931116426108745
vn 0.039373740908511624 -0.11812122272553487 -0.9922182649340284
vn 0.015744614522010182 -0.12595691617608146 -0.9919107633154128
vn 0.007878657730658488 -0.1733304775250676 -0.9848322051564395
vn 0 -0.13370912469530022 -0.9910206203572237
vn -0.015773970154288375 -0.11041778735472843 -0.9937600787419756
vn -0.00784440438692874 -0.0862884454622484 -0.9962393133677886
vn -0.00789435435650522 -0.10262660011531026 -0.9946886247052724
vn -0.007861839405357616 -0.05503287397485821 -0.9984535914419015
vn 0 -0.007873771679070558 -0.9999690013793157
vn 0.01574412713551236 -0.01574412713551236 -0.9997520917314859
vn 0.01574412713551236 -0.01574412713551236 -0.9997520917314859
vn 0 -0.007873771679070558 -0.9999690013793157
vn 0 -0.007873771679070558 -0.9999690013793157
vn -0.007856499830377167 -0.141416989496208 -0.9899189413746181
vn 0 -0.09480909016679247 -0.9954954728283524
vn 0 -0.055034575037905153 -0.9984844493282794
vn 0 0 -1
vn 0 0 -1
vn 0 -0.15799049297031298 -0.9874406332185228
vn 0 0 -1
vn 0 -0.2127567805309133 -0.9771051900067468
vn -0.07068231943065881 -0.12565745842130027 -0.98955253163387
vn -0.007872795747442672 -0.015745591494885344 -0.9998450357108322
vn -0.23610339106279643 -0.4564665361865244 -0.8578423456967629
vn -0.243513917459314 -0.45560664966956715 -0.8562263443625701
vn -0.2204177816036454 -0.41721939839821787 -0.8816711264145816
vn -0.07074998716148176 -0.11791666017029673 -0.9904999245688678
vn -0.06292194490007468 -0.11797864761896253 -0.9910206191376608
vn -0.2121189495166429 -0.40852536990500915 -0.8877570463814587
vn -0.07061049554714298 -0.13337538047793673 -0.9885469972646482
vn 0 -0.03933960273179264 -0.9992258982116631
vn -0.20399215889993433 -0.43152189408214886 -0.8787354858176029
vn -0.04723238052005793 -0.11808095502543502 -0.9918800281741184
vn -0.07091671772292586 -0.1575927259191628 -0.9849544922912805
vn -0.1970949398266617 -0.45726026874250575 -0.8672177531187056
vn -0.0315626678170962 -0.10257866388630453 -0.9942240269253044
vn -0.023589163231935256 -0.13367192001391287 -0.9907448557412808
vn -0.015728539134279955 -0.13369257984741184 -0.9908980306522184
vn -0.03144541329576119 -0.13364299998772639 -0.9905305318549948
vn -0.015714938742552618 -0.06285975497021047 -0.9978986380917668
vn -0.13400373592331102 -0.4177763689503765 -0.8986133230178787
vn 0 -0.01574607939264818 -0.9998760228067081
vn -0.11046589574756356 -0.27616472074245674 -0.9547409768591318
vn 0 -0.11043152280385991 -0.9938837350370618
vn -0.11768417201340428 -0.43150863319934274 -0.8943996506774557
vn -0.10992316546767553 -0.46324761206269766 -0.8793853237414042
vn 0 -0.16567820961639096 -0.9861798673965653
vn -0.0789189530737327 -0.3945947802698255 -0.9154598616157641
vn 0 -0.15799049297031298 -0.9874406332185228
vn 0 -0.2052148272610252 -0.9787169532976465
vn 0 -0.2052148272610252 -0.9787169532976465
vn 0 -0.2052148272610252 -0.9787169532976465
vn 0 -0.2052148272610252 -0.9787169532976465
vn 0 -0.2052148272610252 -0.9787169532976465
vn 0 -0.2052148272610252 -0.9787169532976465
vn 0 -0.2052148272610252 -0.9787169532976465
vn -0.015757804215930742 -0.21273035598374246 -0.9769838725635765
vn 0 -0.2127567805309133 -0.9771051900067468
vn 0 -0.2052148272610252 -0.9787169532976465
vn 0.007892632503148606 -0.20520844135657362 -0.9786864676433285
vn 0.007879635750071003 -0.21275017829043386 -0.9770748553605474
vn 0 -0.22026087692299234 -0.9754410008284019
vn 0 -0.22026087692299234 -0.9754410008284019
vn 0 -0.22026087692299234 -0.9754410008284019
vn 0 -0.22026087692299234 -0.9754410008284019
vn 0 -0.236956187051733 -0.9715203371097819
vn 0 -0.22772605287670825 -0.9737252409387335
vn -0.007883307891582097 -0.24438254184507716 -0.9696468566947586
vn 0 -0.22772605287670825 -0.9737252409387335
vn 0.03143084657754077 -0.28287761174728665 -0.958640891395506
vn 0.007892632503148606 -0.20520844135657362 -0.9786864676433285
vn 0.007892632503148606 -0.20520844135657362 -0.9786864676433285
vn 0.007905200536960076 -0.1976300050420993 -0.9802448107036987
vn 0 -0.2052148272610252 -0.9787169532976465
vn 0.007867676422983532 -0.18095656238523425 -0.9834596189968462
vn 0.02370967465589422 -0.19758061530275314 -0.979999873359327
vn 0.015711058962115037 -0.1885327224465426 -0.981941227973031
vn 0.02370967465589422 -0.19758061530275314 -0.979999873359327
vn 0.007856256901564442 -0.18855016563754662 -0.982032135047296
vn 0.007856256901564442 -0.18855016563754662 -0.982032135047296
vn 0.007867676422983532 -0.18095656238523425 -0.9834596189968462
vn 0.007867676422983532 -0.18095656238523425 -0.9834596189968462
vn 0.007867676422983532 -0.18095656238523425 -0.9834596189968462
vn 0.01573389360317942 -0.1809397745739182 -0.9833683148084565
vn 0.023597187681797843 -0.1809117896118044 -0.9832162005952527
vn 0.0394963920367659 -0.19748196018382952 -0.9795105463536523
vn 0.039368856701881554 -0.21259184183637964 -0.9763476849496816
vn 0.07843679645475776 -0.18040464153169727 -0.9804600115638246
vn 0.09458499733119118 -0.18916999466238235 -0.9773783256238562
vn 0.07868407524666453 -0.2045785896808634 -0.9756825390191045
vn 0.03147655309652248 -0.9993805747844272 -0.01573827654826124
vn 0.007872795747442672 -0.9998450357108322 -0.015745591494885344
vn 0.007872795747442672 -0.9998450357108322 -0.015745591494885344
vn 0 -0.9998760228067081 -0.01574607939264818
vn 0 -0.9998760228067081 -0.01574607939264818
vn 0 -0.9999690013793157 -0.007873771679070558
vn 0 -0.9999690013793157 -0.007873771679070558
vn -0.10262979663117129 -0.9947196212217011 0
vn -0.10262979663117129 -0.9947196212217011 0
vn -0.14910792659371916 -0.9888209272800217 0
vn -0.14142134372033446 -0.9899494954493058 0
vn 0.0314804514426422 -0.9995043677628265 0
vn 0.0314804514426422 -0.9995043677628265 0
vn 0.18095656238523425 -0.9834596189968462 -0.007867676422983532
vn 0.1733304775250676 -0.9848322051564395 -0.007878657730658488
vn 0.3467578386781 -0.9378222483725429 -0.015761718585262582
vn 0.3631968887823997 -0.9316789574316997 -0.007895584700716954
vn 0.6370058888662882 -0.7706984563349254 0.015728539431031377
vn 0.691137363680259 -0.7225527065209041 0.015707667695032273
vn 0.9991022087111254 -0.03933473201042939 -0.0157338935492298
vn 0.9987622992558955 -0.047185618853304814 -0.01572853961776827
vn 0.8896534696513035 0.4566362928386194 0
vn 0.8439598882213895 0.5363482961709106 0.00788747538195932
vn 0.5745182778132265 0.8184917522238843 0
vn 0.5214337135487913 0.8532552163927317 -0.007900510952454804
vn 0.32330604007487745 0.9462616039673065 -0.007885512559248024
vn 0.31621786648114464 0.9486536590480725 -0.007905447034557606
vn 0.13370912469530022 0.9910206203572237 0
vn 0.12597254030266847 0.9920337288064818 0
vn -0.04718999807772589 0.9988549673833268 -0.007864999369180132
vn -0.06285975497021047 0.9978986380917668 -0.015714938742552618
vn -0.2995377541139953 0.953791339478952 -0.02364771860645975
vn -0.32282461295851683 0.9448526085972346 0.05511639769782386
vn -0.2833591575732749 0.920917329168373 0.26761700367643826
vn -0.21973798413724696 0.9181908649487035 0.3296069687552901
vn 0.37944961416659956 0.9249084065914108 -0.023715600885412472
vn 0.4090559169285628 0.9125093187610375 0
vn 0.2683829452701659 0.963021189866133 0.023680847892938728
vn 0.25912056058716043 0.9658130662846962 0.00785213822783282
vn 0.13370912469530022 0.9910206203572237 0
vn 0.14910792659371916 0.9888209272800217 0
vn 0.25912056058716043 0.9658130662846962 0.00785213822783282
vn -0.39295840973238916 0.9195226597003039 -0.007859167784865843
vn -0.1961100953426794 0.9805505065157188 -0.007844404148983295
vn -0.21275017829043386 0.9770748553605474 -0.007879635750071003
vn -0.39295840973238916 0.9195226597003039 -0.007859167784865843
vn -0.4720898382440214 0.8812343686958163 -0.02360449228473011
vn -0.4720898382440214 0.8812343686958163 -0.02360449228473011
vn -0.8810434893089513 0.03146583783952239 -0.47198757504341693
vn -0.8810434893089513 0.03146583783952239 -0.47198757504341693
vn -0.8761368202924715 0.023679373018000518 -0.4814805909081613
vn -0.8515825015351896 -0.141930411955478 -0.5046414581078504
vn -0.803423608866713 -0.27568457400738766 -0.5277390646616487
vn -0.8597080761568044 -0.11830845549533534 -0.4968954951990148
vn -0.7864026960478584 -0.32242509465078595 -0.526889796815322
vn -0.73180722811224 -0.4013136306478237 -0.5508226127701568
vn -0.7094536282735363 -0.4177893668194801 -0.5675628549351102
vn -0.7007657156334498 -0.4330574489789957 -0.5669115078004182
vn -0.7172473118733986 -0.4256192770913709 -0.551728669346267
vn -0.9101469090302177 -0.25107501760897616 -0.3295359457106207
vn -0.9757731583713073 -0.1337753537994045 -0.17312105047604148
vn -0.7417226645719653 0.3156266600684765 0.5918000509583303
vn -0.7017452455668469 0.3311606820363792 0.630782223114702
vn -0.6160092021429199 0.3395948226792652 0.7107798669663357
vn -0.6692705921672848 0.3385721829717673 0.6613968183910351
vn -0.6237122900858553 0.30790858909478463 0.718453394422712
vn -0.4417810877672574 0.36289160674445 0.8204505787953411
vn -0.6549865277970879 0.3156561694645516 0.6865521328226146
vn -0.685358127132756 0.3781286259770131 0.6223367093381342
vn 0.2202540512602376 -0.9754108239830414 0.007866216382529207
vn 0.2514002173183713 -0.9663196225703905 -0.05499379753839372
vn 0.31570532318176125 -0.9313306631530611 -0.18153056157457076
vn 0.2525957052988987 -0.9472339619260988 -0.19734039383344198
vn 0.282965002893866 -0.9353565522447738 -0.21222376707156063
vn 0.28342942337709176 -0.9368917058798957 -0.20469903130593556
vn 0.2433562949436 -0.949874550878323 -0.19625506695376727
vn 0.2210143567852621 -0.9550978210342297 -0.19733425032280436
vn 0.2122040963027907 -0.9588481156700613 -0.18862585344615035
vn 0.18040463832667347 -0.9569289757434025 -0.22746670493262275
vn 0.17315857994927514 -0.9681138652608013 -0.18102941771916917
vn 0.13401623444478314 -0.8750471717095762 -0.46511514293593187
vn 0.1491814483927414 -0.9736051699891141 -0.1727364131441658
vn 0.07092773152219796 -0.5201367127306129 -0.8511328080686978
vn 0.08644017187077836 -0.8408271290886914 -0.5343574044358509
vn 0.04727341161627833 -0.5357653415852617 -0.8430425394428123
vn 0.10215656059318937 -0.9822746726692999 -0.15716394166662373
vn 0.015742663710518006 -0.5509932186922589 -0.8343612176356486
vn 0.015706699626160878 -0.8403083834334774 -0.541881094261711
vn 0.007899278731880684 -0.9874098247212793 -0.15798556718703313
vn -0.14217369763108065 -0.9715203391679995 -0.18956495004298984
vn -0.09444428179420793 -0.8185171386854552 -0.5666656609629277
vn -0.01572853963009445 -0.48758476392318745 -0.8729339671653716
vn -0.4794092667755061 -0.8252126390962339 -0.29864838055077475
vn -0.03939817998560361 -0.3230650550203231 -0.9455563196544866
vn 0.04727487962747235 0.11030805618939211 -0.9927724908033692
vn 0.09472339579726347 0.18155318397043302 -0.9788084182713351
vn -0.3560456566744994 -0.6487942865252162 -0.6725306417818153
vn -0.7545733488645353 -0.5423495963590297 -0.36942655090363713
vn -0.007878657730658488 -0.1733304775250676 -0.9848322051564395
vn 0.18037690347738145 0.25880163245794185 -0.9489393488147784
vn 0.01574412713551236 -0.01574412713551236 -0.9997520917314859
vn 0.2523128988508069 0.23654335757379266 -0.9382885702496964
vn -0.5564222250012257 -0.35266199164161977 -0.7523455503796455
vn 0.07849477631832877 0.007849477631832876 -0.9968836219898705
vn 0.2527769269962874 0.22907908822774026 -0.9400141469760235
vn -0.7127233009111817 -0.07832123932026179 -0.6970590217546915
vn -0.9216885171199967 -0.15755359700033725 -0.35449561560250253
vn 0.2434763612429552 0.08639483906211001 -0.9660513409231013
vn 0.007873527662134519 -0.007873527662134519 -0.9999380056405033
vn 0.055329487414148906 -0.07113790600340801 -0.9959307436523576
vn 0.157970791442193 -0.015797079144219302 -0.987317416711383
vn -0.7789482285530668 0.18883594367724046 -0.5979804709265725
vn -0.9332543868300229 0.2117468027915581 -0.2901715716090581
vn 0.015706699265900886 -0.07068014110861856 -0.9973753642691583
vn -0.7643009432987848 0.37033140701866085 -0.5279192334516394
vn -0.8645084984046771 0.44797256006953023 -0.22791586520214355
vn -0.7808600534152276 0.49691095933823076 -0.3785988318390947
vn -0.81922785081479 0.53564898625636 -0.2048069627036975
vn -0.45778695465197927 0.2525721067454394 -0.8524308975187591
vn -0.1973342447290677 0.05525359090832456 -0.9787779301501153
vn 0.23687491714481468 -0.12633328616366882 -0.9632913237617817
vn 0.19741422031179118 -0.04737941198076021 -0.9791745589725281
vn 0.03944228519259016 0.10254993106992176 -0.9939455808928076
vn 0.03140177994011372 0.07065399834599775 -0.9970064898155458
vn 0.1973342447290677 -0.05525359090832456 -0.9787779301501153
vn 0.031471682215413584 0.023603760730237573 -0.9992258982321873
vn 0.0314804514426422 0 -0.9995043677628265
vn 0.12572338669290467 0.06286169334645234 -0.9900717335365569
vn 0.015745591494885344 -0.007872795747442672 -0.9998450357108322
vn 0 -0.007873771679070558 -0.9999690013793157
vn 0.8115772716222752 0.10243208846829972 -0.5751956184100904
vn 0.1490849691622442 0.12554523248362845 -0.9808221380915729
vn 0.7570328170243568 -0.3233161039045391 -0.5677746127682676
vn 0.015741688992788896 -0.023612532557860777 -0.9995972426601918
vn 0 -0.007873771679070558 -0.9999690013793157
vn 0.9230356260462919 -0.3707920985201844 -0.10255950821024787
vn 0.01573827654826124 -0.03147655309652248 -0.9993805747844272
vn 0 -0.007873771679070558 -0.9999690013793157
vn 0.9849239178737452 0.14970842872188006 -0.08667330828956347
vn 0 -0.01574607939264818 -0.9998760228067081
vn 0.647458098573955 -0.7579997338823826 -0.07895830561274819
vn 0.7457692583665521 0.4788624022887269 -0.46316197269386467
vn 0.8579220444591713 0.5116048856166815 -0.04722506372825756
vn 0.14943499295199902 0.20448998329692258 -0.9673949708431713
vn 0.7108463565742249 0.7029480849161643 -0.02369487830412146
vn 0.6870871625024267 0.7265750003436423 0
vn 0.676829716033789 0.6453492835314047 -0.35415510407041
vn 0.4495301531986055 0.2129353427841 -0.8675143694248852
vn 0.777769441496411 0.6285005768469921 -0.007856257210587402
vn 0.752553563486392 0.6584843829517538 0.007839100240531619
vn 0.904726837521391 0.424828279018939 0.031468759339204636
vn 0.919295567327231 0.39286134413397944 -0.02357168169112007
vn 0.7643246651604473 0.543694896246474 -0.346704003471125
vn 0.8207059943672814 0.3077647627888915 -0.4813756553826846
vn 0.5764855075068259 -0.6712502158067732 -0.4659266116181361
vn 0.3541002659439646 -0.8655784212402867 -0.3541002659439646
vn 0.3787991836956244 -0.9233230083954392 -0.06313319728260407
vn 0.015722220507155923 -0.055027774569013414 -0.9983610348006908
vn 0.007869869645248311 -0.031479478580993245 -0.9994734151442125
vn 0.1969908947756175 -0.914037766063979 -0.3545836284775038
vn 0.19713783412416316 -0.9778036548716634 -0.07096961939062905
vn 0.023695618019100723 -0.09478247207640289 -0.9952159568022303
vn 0.015722220507155923 -0.055027774569013414 -0.9983610348006908
vn 0.039393287099353816 -0.2993889745045084 -0.9533175813319749
vn 0.08683790210995532 -0.9394281446477697 -0.33156287458156575
vn 0.07881838606880141 -0.9931116421151566 -0.08670022095039136
vn 0.039368856701881554 -0.9763476849496816 -0.21259184183637964
vn 0.03158726059567073 -0.9949987180768534 -0.09476178551230235
vn -0.03138437749466865 0.37661252993602384 0.9258390913892434
vn -0.01569798769979319 0.3767517196961977 0.9261812537987016
vn -0.03138437749466865 0.37661252993602384 0.9258390913892434
vn -0.039219607125920916 0.37650824032976987 0.9255827177409207
vn -0.039219607125920916 0.37650824032976987 0.9255827177409207
vn 0.14143008193857037 -0.730722139686485 0.6678642725096576
vn 0.10273229107412747 -0.6954186407522261 0.7112235868311645
vn 0.08651499864932 -0.6763899664110717 0.7314449865486381
vn 0.05498192585396958 -0.9111290186913662 0.40843714219925753
vn 0 -0.5510614908878225 0.8344646387118452
vn 0.023680850490823274 -0.931446716433631 0.3631063642585162
vn -0.01569363667869083 -0.5178900383364747 0.8553032315849405
vn 0 -0.5214500239198208 0.8532818248117198
vn 0.031499968620101355 -0.9843740380046199 0.17324983486113843
vn 0.023712637182102557 -0.9959307430218557 -0.08694633943878466
vn 0.0315626678170962 -0.9942240269253044 -0.10257866388630453
vn 0.07090791223981006 -0.9690748925012304 -0.2363597273342482
vn 0.007849477631832876 -0.9968836219898705 -0.07849477631832877
vn 0.03921839878546189 -0.9961473716190404 -0.07843679757092378
vn 0.015714938742552618 -0.9978986380917668 -0.06285975497021047
vn 0.03145610854402903 -0.9987314155392771 -0.03932013288606861
vn -0.21359396130302674 0.5142076647501826 -0.830643182845104
vn -0.2208286956852396 0.48897784638317776 -0.8438811248679671
vn -0.21185104770744306 0.5257044715866835 -0.8238652451335864
vn -0.2277682166020705 0.5419312457234151 -0.8089698167512679
vn -0.24438253908375265 0.5754814947287296 -0.7804474510277841
vn -0.2992497257175744 0.6299993755070133 -0.7166243008150992
vn -0.347135345256693 0.6863811810839318 -0.6390445417397317
vn -0.3711387602033702 0.6948980851878062 -0.6159323598229155
vn -0.4320408178088357 0.7148311853720808 -0.5498700829892625
vn -0.4320408178088357 0.7148311853720808 -0.5498700829892625
vn -0.44215272836035463 0.7184982022120285 -0.5368997096493695
vn -0.45035723541633765 0.718991409825223 -0.5293672761946018
vn -0.42470997788207365 0.6999849817589098 -0.5741449816896316
vn -0.4266276145404739 0.7031455178207978 -0.5688367597826526
vn -0.39389619273228027 0.6538677222548831 -0.6459897763465189
vn -0.39389619273228027 0.6538677222548831 -0.6459897763465189
vn 0.00787303970763874 -0.8975265043190745 0.4408902236277695
vn 0.00787303970763874 -0.8975265043190745 0.4408902236277695
vn 0.18145144457901274 -0.9230356294643679 0.3392353165569701
vn 0.3063940428421973 -0.9113258190547935 0.27496898376893963
vn 0.22890060403299367 -0.9234955609622996 0.30783187352231417
vn -0.8810434893089513 0.03146583783952239 0.47198757504341693
vn -0.8810434893089513 0.03146583783952239 0.47198757504341693
vn -0.8761368202924715 0.023679373018000518 0.4814805909081613
vn -0.803423608866713 -0.27568457400738766 0.5277390646616487
vn -0.8515825015351896 -0.141930411955478 0.5046414581078504
vn -0.8597080761568044 -0.11830845549533534 0.4968954951990148
vn -0.7864026960478584 -0.32242509465078595 0.526889796815322
vn -0.73180722811224 -0.4013136306478237 0.5508226127701568
vn -0.7094536282735363 -0.4177893668194801 0.5675628549351102
vn -0.7007657156334498 -0.4330574489789957 0.5669115078004182
vn -0.7172473118733986 -0.4256192770913709 0.551728669346267
vn -0.9101469090302177 -0.25107501760897616 0.3295359457106207
vn -0.9757731583713073 -0.1337753537994045 0.17312105047604148
vn -0.7417226645719653 0.3156266600684765 -0.5918000509583303
vn -0.7017452455668469 0.3311606820363792 -0.630782223114702
vn -0.6160092021429199 0.3395948226792652 -0.7107798669663357
vn -0.6692705921672848 0.3385721829717673 -0.6613968183910351
vn -0.6237122900858553 0.30790858909478463 -0.718453394422712
vn -0.4417810877672574 0.36289160674445 -0.8204505787953411
vn -0.6549865277970879 0.3156561694645516 -0.6865521328226146
vn -0.685358127132756 0.3781286259770131 -0.6223367093381342
vn -0.07909402789937907 0.6169333878128324 -0.7830308613026906
vn -0.11847439895840682 0.5212873166739669 -0.8451173588717129
vn -0.07874015802771019 0.5905512038342782 -0.803149589530902
vn -0.07886739052984695 0.5047513232328784 -0.8596546029689315
vn -0.10217233628088479 0.5187210758401636 -0.8488163871993337
vn -0.09427799438616846 0.40068147055328085 -0.9113539482164885
vn -0.07102263198467462 0.5050498473147885 -0.8601630295899018
vn -0.055219201161480325 0.4338651429359258 -0.8992840916908721
vn -0.015775441766732207 0.4969264147207419 -0.8676492804064635
vn 0.04716811990669055 0.5738788145498097 -0.8175807450493028
vn 0.1653543272792417 0.7716535372372354 -0.6141732368959852
vn 0.1808223126635178 0.8097694508642308 -0.5581905836630167
vn -0.03929584015161566 0.48726840744922156 -0.8723676610516222
vn 0.11786932546127066 0.6364943604710936 -0.7622215893057599
vn 0.19596544304693872 0.8073776509833833 -0.5565418886516731
vn 0.00787279568971845 0.4566221239266379 -0.8896259073502493
vn 0.2119032437585569 0.6671028121516146 -0.7141924483666915
vn 0.25177345386011263 0.7789240968026937 -0.5743582325965715
vn 0.06294336433581535 0.38552808793041893 -0.9205466996860094
vn 0.29238281404834326 0.70329918283376 -0.6479834484572404
vn 0.33035041145312893 0.7550866888098073 -0.5663150166073555
vn 0.11833790314483145 0.3234569327790125 -0.9388140142309752
vn -0.05500738224572522 -0.5736484425218619 -0.8172525021624069
vn 0.3462742677207531 0.7161581148019615 -0.6059799387089946
vn 0.3688345338413349 0.7062789389762253 -0.6042608269651962
vn 0.1737895525107889 0.23698575206915198 -0.9558425313587581
vn 0.18868997839896579 -0.24372455667376094 -0.9513119533181407
vn 0.3779176063652407 0.692848959904102 -0.6141161140688063
vn -0.03154695921469378 -0.7413535452705944 -0.6703728143943692
vn -0.04722653069574128 -0.7556244911318605 -0.6533003009337751
vn -0.06296090307772141 -0.747660759438197 -0.6610894897666549
vn -0.08655785020940795 -0.8026272651542642 -0.5901671049779988
vn -0.06305471253936891 -0.6857199280851191 -0.7251291494992576
vn -0.10214394365512992 -0.8014371422207464 -0.5892920514003399
vn -0.08669753419291283 -0.7960409564864108 -0.5990011128212277
vn -0.04718562142338413 -0.45612767251761643 -0.8886625138344428
vn -0.05511127803105728 -0.7873039271687632 -0.6140971204120944
vn -0.04718562134712262 -0.3696207042777508 -0.9279838641416702
vn -0.04714336192091808 -0.30643185621125774 -0.9507244716139983
vn -0.03957177490171639 -0.7597781019548114 -0.6489771262695413
vn -0.05510102977526758 -0.2440188520016408 -0.9682038403071466
vn -0.039231680317368435 -0.7297092077094532 -0.6826311943088433
vn -0.07100273131873307 -0.14989467321874322 -0.9861491768925865
vn -0.047332212396535296 -0.6863170927882768 -0.725760642234268
vn -0.09425181640911924 0.5576565555853522 -0.8247034382832792
vn -0.15762208106271244 0.47286627299046197 -0.8669214309437561
vn -0.07106689913016558 -0.07106689913016558 -0.9949366772292827
vn -0.0471389981064138 -0.6363764725739413 -0.7699369454779212
vn -0.07066924322511581 -0.023556415650135405 -0.9972216169657111
vn -0.04728368859462601 -0.5595236049080193 -0.8274645541312458
vn -0.07097844561365567 0.08675143601132816 -0.9936982683935008
vn -0.047187077748325534 -0.44041272565103834 -0.8965545219216714
vn -0.04718562210904589 0.7628341911895082 -0.6448701526807012
vn 0.14120795711048706 0.9335415347947168 0.3294852282907491
vn 0.16595216915934144 0.9166881895291187 0.3635142923313139
vn -0.07085735337952687 0.20469902418555788 -0.976256905209653
vn -0.039393287099353816 -0.2993889745045084 -0.9533175813319749
vn -0.023539007458527564 0.8081725496730152 -0.5884751864631891
vn 0.2204997887703773 0.9056241106302073 0.36224965617301136
vn -0.10227979253523745 -0.14948586037149114 -0.983459618686982
vn 0.01569363667869083 0.8553032315849405 -0.5178900383364747
vn 0.28410823776093747 0.8996760763088606 0.33145960078698566
vn -0.11833790314483145 0.3234569327790125 -0.9388140142309752
vn -0.1421958807018167 0.4107880898711408 -0.9005739707161508
vn 0.03932134898244373 0.880798241048598 -0.47185621759164786
vn -0.2434763612429552 -0.08639483906211001 -0.9660513409231013
vn -0.2203563521859338 0.46432228373232287 -0.8578157697786332
vn -0.3867390136897676 -0.11049686318295661 -0.9155453994843691
vn -0.5677569805761649 -0.1340537290414008 -0.8122078605487213
vn -0.3230550377828913 0.5121604344759955 -0.7958185295156517
vn -0.6360428582556695 -0.16489999587334828 -0.7538285440489291
vn -0.3230550377828913 0.5121604344759955 0.7958185295156517
vn -0.6360428582556695 -0.16489999587334828 0.7538285440489291
vn -0.5677569805761649 -0.1340537290414008 0.8122078605487213
vn -0.2203563521859338 0.46432228373232287 0.8578157697786332
vn -0.3867390136897676 -0.11049686318295661 0.9155453994843691
vn -0.2434763612429552 -0.08639483906211001 0.9660513409231013
vn -0.1421958807018167 0.4107880898711408 0.9005739707161508
vn 0.03932134898244373 0.880798241048598 0.47185621759164786
vn -0.10227979253523745 -0.14948586037149114 0.983459618686982
vn 0.01569363667869083 0.8553032315849405 0.5178900383364747
vn 0.28410823776093747 0.8996760763088606 -0.33145960078698566
vn 0.2204997887703773 0.9056241106302073 -0.36224965617301136
vn -0.11833790314483145 0.3234569327790125 0.9388140142309752
vn -0.023539007458527564 0.8081725496730152 0.5884751864631891
vn 0.16595216915934144 0.9166881895291187 -0.3635142923313139
vn -0.07085735337952687 0.20469902418555788 0.976256905209653
vn -0.039393287099353816 -0.2993889745045084 0.9533175813319749
vn -0.047187077748325534 -0.44041272565103834 0.8965545219216714
vn -0.04718562210904589 0.7628341911895082 0.6448701526807012
vn 0.13377535778375127 0.928558320213073 -0.34624211126451016
vn -0.0787084461203953 0.6217967161554845 0.7792135934951141
vn -0.07097844561365567 0.08675143601132816 0.9936982683935008
vn -0.04728368859462601 -0.5595236049080193 0.8274645541312458
vn -0.07066924322511581 -0.023556415650135405 0.9972216169657111
vn -0.0471389981064138 -0.6363764725739413 0.7699369454779212
vn -0.08655785020940795 0.5901671049779988 0.8026272651542642
vn -0.11777119229364834 0.5417474458077637 0.8322497529146505
vn -0.07106689913016558 -0.07106689913016558 0.9949366772292827
vn -0.047332212396535296 -0.6863170927882768 0.725760642234268
vn -0.09444428179420793 0.5666656609629277 0.8185171386854552
vn -0.1494349941078852 0.5190899811011971 0.8415549738765349
vn -0.07100273131873307 -0.14989467321874322 0.9861491768925865
vn -0.039231680317368435 -0.7297092077094532 0.6826311943088433
vn -0.05510102977526758 -0.2440188520016408 0.9682038403071466
vn -0.039334732266344236 -0.7630938141627167 0.6450896136383938
vn -0.09462615859264495 0.5283293730579667 0.8437499414365464
vn -0.15772007031756036 0.4416162088100988 0.8832324176201976
vn -0.07886739052984695 0.5047513232328784 0.8596546029689315
vn -0.08648291339916453 0.40096619759777163 0.9120015428024107
vn -0.055219201161480325 0.4338651429359258 0.8992840916908721
vn -0.07102263198467462 0.5050498473147885 0.8601630295899018
vn -0.015775441766732207 0.4969264147207419 0.8676492804064635
vn 0.04716811990669055 0.5738788145498097 0.8175807450493028
vn 0.1653543272792417 0.7716535372372354 0.6141732368959852
vn 0.1808223126635178 0.8097694508642308 0.5581905836630167
vn -0.03929584015161566 0.48726840744922156 0.8723676610516222
vn -0.04718562134712262 -0.3696207042777508 0.9279838641416702
vn -0.039448424939530415 -0.36292549752275094 0.9309827630078089
vn -0.07078718759978314 -0.786524313286995 0.6134889393299067
vn -0.06322974482269966 -0.4900305372770848 0.8694090360156075
vn -0.09435956847721769 -0.8020563059793185 0.5897473644499
vn 0.00790100383715582 0.4503572494515241 0.8928134866839899
vn -0.07087273208606598 -0.6772283255110395 0.7323515897246148
vn 0.11786932546127066 0.6364943604710936 0.7622215893057599
vn 0.19596544304693872 0.8073776509833833 0.5565418886516731
vn 0.047140450034332836 0.32998315396561995 0.9428090453901375
vn 0.2119032437585569 0.6671028121516146 0.7141924483666915
vn 0.25177345386011263 0.7789240968026937 0.5743582325965715
vn 0.11833790314483145 0.3234569327790125 0.9388140142309752
vn 0.29238281404834326 0.70329918283376 0.6479834484572404
vn 0.33035041145312893 0.7550866888098073 0.5663150166073555
vn -0.06305471253936891 -0.6857199280851191 0.7251291494992576
vn -0.08655785020940795 -0.8026272651542642 0.5901671049779988
vn 0.3462742677207531 0.7161581148019615 0.6059799387089946
vn 0.3688345338413349 0.7062789389762253 0.6042608269651962
vn 0.1737895525107889 0.23698575206915198 0.9558425313587581
vn 0.18868997839896579 -0.24372455667376094 0.9513119533181407
vn 0.3779176063652407 0.692848959904102 0.6141161140688063
vn -0.06296090307772141 -0.747660759438197 0.6610894897666549
vn -0.04722653069574128 -0.7556244911318605 0.6533003009337751
vn -0.03154695921469378 -0.7413535452705944 0.6703728143943692
vn -0.3153519244236875 0.5282144301963062 -0.7883797812568943
vn -0.31488255231377155 0.48019591835553416 -0.818694606213483
vn -0.2823377322444559 0.5411473648386919 -0.7921142180766594
vn -0.24499997379664903 0.6322579949718476 -0.7349998915876248
vn -0.2827031228548384 0.6125234825226908 -0.7381693082798803
vn -0.2443066522753814 0.6935156542265895 -0.6777538616611943
vn -0.21944759623930435 0.705367309814872 -0.6740175893471337
vn -0.23710415540044932 0.750829793148908 -0.6164707951004718
vn -0.2132605621719065 0.7582597766112231 -0.6160860684966187
vn -0.31488255231377155 0.48019591835553416 0.818694606213483
vn -0.3146876101022455 0.5192345387873116 0.7945861827256153
vn -0.2823377322444559 0.5411473648386919 0.7921142180766594
vn -0.24499997379664903 0.6322579949718476 0.7349998915876248
vn -0.2827031228548384 0.6125234825226908 0.7381693082798803
vn -0.2443066522753814 0.6935156542265895 0.6777538616611943
vn -0.21944759623930435 0.705367309814872 0.6740175893471337
vn -0.23710415540044932 0.750829793148908 0.6164707951004718
vn -0.2132605621719065 0.7582597766112231 0.6160860684966187
vn -0.2757102324590177 0.6223173903510181 0.7326014833346252
vn -0.2678743420552215 0.6066566376281358 0.7484724850588743
vn -0.30692491566077923 0.6610690445305522 0.6846786213327289
vn -0.20525320467782182 0.5447104335300504 0.813118481878864
vn -0.2039419578357405 0.5412305637897084 0.815767831342962
vn -0.15795107388708743 0.4975458872146734 0.8529358407135201
vn -0.07893616513214281 0.35521276917167416 0.9314467083261511
vn -0.07061266745900971 0.3295257914094859 0.9415023122596541
vn -0.06280355775332681 0.30616732821498477 0.9499038268515516
vn 0.2749096042029124 0.07854560439393794 0.9582563840368553
vn 0.39379845962107346 -0.19689922981053673 0.8978604938965113
vn -0.03156758127923788 0.2683244371482317 0.9628112401926263
vn 0.7423006355992561 -0.47380890999903147 0.47380890999903147
vn 0.8710773168234546 -0.10986560813138374 0.4787001736636118
vn 0.35448459187001147 -0.3702394705670758 0.8586404419551661
vn 0.03137568675595675 0.149034511159472 0.9883340936970905
vn 0.8761368231005388 -0.3078318390447535 0.37097685383002066
vn 0.9288171759673436 0.07871332214401001 0.3620812982537238
vn 0.6314696172617794 -0.7182967097518401 0.29205471959025503
vn 0.5594541059448701 -0.7249265428430577 0.401861432365733
vn 0.29914768394225 -0.582550801565011 0.7557415079165302
vn 0.3607427217817276 -0.8783300611520771 0.31368932458421195
vn 0.3628690207331795 -0.9071725518329488 0.21298834473519712
vn -0.07063440988347033 -0.1805101784593058 0.9810335649777756
vn -0.18073855432758157 -0.369335295655504 0.9115508841324423
vn 0.14125577497536512 -0.7455166257449772 0.6513461190288408
vn 0.19653382737629224 -0.9433624190899218 0.26728599092664174
vn 0.197408057067651 -0.9633513888236148 0.181615419654796
vn -0.10262660011531026 0.00789435435650522 0.9946886247052724
vn 0.0790248421766624 -0.9720055848499791 0.22126955809465473
vn 0.07893616536008474 -0.9867020371987347 0.1420850857272227
vn -0.11808095502543502 0.04723238052005793 0.9918800281741184
vn -0.141416989496208 0.007856499830377167 0.9899189413746181
vn 0.05514204519725643 0.5592978614558959 0.8271307375634913
vn 0.05499379877448548 0.5263691944897629 0.8484757823229544
vn 0.007878657730658488 -0.1733304775250676 0.9848322051564395
vn 0.03932134898244373 0.47185621759164786 0.880798241048598
vn 0.055220917745233536 -0.8519798673973915 0.5206543534754101
vn 0.047366121256523654 -0.29209110964245566 0.9552168519372717
vn 0.039219607125920916 0.37650824032976987 0.9255827177409207
vn 0.039393287099353816 0.2993889745045084 0.9533175813319749
vn 0.04735432128440339 -0.4498660503391871 0.8918397305614464
vn -0.1343380358014238 -0.22916488284935105 0.9640729996248513
vn 0.03147752751669603 -0.8971095565775798 0.44068538523374445
vn 0.047086710054271334 -0.9809731441362218 0.18834684021708534
vn 0.04723238052005793 -0.9918800281741184 0.11808095502543502
vn 0.05502777614665618 -0.6446110685875759 0.7625277136647146
vn 0.031375686755956755 -0.9883340936970907 0.14903451115947203
vn 0.031536169948425764 -0.9933893887656658 0.1103765929568452
vn 0.023644046206203445 -0.9221178169430964 0.3861860830676023
vn 0.023633039041608774 -0.9768322878370767 0.21269734578654342
vn 0.03141145933756241 -0.9894609933476041 0.14135155770580465
vn 0.015755848398357784 -0.9847405202407489 0.17331434169516105
vn -0.0236653704378387 -0.741514981363806 0.6705188160335805
vn 0.01579264543019597 -0.9080771159615586 0.41850512997722517
vn -0.08670830442910829 -0.26012490583674386 0.9616739069489482
vn -0.07089691737720107 -0.4175040954900239 0.9059050487526092
vn -0.06286169334645234 -0.12572338669290467 0.9900717335365569
vn -0.10994010933827622 -0.09423438156154561 0.9894609914950669
vn -0.18155318397043302 -0.09472339579726347 0.9788084182713351
vn -0.39374961940651665 -0.6693743380899173 0.6299993910504266
vn 0.08671638895920923 0.6385479360981525 0.7646808492375528
vn 0.10272908694735637 0.6242767866514645 0.7744192845888359
vn 0.055307030324570884 0.6399813684606899 0.7663974037141956
vn 0.10222286622565852 0.6290637784029807 0.7706031717570183
vn 0.015711058985218584 0.6284423743099037 0.7776974635404785
vn -0.22019955745268757 -0.023592809460981502 0.9751694900064183
vn -0.3237492493517641 -0.11054852035274396 0.9396624118224526
vn -0.015755848601811853 -0.2757273253859985 0.9611067553972975
vn -0.11010999546196144 0.22808498740667144 0.9673949697094074
vn -0.06321395753305825 0.18964185769801398 0.9798162896083401
vn 0.03151169867311702 -0.34662870403073914 0.9374729619507461
vn -0.18942907455608468 -0.0789287847903253 0.9787169522616577
vn -0.29140182715410634 -0.370159081763638 0.8820811920221112
vn 0.023647719639745237 0.5833104028792204 0.8119050186128433
vn -0.0862884454622484 -0.00784440438692874 0.9962393133677886
vn -0.00788747538195932 0.5363482961709106 0.8439598882213895
vn -0.07856499085089126 -0.11784749372691788 0.9899189413456455
vn 0.03138437749466865 -0.37661252993602384 0.9258390913892434
vn 0 -0.055034575037905153 0.9984844493282794
vn -0.007889192894670355 -0.16567304985675493 0.9861491779576922
vn -0.03936763862244135 0.5117793095423182 0.8582144996174796
vn 0.13384165789901944 0.2991754881285853 0.9447647526838967
vn 0.06283648236619156 0.5733829667840774 0.8168742558593293
vn 0.023556415650135405 -0.07066924322511581 0.9972216169657111
vn 0.0472910287046959 0.6699562592305249 0.7408928190513748
vn 0.015728539134279955 -0.13369257984741184 0.9908980306522184
vn 0.023556415650135405 -0.07066924322511581 0.9972216169657111
vn 0.0392437599337343 0.722085158938852 0.6906901986755829
vn 0.007847543557351696 -0.14910332386439204 0.9887904807757333
vn 0.02361253283410736 -0.3699297021776604 0.9287596372258572
vn 0.02361253283410736 -0.3699297021776604 0.9287596372258572
vn 0.007870844763236661 -0.9051470984121184 0.4250256228027153
vn 0.007867676422983532 -0.9834596189968462 0.18095656238523425
vn 0.015755848398357784 -0.9847405202407489 0.17331434169516105
vn 0.01579264543019597 -0.9080771159615586 0.41850512997722517
vn 0 -0.9874406332185228 0.15799049297031298
vn 0.015687843442614556 -0.3372886107331491 0.9412705693039712
vn 0 -0.9262953924922727 0.3767981500055256
vn 0.023691923355464863 -0.9871634632102614 0.157946160670153
vn 0.007880614342833402 -0.9929574388619771 0.11820922352440442
vn 0.007879635750071003 -0.21275017829043386 0.9770748553605474
vn -0.04728368576838419 -0.9850768253360028 0.16549290391463486
vn -0.06316664371727053 -0.9948746459975909 0.07895830464658816
vn 0.023608877972804955 -0.023608877972804955 0.9994424654584828
vn 0.0472910287046959 0.7408928190513748 0.6699562592305249
vn -0.33853020091895114 -0.9289898772491919 0.14958312416280795
vn -0.33916143817916466 -0.9386095746410404 0.06309980383809219
vn 0.04718999807772589 0.007864999369180132 0.9988549673833268
vn 0.0947617819998063 0.7423006355992561 0.663332473998644
vn 0.015789692148261987 -0.2684247609325187 0.9631712378077865
vn 0.10224499393718957 0.08651500060114539 0.9909899676009682
vn 0.19683818271714343 0.7164910345622566 0.6692498242185199
vn 0.023650657614643404 -0.32322565034150286 0.9460263343880588
vn 0.015687360773733467 -0.19609200222108802 0.9804600111054401
vn 0.09445306130839576 -0.08658197721220155 0.9917571176611227
vn 0.007885513205996553 -0.7491237815780284 0.6623831055784201
vn 0.03927037945147748 -0.35343343368974744 0.934635033180338
vn 0.06325939202549437 -0.9093537789929327 0.4111860332645524
vn -0.015810894797596706 -0.8379774205473354 0.5454758090498
vn 0.007895584700716954 -0.9316789574316997 0.3631968887823997
vn -0.2986483933515994 -0.9038043208513848 0.3065075639505091
vn -0.01576955505167179 -0.3232758711086916 0.946173362704948
vn 0 -0.5271669906794227 0.8497617100917182
vn 0.1494858571864895 0.10227979506165599 0.9834596189083545
vn 0.3536953431563609 0.6209317696835531 0.6995308010567906
vn -0.04723823919764839 -0.34641376901724974 0.9368916956579182
vn 0.12558389600582023 -0.07848993314099259 0.9889732127108004
vn 0.4727781644347052 0.5121763001007782 0.7170468916666667
vn 0.5131330172126084 0.48155560718771767 0.7104918745716615
vn -0.06291221863991682 -0.5111617475783241 0.8571789314714151
vn -0.07886739052984695 -0.5047513232328784 0.8596546029689315
vn 0.007885512559248024 -0.32330604007487745 0.9462616039673065
vn 0.5127018595402747 0.29973339985163105 0.8045475077565817
vn -0.17305676534950265 -0.5821000302575235 0.7944878291962423
vn -0.27463019679533457 -0.8552769071061342 0.4394083148725353
vn -0.10972043746415162 -0.5799508624517142 0.807228854008693
vn -0.22757875147503814 -0.6356510304398971 0.7376690852799512
vn -0.29197287706694103 -0.9390478181493092 0.18149665089547773
vn -0.2916823895737315 -0.9538802413460881 0.07094976238217196
vn -0.15689290947686907 -0.8550663529236462 0.49421265367626677
vn -0.5655457773570963 -0.785480292688467 0.2513537020049594
vn -0.11030462745137815 -0.9691049715144708 0.2206092549027563
vn -0.07087273115046983 -0.9922182659088966 0.10237171863368986
vn -0.24370195961666183 -0.28300871864448157 -0.9276397037914061
vn -0.22082870684465875 -0.29180936314834055 -0.930635254980315
vn -0.22082870684465875 -0.29180936314834055 -0.930635254980315
vn -0.18954130216430742 -0.28431193834530055 -0.9398089255206065
vn -0.15799049185446942 -0.27648336819590236 -0.9479430107314637
vn -0.14176744563440294 -0.2677829329967679 -0.9529922833653718
vn -0.08639483906211001 -0.2434763612429552 -0.9660513409231013
vn -0.07874015592127788 -0.23622047521441414 -0.9685039364581691
vn -0.07103811333574775 -0.22890059155439826 -0.9708543174131452
vn -0.07103811333574775 -0.22890059155439826 -0.9708543174131452
vn -0.05499210182612073 -0.18068833829682956 -0.9820018294994546
vn -0.0471462698083479 -0.22001593322287047 -0.974356309761079
vn -0.06285975693899994 -0.455733226631879 -0.8878940686260192
vn -0.03930191034481614 -0.2200906919705058 -0.9746873586700465
vn -0.03940796963554829 -0.5359483512806689 -0.8433305263588747
vn -0.007864999369180132 -0.04718999807772589 -0.9988549673833268
vn -0.0708463744608006 -0.40146281096294617 -0.9131310982764139
vn -0.03145027318612195 -0.22015191230285364 -0.9749584687697804
vn -0.03948530914099059 -0.3395736504168805 -0.9397503106169185
vn -0.015738763963206694 -0.47216293379736296 -0.8813707819395749
vn -0.015741688992788896 0.023612532557860777 -0.9995972426601918
vn -0.023657275835946283 0.11040061932598587 -0.9936055739338728
vn -0.02363890836160131 -0.3467039868199592 -0.9376766753708965
vn -0.00787011295912866 -0.4722067961741721 -0.8814526663235719
vn -0.023592809460981502 0.22019955745268757 -0.9751694900064183
vn -0.00786524305045958 -0.3303401932181404 -0.9438291660551495
vn 0.007897061351588637 -0.41854426560403646 -0.9081620638145964
vn -0.023551334290314047 0.22766289689793898 -0.9734551556333678
vn -0.023630105123240267 0.2756845591502547 -0.9609576691915176
vn 0 -0.3233160954536601 -0.9462910241678295
vn 0.01576955505167179 -0.3232758711086916 -0.946173362704948
vn -0.031597113765723134 0.29227330047029393 -0.9558127119022206
vn -0.0314483274412178 0.3066211981398091 -0.9513119591135485
vn 0.015744127211232452 -0.369987008090414 -0.9289035129132953
vn 0.03155088305995176 -0.402273759014385 -0.9149756087386012
vn 0.03152343526287838 -0.29947265548644303 -0.9535839772380436
vn -0.03929705396250547 0.33009525030481357 -0.9431292951001313
vn 0.04724849090975224 -0.38586265403211795 -0.921345533624623
vn 0.03139500832486359 -0.22761380197335748 -0.9732452468948999
vn -0.03948530914099059 0.3395736504168805 -0.9397503106169185
vn -0.047366126885087734 0.3394572401929353 -0.9394281410009505
vn 0.0314999682726386 -0.2756247037591355 -0.9607490695683819
vn -0.04723823919764839 0.34641376901724974 -0.9368916956579182
vn 0.05498192585396958 -0.40843714219925753 -0.9111290186913662
vn 0.04732190985665964 -0.3628012977251868 -0.930664201103942
vn 0.007871576335977366 -0.023614728076609554 -0.9996901434463855
vn 0.03147752698517083 -0.12591010794068333 -0.9915421372857856
vn 0.0865444494216057 -0.4169868899584347 -0.9047828423865605
vn 0.06296090307772141 -0.6610894897666549 -0.747660759438197
vn 0.039393287099353816 -0.2993889745045084 -0.9533175813319749
vn -0.03144541214393959 -0.770412642230001 -0.6367696182665172
vn -0.015789692898706877 -0.3631629273570326 -0.9315918493587388
vn -0.18883594367724046 -0.7789482285530668 -0.5979804709265725
vn -0.08691105531769319 -0.37134719910451536 -0.9244175064227181
vn -0.18096217587251595 -0.7867920379128658 -0.5900940433358094
vn -0.08675414002421097 -0.3943369581158663 -0.9148617833599703
vn -0.00787352785011954 -0.7952262905103314 -0.6062616221074625
vn 0 -0.3233160954536601 -0.9462910241678295
vn 0.04718562210904589 -0.7628341911895082 -0.6448701526807012
vn 0.015685911069362637 -0.290189368753048 -0.9568406776766086
vn -0.01576759531749637 -0.2995843091697858 -0.9539395288157241
vn -0.047015819913646686 -0.7444171939571047 -0.6660574705075216
vn -0.18163240842935086 -0.7186326145933205 -0.6712502018256095
vn -0.0706170187757454 -0.3060070813615634 -0.9494066056310139
vn -0.28231169862244293 -0.6822532791214841 -0.6744112750754491
vn -0.0629297342827792 -0.34611353110470505 -0.9360797359890509
vn -0.14120795711048706 -0.3294852282907491 -0.9335415347947168
vn -0.35415510407041 -0.6453492835314047 -0.676829716033789
vn -0.015757804215930742 -0.21273035598374246 -0.9769838725635765
vn -0.2050807256152404 -0.38649831866552514 -0.8992001699565279
vn 0.02356877104682588 -0.062850056124869 -0.9977446484328759
vn -0.3871613069231971 -0.6400013544371101 -0.663705046492933
vn -0.22019955817198725 -0.4797204798543364 -0.8493411657215177
vn 0.06307038001595028 -0.15767595376516605 -0.9854747184828685
vn -0.259890837272674 -0.5906610696619837 -0.7639216278437664
vn 0.17303000400075214 -0.30673500912421897 -0.9359349613584618
vn -0.4336493078152231 -0.8672986156304462 -0.244420517053887
vn -0.41732284710687967 -0.8976377905897023 -0.14173227645051664
vn -0.4024240054990789 -0.9153173598656655 -0.01578133475422455
vn -0.4024240054990789 -0.9153173598656655 -0.01578133475422455
vn -0.4024240054990789 -0.9153173598656655 -0.01578133475422455
vn 0.055220915836801936 -0.09466442395569763 0.9939765074141748
vn 0.039373740908511624 -0.11812122272553487 0.9922182649340284
vn 0.039409193054072054 -0.11034573310082135 0.9931116426108745
vn 0.015744614522010182 -0.12595691617608146 0.9919107633154128
vn 0.007878657730658488 -0.1733304775250676 0.9848322051564395
vn 0 -0.13370912469530022 0.9910206203572237
vn -0.015773970154288375 -0.11041778735472843 0.9937600787419756
vn -0.00784440438692874 -0.0862884454622484 0.9962393133677886
vn -0.00789435435650522 -0.10262660011531026 0.9946886247052724
vn -0.007861839405357616 -0.05503287397485821 0.9984535914419015
vn 0 -0.007873771679070558 0.9999690013793157
vn 0.01574412713551236 -0.01574412713551236 0.9997520917314859
vn 0.01574412713551236 -0.01574412713551236 0.9997520917314859
vn 0 -0.007873771679070558 0.9999690013793157
vn 0 -0.007873771679070558 0.9999690013793157
vn -0.007856499830377167 -0.141416989496208 0.9899189413746181
vn 0 -0.09480909016679247 0.9954954728283524
vn 0 -0.055034575037905153 0.9984844493282794
vn 0 0 1
vn 0 0 1
vn 0 -0.15799049297031298 0.9874406332185228
vn 0 0 1
vn 0 -0.2127567805309133 0.9771051900067468
vn -0.07068231943065881 -0.12565745842130027 0.98955253163387
vn -0.007872795747442672 -0.015745591494885344 0.9998450357108322
vn -0.23610339106279643 -0.4564665361865244 0.8578423456967629
vn -0.243513917459314 -0.45560664966956715 0.8562263443625701
vn -0.2204177816036454 -0.41721939839821787 0.8816711264145816
vn -0.07074998716148176 -0.11791666017029673 0.9904999245688678
vn -0.06292194490007468 -0.11797864761896253 0.9910206191376608
vn -0.2121189495166429 -0.40852536990500915 0.8877570463814587
vn -0.07061049554714298 -0.13337538047793673 0.9885469972646482
vn 0 -0.03933960273179264 0.9992258982116631
vn -0.20399215889993433 -0.43152189408214886 0.8787354858176029
vn -0.04723238052005793 -0.11808095502543502 0.9918800281741184
vn -0.07091671772292586 -0.1575927259191628 0.9849544922912805
vn -0.1970949398266617 -0.45726026874250575 0.8672177531187056
vn -0.0315626678170962 -0.10257866388630453 0.9942240269253044
vn -0.023589163231935256 -0.13367192001391287 0.9907448557412808
vn -0.015728539134279955 -0.13369257984741184 0.9908980306522184
vn -0.03144541329576119 -0.13364299998772639 0.9905305318549948
vn -0.015714938742552618 -0.06285975497021047 0.9978986380917668
vn -0.13400373592331102 -0.4177763689503765 0.8986133230178787
vn 0 -0.01574607939264818 0.9998760228067081
vn -0.11046589574756356 -0.27616472074245674 0.9547409768591318
vn 0 -0.11043152280385991 0.9938837350370618
vn -0.11768417201340428 -0.43150863319934274 0.8943996506774557
vn -0.10992316546767553 -0.46324761206269766 0.8793853237414042
vn 0 -0.16567820961639096 0.9861798673965653
vn -0.0789189530737327 -0.3945947802698255 0.9154598616157641
vn 0 -0.15799049297031298 0.9874406332185228
vn 0 -0.2052148272610252 0.9787169532976465
vn 0 -0.2052148272610252 0.9787169532976465
vn 0 -0.2052148272610252 0.9787169532976465
vn 0 -0.2052148272610252 0.9787169532976465
vn 0 -0.2052148272610252 0.9787169532976465
vn 0 -0.2052148272610252 0.9787169532976465
vn 0 -0.2052148272610252 0.9787169532976465
vn -0.015757804215930742 -0.21273035598374246 0.9769838725635765
vn 0 -0.2127567805309133 0.9771051900067468
vn 0 -0.2052148272610252 0.9787169532976465
vn 0.007892632503148606 -0.20520844135657362 0.9786864676433285
vn 0.007879635750071003 -0.21275017829043386 0.9770748553605474
vn 0 -0.22026087692299234 0.9754410008284019
vn 0 -0.22026087692299234 0.9754410008284019
vn 0 -0.22026087692299234 0.9754410008284019
vn 0 -0.22026087692299234 0.9754410008284019
vn 0 -0.236956187051733 0.9715203371097819
vn 0 -0.22772605287670825 0.9737252409387335
vn -0.007883307891582097 -0.24438254184507716 0.9696468566947586
vn 0 -0.22772605287670825 0.9737252409387335
vn 0.03143084657754077 -0.28287761174728665 0.958640891395506
vn 0.007892632503148606 -0.20520844135657362 0.9786864676433285
vn 0.007892632503148606 -0.20520844135657362 0.9786864676433285
vn 0.007905200536960076 -0.1976300050420993 0.9802448107036987
vn 0 -0.2052148272610252 0.9787169532976465
vn 0.007867676422983532 -0.18095656238523425 0.9834596189968462
vn 0.02370967465589422 -0.19758061530275314 0.979999873359327
vn 0.015711058962115037 -0.1885327224465426 0.981941227973031
vn 0.02370967465589422 -0.19758061530275314 0.979999873359327
vn 0.007856256901564442 -0.18855016563754662 0.982032135047296
vn 0.007856256901564442 -0.18855016563754662 0.982032135047296
vn 0.007867676422983532 -0.18095656238523425 0.9834596189968462
vn 0.007867676422983532 -0.18095656238523425 0.9834596189968462
vn 0.007867676422983532 -0.18095656238523425 0.9834596189968462
vn 0.01573389360317942 -0.1809397745739182 0.9833683148084565
vn 0.023597187681797843 -0.1809117896118044 0.9832162005952527
vn 0.0394963920367659 -0.19748196018382952 0.9795105463536523
vn 0.039368856701881554 -0.21259184183637964 0.9763476849496816
vn 0.07843679645475776 -0.18040464153169727 0.9804600115638246
vn 0.09458499733119118 -0.18916999466238235 0.9773783256238562
vn 0.07868407524666453 -0.2045785896808634 0.9756825390191045
vn -0.22082870684465875 -0.29180936314834055 0.930635254980315
vn -0.24370195961666183 -0.28300871864448157 0.9276397037914061
vn -0.22082870684465875 -0.29180936314834055 0.930635254980315
vn -0.18954130216430742 -0.28431193834530055 0.9398089255206065
vn -0.15799049185446942 -0.27648336819590236 0.9479430107314637
vn -0.14176744563440294 -0.2677829329967679 0.9529922833653718
vn -0.08639483906211001 -0.2434763612429552 0.9660513409231013
vn -0.07874015592127788 -0.23622047521441414 0.9685039364581691
vn -0.07103811333574775 -0.22890059155439826 0.9708543174131452
vn -0.07103811333574775 -0.22890059155439826 0.9708543174131452
vn -0.05499210182612073 -0.18068833829682956 0.9820018294994546
vn -0.0471462698083479 -0.22001593322287047 0.974356309761079
vn -0.06285975693899994 -0.455733226631879 0.8878940686260192
vn -0.03930191034481614 -0.2200906919705058 0.9746873586700465
vn -0.03940796963554829 -0.5359483512806689 0.8433305263588747
vn -0.007864999369180132 -0.04718999807772589 0.9988549673833268
vn -0.0708463744608006 -0.40146281096294617 0.9131310982764139
vn -0.03145027318612195 -0.22015191230285364 0.9749584687697804
vn -0.03948530914099059 -0.3395736504168805 0.9397503106169185
vn -0.015738763963206694 -0.47216293379736296 0.8813707819395749
vn -0.015741688992788896 0.023612532557860777 0.9995972426601918
vn -0.023657275835946283 0.11040061932598587 0.9936055739338728
vn -0.02363890836160131 -0.3467039868199592 0.9376766753708965
vn -0.00787011295912866 -0.4722067961741721 0.8814526663235719
vn -0.023592809460981502 0.22019955745268757 0.9751694900064183
vn -0.00786524305045958 -0.3303401932181404 0.9438291660551495
vn 0.007897061351588637 -0.41854426560403646 0.9081620638145964
vn -0.023551334290314047 0.22766289689793898 0.9734551556333678
vn -0.023630105123240267 0.2756845591502547 0.9609576691915176
vn 0 -0.3233160954536601 0.9462910241678295
vn 0.01576955505167179 -0.3232758711086916 0.946173362704948
vn -0.031597113765723134 0.29227330047029393 0.9558127119022206
vn -0.0314483274412178 0.3066211981398091 0.9513119591135485
vn 0.015744127211232452 -0.369987008090414 0.9289035129132953
vn 0.03155088305995176 -0.402273759014385 0.9149756087386012
vn 0.03152343526287838 -0.29947265548644303 0.9535839772380436
vn -0.03929705396250547 0.33009525030481357 0.9431292951001313
vn 0.04724849090975224 -0.38586265403211795 0.921345533624623
vn 0.03139500832486359 -0.22761380197335748 0.9732452468948999
vn -0.03948530914099059 0.3395736504168805 0.9397503106169185
vn -0.047366126885087734 0.3394572401929353 0.9394281410009505
vn 0.0314999682726386 -0.2756247037591355 0.9607490695683819
vn -0.04723823919764839 0.34641376901724974 0.9368916956579182
vn 0.05498192585396958 -0.40843714219925753 0.9111290186913662
vn 0.04732190985665964 -0.3628012977251868 0.930664201103942
vn 0.007871576335977366 -0.023614728076609554 0.9996901434463855
vn 0.03147752698517083 -0.12591010794068333 0.9915421372857856
vn 0.0865444494216057 -0.4169868899584347 0.9047828423865605
vn 0.06296090307772141 -0.6610894897666549 0.747660759438197
vn 0.039393287099353816 -0.2993889745045084 0.9533175813319749
vn -0.03144541214393959 -0.770412642230001 0.6367696182665172
vn -0.015789692898706877 -0.3631629273570326 0.9315918493587388
vn -0.18883594367724046 -0.7789482285530668 0.5979804709265725
vn -0.08691105531769319 -0.37134719910451536 0.9244175064227181
vn -0.18096217587251595 -0.7867920379128658 0.5900940433358094
vn -0.08675414002421097 -0.3943369581158663 0.9148617833599703
vn -0.00787352785011954 -0.7952262905103314 0.6062616221074625
vn 0 -0.3233160954536601 0.9462910241678295
vn 0.04718562210904589 -0.7628341911895082 0.6448701526807012
vn 0.015685911069362637 -0.290189368753048 0.9568406776766086
vn -0.01576759531749637 -0.2995843091697858 0.9539395288157241
vn -0.047015819913646686 -0.7444171939571047 0.6660574705075216
vn -0.18163240842935086 -0.7186326145933205 0.6712502018256095
vn -0.0706170187757454 -0.3060070813615634 0.9494066056310139
vn -0.28231169862244293 -0.6822532791214841 0.6744112750754491
vn -0.0629297342827792 -0.34611353110470505 0.9360797359890509
vn -0.14120795711048706 -0.3294852282907491 0.9335415347947168
vn -0.35415510407041 -0.6453492835314047 0.676829716033789
vn -0.015757804215930742 -0.21273035598374246 0.9769838725635765
vn -0.2050807256152404 -0.38649831866552514 0.8992001699565279
vn 0.02356877104682588 -0.062850056124869 0.9977446484328759
vn -0.3871613069231971 -0.6400013544371101 0.663705046492933
vn -0.22019955817198725 -0.4797204798543364 0.8493411657215177
vn 0.06307038001595028 -0.15767595376516605 0.9854747184828685
vn -0.259890837272674 -0.5906610696619837 0.7639216278437664
vn 0.17303000400075214 -0.30673500912421897 0.9359349613584618
vn -0.4336493078152231 -0.8672986156304462 0.244420517053887
vn -0.41732284710687967 -0.8976377905897023 0.14173227645051664
vn -0.4024240054990789 -0.9153173598656655 0.01578133475422455
vn -0.4024240054990789 -0.9153173598656655 0.01578133475422455
vn -0.4024240054990789 -0.9153173598656655 0.01578133475422455
vn -0.9498745571006846 0.14915385484216032 -0.27475708063397
vn -0.9317951394008821 0.25269021487201576 -0.2605867868807339
vn -0.9317951394008821 0.25269021487201576 -0.2605867868807339
vn -0.9508712464507304 0.12573503186303223 -0.2829038254171129
vn -0.9498745571006846 0.14915385484216032 0.27475708063397
vn -0.9317951394008821 0.25269021487201576 0.2605867868807339
vn -0.9317951394008821 0.25269021487201576 0.2605867868807339
vn -0.9508712464507304 0.12573503186303223 0.2829038254171129
vn -0.659457698139165 -0.745815226174282 -0.0942082415269407
vn -0.36865296011826487 -0.9255542517105754 -0.0862804852589376
vn -0.6677200466778536 -0.7384197945879334 -0.09426635786556728
vn -0.3152441447253109 -0.9457324937805788 -0.07881103618132773
vn -0.007864999369180132 -0.9988549673833268 -0.04718999807772589
vn -0.007864999369180132 -0.9988549673833268 -0.04718999807772589
vn 0.007864999369180132 -0.9988549673833268 -0.04718999807772589
vn 0.007864999369180132 -0.9988549673833268 -0.04718999807772589
vn 0.023589163450284154 -0.9986079094612553 -0.04717832690056831
vn 0.007864999369180132 -0.9988549673833268 -0.04718999807772589
vn 0.023589163450284154 -0.9986079094612553 -0.04717832690056831
vn 0.34611353110470505 -0.9360797359890509 -0.0629297342827792
vn 0.38532538976925057 -0.9200627030764569 -0.07077405179031794
vn 0.6934079652567435 -0.7170468697765958 -0.07091671355955687
vn 0.701374692900663 -0.7092553208219385 -0.07092552463161343
vn 0 0.7746611923958521 0.6323764994019281
vn 0 0.9125093187610375 0.4090559169285628
vn 0 0.9125093187610375 0.4090559169285628
vn 0 0.7341978468729764 0.6789355798947978
vn 0 0.007873771679070558 0.9999690013793157
vn 0 0.007873771679070558 0.9999690013793157
vn 0.007856014390247435 -0.7148973281389663 0.6991853068090513
vn 0.007864999280230366 -0.770769983479283 0.6370649687070132
vn 0.00787011295912866 -0.8814526663235719 0.4722067961741721
vn 0.00787011295912866 -0.8814526663235719 0.4722067961741721
vn -0.32282461295851683 0.9448526085972346 -0.05511639769782386
vn -0.2833591575732749 0.920917329168373 -0.26761700367643826
vn -0.21973798413724696 0.9181908649487035 -0.3296069687552901
vn -0.2995377541139953 0.953791339478952 0.02364771860645975
vn -0.06285975497021047 0.9978986380917668 0.015714938742552618
vn -0.04718999807772589 0.9988549673833268 0.007864999369180132
vn 0.12597254030266847 0.9920337288064818 0
vn 0.13370912469530022 0.9910206203572237 0
vn 0.31621786648114464 0.9486536590480725 0.007905447034557606
vn 0.32330604007487745 0.9462616039673065 0.007885512559248024
vn 0.5214337135487913 0.8532552163927317 0.007900510952454804
vn 0.5745182778132265 0.8184917522238843 0
vn 0.8439598882213895 0.5363482961709106 -0.00788747538195932
vn 0.8896534696513035 0.4566362928386194 0
vn 0.9991022087111254 -0.03933473201042939 0.0157338935492298
vn 0.9987622992558955 -0.047185618853304814 0.01572853961776827
vn 0.691137363680259 -0.7225527065209041 -0.015707667695032273
vn 0.6370058888662882 -0.7706984563349254 -0.015728539431031377
vn 0.3467578386781 -0.9378222483725429 0.015761718585262582
vn 0.3631968887823997 -0.9316789574316997 0.007895584700716954
vn 0.1733304775250676 -0.9848322051564395 0.007878657730658488
vn 0.18095656238523425 -0.9834596189968462 0.007867676422983532
vn 0.0314804514426422 -0.9995043677628265 0
vn 0.0314804514426422 -0.9995043677628265 0
vn -0.14142134372033446 -0.9899494954493058 0
vn -0.14910792659371916 -0.9888209272800217 0
vn -0.10262979663117129 -0.9947196212217011 0
vn -0.10262979663117129 -0.9947196212217011 0
vn 0 -0.9999690013793157 0.007873771679070558
vn 0 -0.9999690013793157 0.007873771679070558
vn 0 -0.9998760228067081 0.01574607939264818
vn 0 -0.9998760228067081 0.01574607939264818
vn 0.007872795747442672 -0.9998450357108322 0.015745591494885344
vn 0.007872795747442672 -0.9998450357108322 0.015745591494885344
vn 0.03147655309652248 -0.9993805747844272 0.01573827654826124
vn 0.007864999280230366 -0.770769983479283 -0.6370649687070132
vn 0.00787011295912866 -0.8814526663235719 -0.4722067961741721
vn 0.00787011295912866 -0.8814526663235719 -0.4722067961741721
vn 0.007856014390247435 -0.7148973281389663 -0.6991853068090513
vn 0 0.007873771679070558 -0.9999690013793157
vn 0 0.007873771679070558 -0.9999690013793157
vn 0 0.7341978468729764 -0.6789355798947978
vn 0 0.7746611923958521 -0.6323764994019281
vn 0 0.9125093187610375 -0.4090559169285628
vn 0 0.9125093187610375 -0.4090559169285628
vn 0.22890060403299367 -0.9234955609622996 -0.30783187352231417
vn 0.3063940428421973 -0.9113258190547935 -0.27496898376893963
vn 0.18145144457901274 -0.9230356294643679 -0.3392353165569701
vn 0.00787303970763874 -0.8975265043190745 -0.4408902236277695
vn 0.00787303970763874 -0.8975265043190745 -0.4408902236277695
vn -0.7652517538554875 0.21300822275688538 -0.6074679005997383
vn -0.7251516791285747 0.1891699928849079 -0.6620949750971776
vn -0.48758474965285276 0.1179640540177568 -0.8650697046282807
vn -0.14131235261062652 -0.03925343376425631 -0.9891865278790269
vn -0.7005051503675057 0.08657928724309664 -0.7083760027902383
vn 0.05517801350380325 -0.10247344619933911 -0.9932041983649712
vn -0.6291221523854474 -0.14941652460258917 -0.7628106052970066
vn -0.11042809070983117 -0.00788772076498794 -0.9938528163884806
vn -0.5421988721482548 -0.3536079963777744 -0.7622216002835767
vn -0.07886984706005548 -0.07886984706005548 -0.9937600789171634
vn -0.13360585254813961 -0.039295840956959455 -0.9902551757241009
vn -0.5200236641444513 -0.4254739259923912 -0.7406398092395521
vn -0.01572853961776827 0.047185618853304814 -0.9987622992558955
vn -0.1895413004913772 -0.07107798395897635 -0.9792966943701816
vn -0.5111775489772843 -0.48758474865292933 -0.7077843077538776
vn 0.11809559607363246 0.25193726367646346 -0.9605108252170974
vn -0.1895413004913772 -0.07107798395897635 -0.9792966943701816
vn -0.4727928309549167 -0.5437117183452514 -0.6934295251369741
vn 0.4174652325566139 0.6143827928340867 -0.6695196512992282
vn 0.3934082037258303 0.6845302411043416 -0.6137168192699688
vn -0.15798556718703313 -0.007899278731880684 -0.9874098247212793
vn -0.4576016896085009 -0.5838366662130078 -0.6706231735130587
vn 0.33780861354642644 0.7463213839257126 -0.5734890866520916
vn -0.13404956419535585 0.10250848500780348 -0.985658523445336
vn -0.157946160670153 0.023691923355464863 -0.9871634632102614
vn -0.14922744126105159 0.11781114411184548 -0.981759494528949
vn -0.18850363623787608 0.02356295452973451 -0.9817897770393254
vn 0.2833942744023784 0.5904048029099863 -0.7557181048094386
vn -0.03925222165592784 0.1884106699089181 -0.9813056010028408
vn 0.26051367773014944 0.4815556122971641 -0.8368015391839425
vn 0 0.16567820961639096 -0.9861798673965653
vn 0.18832365125570633 0.3688004998520166 -0.910230956233978
vn 0.06316664371727053 0.07895830464658816 -0.9948746459975909
vn 0.19694197442022915 0.259963426500282 -0.9453215725845329
vn 0.08657929195475098 -0.43289642997143285 -0.8972762713471264
vn 0.3223055195883072 -0.38519440800116944 -0.8647221635227929
vn 0.18054353718013885 -0.4709831443571871 -0.8634691128893384
vn -0.9379096308746652 0.3467901451694068 -0.007881594123729919
vn -0.8810434893089513 0.47198757504341693 -0.03146583783952239
vn -0.8757004661180748 0.48124080179681666 -0.03944596717718382
vn -0.9413864225736706 0.33733011041700145 0
vn -0.9947196212217011 0.10262979663117129 0
vn -0.9947196212217011 0.10262979663117129 0
vn -0.9562603355697661 -0.2924101803308672 -0.007902977595071402
vn -0.951753282499799 -0.30676345863082066 -0.007865729445801864
vn -0.7636611744638849 -0.6455692292077827 -0.007872795977877774
vn -0.7491237815780284 -0.6623831055784201 -0.007885513205996553
vn -0.6285005768469921 -0.777769441496411 -0.007856257210587402
vn -0.6285005768469921 -0.777769441496411 -0.007856257210587402
vn 0.37944961416659956 0.9249084065914108 0.023715600885412472
vn 0.2683829452701659 0.963021189866133 -0.023680847892938728
vn 0.4090559169285628 0.9125093187610375 0
vn 0.25912056058716043 0.9658130662846962 -0.00785213822783282
vn 0.13370912469530022 0.9910206203572237 0
vn 0.14910792659371916 0.9888209272800217 0
vn 0.25912056058716043 0.9658130662846962 -0.00785213822783282
vn -0.39295840973238916 0.9195226597003039 0.007859167784865843
vn -0.21275017829043386 0.9770748553605474 0.007879635750071003
vn -0.1961100953426794 0.9805505065157188 0.007844404148983295
vn -0.39295840973238916 0.9195226597003039 0.007859167784865843
vn -0.4720898382440214 0.8812343686958163 0.02360449228473011
vn -0.4720898382440214 0.8812343686958163 0.02360449228473011
vn 0.2202540512602376 -0.9754108239830414 -0.007866216382529207
vn 0.31570532318176125 -0.9313306631530611 0.18153056157457076
vn 0.2514002173183713 -0.9663196225703905 0.05499379753839372
vn 0.2525957052988987 -0.9472339619260988 0.19734039383344198
vn 0.282965002893866 -0.9353565522447738 0.21222376707156063
vn 0.28342942337709176 -0.9368917058798957 0.20469903130593556
vn 0.2433562949436 -0.949874550878323 0.19625506695376727
vn 0.2210143567852621 -0.9550978210342297 0.19733425032280436
vn 0.2122040963027907 -0.9588481156700613 0.18862585344615035
vn 0.18040463832667347 -0.9569289757434025 0.22746670493262275
vn 0.17315857994927514 -0.9681138652608013 0.18102941771916917
vn 0.13401623444478314 -0.8750471717095762 0.46511514293593187
vn 0.1491814483927414 -0.9736051699891141 0.1727364131441658
vn 0.07092773152219796 -0.5201367127306129 0.8511328080686978
vn 0.08644017187077836 -0.8408271290886914 0.5343574044358509
vn 0.04727341161627833 -0.5357653415852617 0.8430425394428123
vn 0.10215656059318937 -0.9822746726692999 0.15716394166662373
vn 0.015742663710518006 -0.5509932186922589 0.8343612176356486
vn 0.015706699626160878 -0.8403083834334774 0.541881094261711
vn 0.007899278731880684 -0.9874098247212793 0.15798556718703313
vn -0.14217369763108065 -0.9715203391679995 0.18956495004298984
vn -0.09444428179420793 -0.8185171386854552 0.5666656609629277
vn -0.01572853963009445 -0.48758476392318745 0.8729339671653716
vn -0.4794092667755061 -0.8252126390962339 0.29864838055077475
vn -0.03939817998560361 -0.3230650550203231 0.9455563196544866
vn 0.04727487962747235 0.11030805618939211 0.9927724908033692
vn 0.09472339579726347 0.18155318397043302 0.9788084182713351
vn -0.3560456566744994 -0.6487942865252162 0.6725306417818153
vn -0.7545733488645353 -0.5423495963590297 0.36942655090363713
vn -0.007878657730658488 -0.1733304775250676 0.9848322051564395
vn 0.18037690347738145 0.25880163245794185 0.9489393488147784
vn 0.01574412713551236 -0.01574412713551236 0.9997520917314859
vn 0.2523128988508069 0.23654335757379266 0.9382885702496964
vn -0.5564222250012257 -0.35266199164161977 0.7523455503796455
vn 0.07849477631832877 0.007849477631832876 0.9968836219898705
vn 0.2527769269962874 0.22907908822774026 0.9400141469760235
vn -0.7127233009111817 -0.07832123932026179 0.6970590217546915
vn -0.9216885171199967 -0.15755359700033725 0.35449561560250253
vn 0.2434763612429552 0.08639483906211001 0.9660513409231013
vn 0.007873527662134519 -0.007873527662134519 0.9999380056405033
vn 0.055329487414148906 -0.07113790600340801 0.9959307436523576
vn 0.157970791442193 -0.015797079144219302 0.987317416711383
vn -0.7789482285530668 0.18883594367724046 0.5979804709265725
vn -0.9332543868300229 0.2117468027915581 0.2901715716090581
vn 0.015706699265900886 -0.07068014110861856 0.9973753642691583
vn -0.7643009432987848 0.37033140701866085 0.5279192334516394
vn -0.8645084984046771 0.44797256006953023 0.22791586520214355
vn -0.7808600534152276 0.49691095933823076 0.3785988318390947
vn -0.81922785081479 0.53564898625636 0.2048069627036975
vn -0.45778695465197927 0.2525721067454394 0.8524308975187591
vn -0.1973342447290677 0.05525359090832456 0.9787779301501153
vn 0.23687491714481468 -0.12633328616366882 0.9632913237617817
vn 0.19741422031179118 -0.04737941198076021 0.9791745589725281
vn 0.03944228519259016 0.10254993106992176 0.9939455808928076
vn 0.03140177994011372 0.07065399834599775 0.9970064898155458
vn 0.1973342447290677 -0.05525359090832456 0.9787779301501153
vn 0.031471682215413584 0.023603760730237573 0.9992258982321873
vn 0.0314804514426422 0 0.9995043677628265
vn 0.12572338669290467 0.06286169334645234 0.9900717335365569
vn 0.015745591494885344 -0.007872795747442672 0.9998450357108322
vn 0 -0.007873771679070558 0.9999690013793157
vn 0.8115772716222752 0.10243208846829972 0.5751956184100904
vn 0.1490849691622442 0.12554523248362845 0.9808221380915729
vn 0.7570328170243568 -0.3233161039045391 0.5677746127682676
vn 0.015741688992788896 -0.023612532557860777 0.9995972426601918
vn 0 -0.007873771679070558 0.9999690013793157
vn 0.9230356260462919 -0.3707920985201844 0.10255950821024787
vn 0.9849239178737452 0.14970842872188006 0.08667330828956347
vn 0.647458098573955 -0.7579997338823826 0.07895830561274819
vn 0.7457692583665521 0.4788624022887269 0.46316197269386467
vn 0.8579220444591713 0.5116048856166815 0.04722506372825756
vn 0.14943499295199902 0.20448998329692258 0.9673949708431713
vn 0.5764855075068259 -0.6712502158067732 0.4659266116181361
vn 0.676829716033789 0.6453492835314047 0.35415510407041
vn 0.4495301531986055 0.2129353427841 0.8675143694248852
vn 0.7108463565742249 0.7029480849161643 0.02369487830412146
vn 0.6870871625024267 0.7265750003436423 0
vn 0.7643246651604473 0.543694896246474 0.346704003471125
vn 0.8207059943672814 0.3077647627888915 0.4813756553826846
vn 0.919295567327231 0.39286134413397944 0.02357168169112007
vn 0.777769441496411 0.6285005768469921 0.007856257210587402
vn 0.752553563486392 0.6584843829517538 -0.007839100240531619
vn 0.904726837521391 0.424828279018939 -0.031468759339204636
vn 0.01573827654826124 -0.03147655309652248 0.9993805747844272
vn 0 -0.007873771679070558 0.9999690013793157
vn 0 -0.01574607939264818 0.9998760228067081
vn 0.3541002659439646 -0.8655784212402867 0.3541002659439646
vn 0.3787991836956244 -0.9233230083954392 0.06313319728260407
vn 0.015722220507155923 -0.055027774569013414 0.9983610348006908
vn 0.007869869645248311 -0.031479478580993245 0.9994734151442125
vn 0.1969908947756175 -0.914037766063979 0.3545836284775038
vn 0.19713783412416316 -0.9778036548716634 0.07096961939062905
vn 0.023695618019100723 -0.09478247207640289 0.9952159568022303
vn 0.015722220507155923 -0.055027774569013414 0.9983610348006908
vn 0.039393287099353816 -0.2993889745045084 0.9533175813319749
vn 0.08683790210995532 -0.9394281446477697 0.33156287458156575
vn 0.07881838606880141 -0.9931116421151566 0.08670022095039136
vn 0.039368856701881554 -0.9763476849496816 0.21259184183637964
vn 0.03158726059567073 -0.9949987180768534 0.09476178551230235
vn -0.03138437749466865 0.37661252993602384 -0.9258390913892434
vn -0.03138437749466865 0.37661252993602384 -0.9258390913892434
vn -0.01569798769979319 0.3767517196961977 -0.9261812537987016
vn -0.039219607125920916 0.37650824032976987 -0.9255827177409207
vn -0.039219607125920916 0.37650824032976987 -0.9255827177409207
vn 0.14143008193857037 -0.730722139686485 -0.6678642725096576
vn 0.08651499864932 -0.6763899664110717 -0.7314449865486381
vn 0.10273229107412747 -0.6954186407522261 -0.7112235868311645
vn 0.05498192585396958 -0.9111290186913662 -0.40843714219925753
vn 0 -0.5510614908878225 -0.8344646387118452
vn 0.023680850490823274 -0.931446716433631 -0.3631063642585162
vn -0.01569363667869083 -0.5178900383364747 -0.8553032315849405
vn 0 -0.5214500239198208 -0.8532818248117198
vn 0.031499968620101355 -0.9843740380046199 -0.17324983486113843
vn 0.023712637182102557 -0.9959307430218557 0.08694633943878466
vn 0.0315626678170962 -0.9942240269253044 0.10257866388630453
vn 0.07090791223981006 -0.9690748925012304 0.2363597273342482
vn 0.007849477631832876 -0.9968836219898705 0.07849477631832877
vn 0.03921839878546189 -0.9961473716190404 0.07843679757092378
vn 0.015714938742552618 -0.9978986380917668 0.06285975497021047
vn 0.03145610854402903 -0.9987314155392771 0.03932013288606861
vn -0.4266276145404739 0.7031455178207978 0.5688367597826526
vn -0.39389619273228027 0.6538677222548831 0.6459897763465189
vn -0.39389619273228027 0.6538677222548831 0.6459897763465189
vn -0.42470997788207365 0.6999849817589098 0.5741449816896316
vn -0.45035723541633765 0.718991409825223 0.5293672761946018
vn -0.44215272836035463 0.7184982022120285 0.5368997096493695
vn -0.4320408178088357 0.7148311853720808 0.5498700829892625
vn -0.4320408178088357 0.7148311853720808 0.5498700829892625
vn -0.3711387602033702 0.6948980851878062 0.6159323598229155
vn -0.347135345256693 0.6863811810839318 0.6390445417397317
vn -0.2992497257175744 0.6299993755070133 0.7166243008150992
vn -0.24438253908375265 0.5754814947287296 0.7804474510277841
vn -0.2277682166020705 0.5419312457234151 0.8089698167512679
vn -0.21185104770744306 0.5257044715866835 0.8238652451335864
vn -0.21359396130302674 0.5142076647501826 0.830643182845104
vn -0.2208286956852396 0.48897784638317776 0.8438811248679671
vn -0.7251516791285747 0.1891699928849079 0.6620949750971776
vn -0.7652517538554875 0.21300822275688538 0.6074679005997383
vn -0.48758474965285276 0.1179640540177568 0.8650697046282807
vn -0.14131235261062652 -0.03925343376425631 0.9891865278790269
vn -0.7005051503675057 0.08657928724309664 0.7083760027902383
vn 0.05517801350380325 -0.10247344619933911 0.9932041983649712
vn -0.6291221523854474 -0.14941652460258917 0.7628106052970066
vn -0.11042809070983117 -0.00788772076498794 0.9938528163884806
vn -0.5421988721482548 -0.3536079963777744 0.7622216002835767
vn -0.07886984706005548 -0.07886984706005548 0.9937600789171634
vn -0.13360585254813961 -0.039295840956959455 0.9902551757241009
vn -0.5200236641444513 -0.4254739259923912 0.7406398092395521
vn -0.01572853961776827 0.047185618853304814 0.9987622992558955
vn -0.1895413004913772 -0.07107798395897635 0.9792966943701816
vn -0.5111775489772843 -0.48758474865292933 0.7077843077538776
vn 0.11809559607363246 0.25193726367646346 0.9605108252170974
vn -0.1895413004913772 -0.07107798395897635 0.9792966943701816
vn -0.4727928309549167 -0.5437117183452514 0.6934295251369741
vn 0.4174652325566139 0.6143827928340867 0.6695196512992282
vn 0.3934082037258303 0.6845302411043416 0.6137168192699688
vn -0.15798556718703313 -0.007899278731880684 0.9874098247212793
vn -0.4576016896085009 -0.5838366662130078 0.6706231735130587
vn 0.33780861354642644 0.7463213839257126 0.5734890866520916
vn -0.13404956419535585 0.10250848500780348 0.985658523445336
vn -0.157946160670153 0.023691923355464863 0.9871634632102614
vn -0.14922744126105159 0.11781114411184548 0.981759494528949
vn -0.18850363623787608 0.02356295452973451 0.9817897770393254
vn 0.2833942744023784 0.5904048029099863 0.7557181048094386
vn -0.03925222165592784 0.1884106699089181 0.9813056010028408
vn 0.26051367773014944 0.4815556122971641 0.8368015391839425
vn 0 0.16567820961639096 0.9861798673965653
vn 0.18832365125570633 0.3688004998520166 0.910230956233978
vn 0.06316664371727053 0.07895830464658816 0.9948746459975909
vn 0.19694197442022915 0.259963426500282 0.9453215725845329
vn 0.08657929195475098 -0.43289642997143285 0.8972762713471264
vn 0.3223055195883072 -0.38519440800116944 0.8647221635227929
vn 0.18054353718013885 -0.4709831443571871 0.8634691128893384
vn -0.8810434893089513 0.47198757504341693 0.03146583783952239
vn -0.9379096308746652 0.3467901451694068 0.007881594123729919
vn -0.8757004661180748 0.48124080179681666 0.03944596717718382
vn -0.9413864225736706 0.33733011041700145 0
vn -0.9947196212217011 0.10262979663117129 0
vn -0.9947196212217011 0.10262979663117129 0
vn -0.9562603355697661 -0.2924101803308672 0.007902977595071402
vn -0.951753282499799 -0.30676345863082066 0.007865729445801864
vn -0.7636611744638849 -0.6455692292077827 0.007872795977877774
vn -0.7491237815780284 -0.6623831055784201 0.007885513205996553
vn -0.6285005768469921 -0.777769441496411 0.007856257210587402
vn -0.6285005768469921 -0.777769441496411 0.007856257210587402
vn -0.07079375163922579 0.7472674454692718 0.6607417117684281
vn -0.09485647166190293 0.7272329990784603 0.6798046887417022
vn -0.09485647166190293 0.7272329990784603 0.6798046887417022
vn -0.047374983412240904 0.773791388282688 0.6316664454965454
vn 0.10243208846829972 0.8115772716222752 0.5751956184100904
vn 0.11021913779756899 0.8108979008574507 0.5747141341990297
vn 0.30768811392575074 0.7573861403413813 0.5759290398717534
vn 0.3617116962799311 0.7155600501111645 0.5976106286364079
vn 0.4896941525315124 0.592371981780242 0.6397617307859175
vn 0.5198139651927854 0.5591937965911142 0.6458294971930045
vn 0.6389650309916888 0.0788845743028784 0.7651803141135062
vn 0.6402411882602393 0.047425272514593615 0.7667085915665962
vn 0.4730131745427378 -0.6070335660492273 0.6385677617908375
vn 0.43258838765885455 -0.6606803967550944 0.6134889568739144
vn 0.3218682391613228 -0.7536426743459709 0.5730825036797427
vn 0.2987222008986228 -0.7625276872699897 0.5738611093609355
vn -0.21200775302553848 -0.6831360682470212 0.6988403429375437
vn -0.22066406695801272 -0.6777538592734548 0.7013965182359319
vn -0.6958533378191623 -0.3400192188778128 0.6325939163789459
vn -0.5745182734568652 -0.3148045297267631 0.7555308475023731
vn -0.596193078718721 -0.44714477923671814 0.6667948404788684
vn -0.536448439593284 -0.2997800226324978 0.7888948026754834
vn -0.536448439593284 -0.2997800226324978 0.7888948026754834
vn -0.536448439593284 -0.2997800226324978 0.7888948026754834
vn -0.09485647166190293 0.7272329990784603 -0.6798046887417022
vn -0.07079375163922579 0.7472674454692718 -0.6607417117684281
vn -0.09485647166190293 0.7272329990784603 -0.6798046887417022
vn -0.047374983412240904 0.773791388282688 -0.6316664454965454
vn 0.10243208846829972 0.8115772716222752 -0.5751956184100904
vn 0.11021913779756899 0.8108979008574507 -0.5747141341990297
vn 0.30768811392575074 0.7573861403413813 -0.5759290398717534
vn 0.3617116962799311 0.7155600501111645 -0.5976106286364079
vn 0.4896941525315124 0.592371981780242 -0.6397617307859175
vn 0.5198139651927854 0.5591937965911142 -0.6458294971930045
vn 0.6389650309916888 0.0788845743028784 -0.7651803141135062
vn 0.6402411882602393 0.047425272514593615 -0.7667085915665962
vn 0.4730131745427378 -0.6070335660492273 -0.6385677617908375
vn 0.43258838765885455 -0.6606803967550944 -0.6134889568739144
vn 0.3218682391613228 -0.7536426743459709 -0.5730825036797427
vn 0.2987222008986228 -0.7625276872699897 -0.5738611093609355
vn -0.21200775302553848 -0.6831360682470212 -0.6988403429375437
vn -0.22066406695801272 -0.6777538592734548 -0.7013965182359319
vn -0.6958533378191623 -0.3400192188778128 -0.6325939163789459
vn -0.5745182734568652 -0.3148045297267631 -0.7555308475023731
vn -0.596193078718721 -0.44714477923671814 -0.6667948404788684
vn -0.536448439593284 -0.2997800226324978 -0.7888948026754834
vn -0.536448439593284 -0.2997800226324978 -0.7888948026754834
vn -0.536448439593284 -0.2997800226324978 -0.7888948026754834
vn 0.6237317541137614 0.7816384707204286 0
vn 0.2996215592431941 0.9540581330488603 0
vn 0.6585046036487205 0.7525766983992005 0
vn 0.2684498425799506 0.9632613050303722 0.007895584207913153
vn 0.007873771679070558 0.9999690013793157 0
vn 0.007873771679070558 0.9999690013793157 0
vn -0.01574607939264818 0.9998760228067081 0
vn -0.01574607939264818 0.9998760228067081 0
vn -0.5363649965441476 0.8439861316883094 0
vn -0.5974813262929981 0.8018828248136756 0
vn 0.13370498819794943 0.9909899686244665 0.007864999470112771
vn -0.10262660011531026 0.9946886247052724 0.00789435435650522
vn -0.10262660011531026 0.9946886247052724 0.00789435435650522
vn 0.11042809070983117 0.9938528163884806 0.00788772076498794
vn 0.8730419661878337 0.48764508125775385 0
vn 0.8730419661878337 0.48764508125775385 0
vn 0.13370498819794943 0.9909899686244665 -0.007864999470112771
vn 0.8730419661878337 0.48764508125775385 0
vn 0.8730419661878337 0.48764508125775385 0
vn 0.11042809070983117 0.9938528163884806 -0.00788772076498794
vn -0.10262660011531026 0.9946886247052724 -0.00789435435650522
vn -0.10262660011531026 0.9946886247052724 -0.00789435435650522
vn 0.9998760228067081 0 0.01574607939264818
vn 0.9998760228067081 0 0.01574607939264818
vn 0.9998760228067081 0 0.01574607939264818
vn 0.9997211161569693 0 0.02361545912878236
vn 0.9998760228067081 0 0.01574607939264818
vn 0.9998760228067081 0 0.01574607939264818
vn 0.9998760228067081 0 -0.01574607939264818
vn 0.9998760228067081 0 -0.01574607939264818
vn 0.9998760228067081 0 -0.01574607939264818
vn 0.9997211161569693 0 -0.02361545912878236
vn 0.9998760228067081 0 -0.01574607939264818
vn 0.9998760228067081 0 -0.01574607939264818
vn -0.3869680932282222 -0.2606111581368525 -0.8844984562326168
vn -0.4712590873956745 -0.13352339816133302 -0.87182932658316
vn -0.4473650772145035 -0.16481870481525854 -0.8790331519526905
vn -0.370999968387816 -0.2841701784068973 -0.8840850259790807
vn -0.2665703244531701 -0.36065398941475135 -0.8937946979257351
vn -0.2519138469651998 -0.36212617363892635 -0.8974430611870727
vn -0.12629391951213628 -0.43413537998793406 -0.8919508493952983
vn -0.11851506436269484 -0.4345552508977096 -0.8928134818854021
vn -0.05518315423132672 -0.480881785891884 -0.8750471572929734
vn -0.04709396243519831 -0.5023355794405682 -0.8633893237296026
vn -0.03158726014963947 -0.5211897831558261 -0.8528560575678769
vn -0.015757315429405734 -0.5121127551809768 -0.8587736797267411
vn 0 -0.48764508125775385 -0.8730419661878337
vn 0.007840786233924693 -0.4782879714452773 -0.8781680581995656
vn 0.039455792681568604 -0.41823138603335036 -0.907483194423176
vn -0.047187077748325534 0.44041272565103834 -0.8965545219216714
vn -0.007866216972637705 0.4090432602254184 -0.9124810868695856
vn 0.04723823919764839 -0.34641376901724974 -0.9368916956579182
vn 0.03953094085603278 -0.2609041962387711 -0.9645549777488257
vn 0.007872795747442672 -0.015745591494885344 -0.9998450357108322
vn -0.11026356532091934 0.551317819154016 -0.8269767883356697
vn -0.01569363667869083 0.5178900383364747 -0.8553032315849405
vn 0.031503874475169565 -0.21265116108929766 -0.976620186961352
vn -0.023540455730534413 0.6748263802239652 -0.7376009785092608
vn 0.03932864890565497 0.02359718785327689 -0.9989476613420109
vn 0.039472998409609654 0.09473519916329523 -0.9947196210169204
vn 0.07875969141583196 -0.4331783176882354 -0.8978604881009482
vn 0.05521232802413452 -0.465361043038553 -0.8833972483861523
vn 0.07872795299987602 -0.4172581725060266 -0.9053714855756063
vn 0.015757315429405734 -0.5121127551809768 -0.8587736797267411
vn 0.06300775349481892 -0.4016744266668256 -0.9136124331254546
vn -0.06277261792257567 0.05492603881960853 -0.9965152927570822
vn 0.06325939187641749 -0.6088716877887109 -0.7907423835540577
vn -0.16584863172594008 0.5212385313081085 -0.8371407437428904
vn -0.03930919516586989 -0.03930919516586989 -0.9984535914857651
vn -0.007867920430130586 -0.25177345376417876 -0.9677542166313521
vn -0.25919248022391594 0.5026763343137532 -0.8247034382832792
vn 0.0315626678170962 0.10257866388630453 -0.9942240269253044
vn 0.055027774573847874 -0.3694721996457528 -0.9276110379433715
vn 0.047156463637672515 -0.25150112946681197 -0.9667075306493204
vn 0.04723823919764839 -0.34641376901724974 -0.9368916956579182
vn -0.07100273131873307 0.14989467321874322 -0.9861491768925865
vn -0.0789287847903253 0.18942907455608468 -0.9787169522616577
vn -0.1180334276019352 0.3304935794040246 -0.9363984749780696
vn 0.01574412713551236 0.01574412713551236 -0.9997520917314859
vn -0.03928007304447631 0.054992102262266834 -0.9977138590549883
vn -0.1804657257648323 0.3530851259928709 -0.918021250095427
vn -0.0941502298968314 0.11768779109632954 -0.9885774213673103
vn -0.2051126421911962 0.34711373884949914 -0.9151179466687712
vn -0.01572853961776827 0.047185618853304814 -0.9987622992558955
vn -0.11781114411184548 0.14922744126105159 -0.981759494528949
vn -0.19672846001690175 0.31476555390843686 -0.9285583229351257
vn -0.03929584084191034 0.04715500752017629 -0.9981143432284195
vn -0.07097844561365567 0.08675143601132816 -0.9936982683935008
vn -0.12603505943984608 0.17329820859243367 -0.9767716696806107
vn -0.18895880309394497 0.2676916339911318 -0.9447940303708856
vn -0.08644284780858677 0.11001816248762034 -0.99016344003684
vn -0.12554523248362845 0.1490849691622442 -0.9808221380915729
vn -0.19698477503879955 0.2285023390450075 -0.9534063558912717
vn -0.09479430014095203 0.12639240018793602 -0.9874406320561859
vn -0.15762208039632516 0.1418598693764602 -0.9772569044176809
vn -0.21200775039608374 0.14919063751192987 -0.9658130603024457
vn -0.09423438156154561 0.10994010933827622 -0.9894609914950669
vn -0.1814119363636124 0.10253716976113307 -0.9780469508986679
vn -0.18068834510825085 0.05499210098371713 -0.9820018282933277
vn -0.13367192001391287 -0.023589163231935256 -0.9907448557412808
vn -0.1412644702821413 -0.04708816172776757 -0.9888513813819576
vn -0.08645885806752569 -0.1650578158831416 -0.9824870397504216
vn -0.03930191034481614 -0.2200906919705058 -0.9746873586700465
vn 0.023528145582789286 -0.33723672851804254 -0.9411258233115715
vn 0.0235506086552649 -0.2590566821693981 -0.9655749604537962
vn 0.10251485184096756 -0.42583097346640536 -0.8989764664265012
vn 0.039387176129310614 -0.24420048827643565 -0.9689245439569115
vn 0.1335604912997987 -0.42425100041331365 -0.8956409346451617
vn 0.0394963920367659 -0.19748196018382952 -0.9795105463536523
vn 0.15711059020735862 -0.4163430923617046 -0.8955303969644964
vn 0.06321395753305825 -0.18964185769801398 -0.9798162896083401
vn 0.18952356872754372 -0.4264280296369734 -0.8844433008603234
vn 0.09444135950410754 -0.19675282733317 -0.9758940283408951
vn 0.1882077982559754 -0.4548354938254882 -0.8704610836976933
vn 0.10233047735505665 -0.22827568770416806 -0.968203844140001
vn 0.16529284574697006 -0.47226530762256896 -0.8658197008390538
vn -0.007856499830377167 0.141416989496208 -0.9899189413746181
vn 0.03145610863065297 0.18087261624435153 -0.9830033621116157
vn -0.039387176129310614 0.24420048827643565 -0.9689245439569115
vn 0.0790248421766624 -0.22126955809465473 -0.9720055848499791
vn 0.13401623444478314 -0.46511514293593187 -0.8750471717095762
vn 0.1258477718402557 -0.45619818595944295 -0.8809344773875959
vn 0.07859168242243601 -0.2436342102941452 -0.966677670699163
vn -0.05497853094730011 0.3063089554740361 -0.9503431932366759
vn 0.10994689349700543 -0.44764090330051726 -0.887428477288539
vn 0.06317254979085067 -0.26058677161254934 -0.9633814215633761
vn -0.07094976579468719 0.33898223173708125 -0.9381136270730891
vn 0.07848993651927436 -0.43954366238932974 -0.894785280790076
vn 0.031503874475169565 -0.21265116108929766 -0.976620186961352
vn 0.06313319728260407 -0.3787991836956244 -0.9233230083954392
vn 0.015697504694960323 -0.07848751974951146 -0.9967915015638535
vn -0.06309980383809219 0.33916143817916466 -0.9386095746410404
vn -0.05523810996288107 0.3393198007813292 -0.9390478283907843
vn 0.039368856701881554 -0.21259184183637964 -0.9763476849496816
vn -0.04723823919764839 0.34641376901724974 -0.9368916956579182
vn 0.03943369530894941 -0.20505520666584026 -0.9779556973061256
vn -0.04723823919764839 0.34641376901724974 -0.9368916956579182
vn 0.06309980383809219 -0.33916143817916466 -0.9386095746410404
vn 0 0.0314804514426422 -0.9995043677628265
vn 0.054975137941962966 -0.3298508276517778 -0.9424309872376329
vn 0.00786767660388671 0.039338384882078574 -0.9991949715344477
vn 0.007869869645248311 0.031479478580993245 -0.9994734151442125
vn 0.00786767660388671 0.039338384882078574 -0.9991949715344477
vn -0.4712590873956745 -0.13352339816133302 0.87182932658316
vn -0.3869680932282222 -0.2606111581368525 0.8844984562326168
vn -0.4473650772145035 -0.16481870481525854 0.8790331519526905
vn -0.370999968387816 -0.2841701784068973 0.8840850259790807
vn -0.2665703244531701 -0.36065398941475135 0.8937946979257351
vn -0.2519138469651998 -0.36212617363892635 0.8974430611870727
vn -0.12629391951213628 -0.43413537998793406 0.8919508493952983
vn -0.11851506436269484 -0.4345552508977096 0.8928134818854021
vn -0.05518315423132672 -0.480881785891884 0.8750471572929734
vn -0.04709396243519831 -0.5023355794405682 0.8633893237296026
vn -0.03158726014963947 -0.5211897831558261 0.8528560575678769
vn -0.015757315429405734 -0.5121127551809768 0.8587736797267411
vn 0 -0.48764508125775385 0.8730419661878337
vn 0.007840786233924693 -0.4782879714452773 0.8781680581995656
vn 0.039455792681568604 -0.41823138603335036 0.907483194423176
vn -0.047187077748325534 0.44041272565103834 0.8965545219216714
vn -0.007866216972637705 0.4090432602254184 0.9124810868695856
vn 0.04723823919764839 -0.34641376901724974 0.9368916956579182
vn 0.03953094085603278 -0.2609041962387711 0.9645549777488257
vn 0.007872795747442672 -0.015745591494885344 0.9998450357108322
vn -0.11026356532091934 0.551317819154016 0.8269767883356697
vn -0.01569363667869083 0.5178900383364747 0.8553032315849405
vn 0.031503874475169565 -0.21265116108929766 0.976620186961352
vn -0.023540455730534413 0.6748263802239652 0.7376009785092608
vn 0.03932864890565497 0.02359718785327689 0.9989476613420109
vn 0.039472998409609654 0.09473519916329523 0.9947196210169204
vn 0.07875969141583196 -0.4331783176882354 0.8978604881009482
vn 0.05521232802413452 -0.465361043038553 0.8833972483861523
vn 0.07872795299987602 -0.4172581725060266 0.9053714855756063
vn 0.015757315429405734 -0.5121127551809768 0.8587736797267411
vn 0.06300775349481892 -0.4016744266668256 0.9136124331254546
vn -0.06277261792257567 0.05492603881960853 0.9965152927570822
vn 0.06325939187641749 -0.6088716877887109 0.7907423835540577
vn -0.16584863172594008 0.5212385313081085 0.8371407437428904
vn -0.03930919516586989 -0.03930919516586989 0.9984535914857651
vn -0.007867920430130586 -0.25177345376417876 0.9677542166313521
vn -0.25919248022391594 0.5026763343137532 0.8247034382832792
vn 0.0315626678170962 0.10257866388630453 0.9942240269253044
vn 0.055027774573847874 -0.3694721996457528 0.9276110379433715
vn 0.047156463637672515 -0.25150112946681197 0.9667075306493204
vn 0.04723823919764839 -0.34641376901724974 0.9368916956579182
vn -0.07100273131873307 0.14989467321874322 0.9861491768925865
vn -0.1180334276019352 0.3304935794040246 0.9363984749780696
vn -0.0789287847903253 0.18942907455608468 0.9787169522616577
vn 0.01574412713551236 0.01574412713551236 0.9997520917314859
vn -0.03928007304447631 0.054992102262266834 0.9977138590549883
vn -0.1804657257648323 0.3530851259928709 0.918021250095427
vn -0.0941502298968314 0.11768779109632954 0.9885774213673103
vn -0.2051126421911962 0.34711373884949914 0.9151179466687712
vn -0.01572853961776827 0.047185618853304814 0.9987622992558955
vn -0.11781114411184548 0.14922744126105159 0.981759494528949
vn -0.19672846001690175 0.31476555390843686 0.9285583229351257
vn -0.03929584084191034 0.04715500752017629 0.9981143432284195
vn -0.07097844561365567 0.08675143601132816 0.9936982683935008
vn -0.12603505943984608 0.17329820859243367 0.9767716696806107
vn -0.18895880309394497 0.2676916339911318 0.9447940303708856
vn -0.08644284780858677 0.11001816248762034 0.99016344003684
vn -0.12554523248362845 0.1490849691622442 0.9808221380915729
vn -0.19698477503879955 0.2285023390450075 0.9534063558912717
vn -0.09479430014095203 0.12639240018793602 0.9874406320561859
vn -0.15762208039632516 0.1418598693764602 0.9772569044176809
vn -0.21200775039608374 0.14919063751192987 0.9658130603024457
vn -0.09423438156154561 0.10994010933827622 0.9894609914950669
vn -0.1814119363636124 0.10253716976113307 0.9780469508986679
vn -0.18068834510825085 0.05499210098371713 0.9820018282933277
vn -0.13367192001391287 -0.023589163231935256 0.9907448557412808
vn -0.1412644702821413 -0.04708816172776757 0.9888513813819576
vn -0.08645885806752569 -0.1650578158831416 0.9824870397504216
vn -0.03930191034481614 -0.2200906919705058 0.9746873586700465
vn 0.023528145582789286 -0.33723672851804254 0.9411258233115715
vn 0.0235506086552649 -0.2590566821693981 0.9655749604537962
vn 0.10251485184096756 -0.42583097346640536 0.8989764664265012
vn 0.039387176129310614 -0.24420048827643565 0.9689245439569115
vn 0.1335604912997987 -0.42425100041331365 0.8956409346451617
vn 0.0394963920367659 -0.19748196018382952 0.9795105463536523
vn 0.15711059020735862 -0.4163430923617046 0.8955303969644964
vn 0.06321395753305825 -0.18964185769801398 0.9798162896083401
vn 0.18952356872754372 -0.4264280296369734 0.8844433008603234
vn 0.09444135950410754 -0.19675282733317 0.9758940283408951
vn 0.1882077982559754 -0.4548354938254882 0.8704610836976933
vn 0.10233047735505665 -0.22827568770416806 0.968203844140001
vn 0.16529284574697006 -0.47226530762256896 0.8658197008390538
vn -0.007856499830377167 0.141416989496208 0.9899189413746181
vn 0.03145610863065297 0.18087261624435153 0.9830033621116157
vn -0.039387176129310614 0.24420048827643565 0.9689245439569115
vn 0.0790248421766624 -0.22126955809465473 0.9720055848499791
vn 0.13401623444478314 -0.46511514293593187 0.8750471717095762
vn 0.1258477718402557 -0.45619818595944295 0.8809344773875959
vn 0.07859168242243601 -0.2436342102941452 0.966677670699163
vn -0.05497853094730011 0.3063089554740361 0.9503431932366759
vn 0.10994689349700543 -0.44764090330051726 0.887428477288539
vn 0.06317254979085067 -0.26058677161254934 0.9633814215633761
vn -0.07094976579468719 0.33898223173708125 0.9381136270730891
vn 0.07848993651927436 -0.43954366238932974 0.894785280790076
vn 0.031503874475169565 -0.21265116108929766 0.976620186961352
vn 0.06313319728260407 -0.3787991836956244 0.9233230083954392
vn 0.015697504694960323 -0.07848751974951146 0.9967915015638535
vn -0.06309980383809219 0.33916143817916466 0.9386095746410404
vn -0.05523810996288107 0.3393198007813292 0.9390478283907843
vn 0.039368856701881554 -0.21259184183637964 0.9763476849496816
vn -0.04723823919764839 0.34641376901724974 0.9368916956579182
vn 0.03943369530894941 -0.20505520666584026 0.9779556973061256
vn -0.04723823919764839 0.34641376901724974 0.9368916956579182
vn 0.06309980383809219 -0.33916143817916466 0.9386095746410404
vn 0 0.0314804514426422 0.9995043677628265
vn 0.054975137941962966 -0.3298508276517778 0.9424309872376329
vn 0.00786767660388671 0.039338384882078574 0.9991949715344477
vn 0.007869869645248311 0.031479478580993245 0.9994734151442125
vn 0.00786767660388671 0.039338384882078574 0.9991949715344477
vn 0.9480909282890996 -0.28442727252626565 -0.14221363626313283
vn 0.7660388420616485 -0.6317846236847438 -0.1184596206661798
vn 0.2676252688534601 -0.0787133191896286 -0.9603025194454425
vn 0.26061115727813516 -0.22112461332954558 -0.93977961782644
vn -0.13370498819794943 -0.007864999470112771 -0.9909899686244665
vn 0.6511255900102663 -0.7531091434453278 -0.09413864293066597
vn -0.19609200222108802 -0.015687360773733467 -0.9804600111054401
vn -0.8729339671653716 -0.01572853963009445 -0.48758476392318745
vn -0.8630437826904486 -0.05492096751526433 -0.5021345601395596
vn 0.26761700367643826 -0.2833591575732749 -0.920917329168373
vn 0.9087573313507182 -0.3951118857874709 -0.13433804534006552
vn -0.2364845398689109 -0.0630625444617483 -0.9695866015416051
vn -0.8205271876822191 -0.1972421089848809 -0.5364985412072475
vn 0.3625983679214593 -0.13400374272299634 -0.9222610370805671
vn 0.9795105454312791 0.13428772981831746 -0.1500862985390758
vn -0.307535027718952 -0.15771027177134678 -0.9383760850020162
vn -0.7411461143697525 -0.37057305718487626 -0.5598017921043769
vn -0.35453960800451306 -0.2599957026025353 -0.898166967208336
vn -0.6934295251369741 -0.4727928309549167 -0.5437117183452514
vn 0.49574035914855547 0.07082004492072487 -0.8655784294612983
vn -0.40161216283289974 -0.42523640244619026 -0.8110990523353495
vn -0.6128637172301129 -0.5892920472606171 -0.5264341812024357
vn -0.5207839874588372 -0.5996907064113711 -0.6075813485043007
vn 0.5973152325214017 0.3300952538034432 -0.7309251920780566
vn 0.8202208936754878 0.5520717736983909 -0.14984806393042513
vn -0.31488255231377155 -0.48019591835553416 -0.818694606213483
vn 0.5985736708414857 0.4016744103468144 -0.6930852968054421
vn 0.6548030566640134 0.7336949847386924 -0.18145144351245807
vn -0.1339371688104734 -0.4805981350480415 -0.8666523336375314
vn -0.3384777552278715 -0.5273955977431001 -0.7792860146936422
vn 0.24411719269634413 -0.5433576200497402 -0.803224310491122
vn 0.6272821948672328 0.4155744563347159 -0.6586462777885046
vn 0.6675346903331273 0.3298406803347815 -0.6675346903331273
vn 0.9480909282890996 -0.28442727252626565 0.14221363626313283
vn 0.2676252688534601 -0.0787133191896286 0.9603025194454425
vn 0.7660388420616485 -0.6317846236847438 0.1184596206661798
vn 0.26061115727813516 -0.22112461332954558 0.93977961782644
vn -0.13370498819794943 -0.007864999470112771 0.9909899686244665
vn 0.6511255900102663 -0.7531091434453278 0.09413864293066597
vn -0.19609200222108802 -0.015687360773733467 0.9804600111054401
vn -0.8729339671653716 -0.01572853963009445 0.48758476392318745
vn -0.8630437826904486 -0.05492096751526433 0.5021345601395596
vn 0.26761700367643826 -0.2833591575732749 0.920917329168373
vn 0.9087573313507182 -0.3951118857874709 0.13433804534006552
vn -0.2364845398689109 -0.0630625444617483 0.9695866015416051
vn -0.8205271876822191 -0.1972421089848809 0.5364985412072475
vn 0.3625983679214593 -0.13400374272299634 0.9222610370805671
vn 0.9795105454312791 0.13428772981831746 0.1500862985390758
vn -0.307535027718952 -0.15771027177134678 0.9383760850020162
vn -0.7411461143697525 -0.37057305718487626 0.5598017921043769
vn -0.35453960800451306 -0.2599957026025353 0.898166967208336
vn -0.6934295251369741 -0.4727928309549167 0.5437117183452514
vn 0.49574035914855547 0.07082004492072487 0.8655784294612983
vn -0.40161216283289974 -0.42523640244619026 0.8110990523353495
vn -0.6128637172301129 -0.5892920472606171 0.5264341812024357
vn -0.5207839874588372 -0.5996907064113711 0.6075813485043007
vn 0.5973152325214017 0.3300952538034432 0.7309251920780566
vn 0.8202208936754878 0.5520717736983909 0.14984806393042513
vn -0.31488255231377155 -0.48019591835553416 0.818694606213483
vn 0.5985736708414857 0.4016744103468144 0.6930852968054421
vn 0.6548030566640134 0.7336949847386924 0.18145144351245807
vn -0.1339371688104734 -0.4805981350480415 0.8666523336375314
vn -0.3384777552278715 -0.5273955977431001 0.7792860146936422
vn 0.24411719269634413 -0.5433576200497402 0.803224310491122
vn 0.6272821948672328 0.4155744563347159 0.6586462777885046
vn 0.6675346903331273 0.3298406803347815 0.6675346903331273
vn 0.48735874125525475 -0.34586750052360876 -0.8017837173475433
vn 0.08644284780858677 -0.11001816248762034 -0.99016344003684
vn 0.08651500060114539 -0.10224499393718957 -0.9909899676009682
vn 0.49463899203826867 -0.337610730190388 -0.800844093700939
vn 0.827773051949083 -0.5281980148567705 -0.18920526305646865
vn 0.0946968451452253 -0.13415386209309063 -0.9864254907518609
vn 0.8414508817017717 -0.5032977175071247 -0.19660066438196291
vn 0.48735874125525475 -0.34586750052360876 0.8017837173475433
vn 0.08651500060114539 -0.10224499393718957 0.9909899676009682
vn 0.08644284780858677 -0.11001816248762034 0.99016344003684
vn 0.49463899203826867 -0.337610730190388 0.800844093700939
vn 0.827773051949083 -0.5281980148567705 0.18920526305646865
vn 0.0946968451452253 -0.13415386209309063 0.9864254907518609
vn 0.8414508817017717 -0.5032977175071247 0.19660066438196291
vn 0.10279007914541018 0.40325340289089184 -0.9092969221800965
vn 0.2443825357573615 0.44934852387569063 -0.8592805597169878
vn 0.4317345701448485 0.7692724677896009 -0.47098315388423434
vn 0.21242727611871076 0.7788999826329521 -0.5900758166669533
vn 0.05491251650767389 0.7766198731297104 -0.6275716598053062
vn 0.2901715716090581 0.9332543868300229 -0.2117468027915581
vn 0.05506862577107713 0.9833683152119257 -0.17307282598069396
vn 0.05507544169135784 0.21243384918473052 -0.9756221376347817
vn 0.031503874475169565 0.21265116108929766 -0.976620186961352
vn 0.14919063751192987 0.21200775039608374 -0.9658130603024457
vn -0.04738532433099068 0.8371407422651355 -0.5449311962787824
vn -0.11858171121025154 0.9802754415884738 -0.15810893834622863
vn -0.3227846181397308 0.9289898722359584 -0.18107431506264435
vn 0.1260937400890138 0.2443066428428851 -0.961464837096606
vn 0.015696052714299448 0.7377145409020102 -0.674930285341328
vn -0.12629785819061284 0.8840850222354526 -0.4499361337738982
vn 0.11786932019364836 0.22788067676702323 -0.9665284375088458
vn 0.26844985860176496 -0.24476312302643558 -0.9316789613504419
vn 0.35331359008641045 0.04710847420784014 -0.9343180928988057
vn 0.18040463919118643 -0.5255265569960144 -0.8314300957087207
vn 0.26881879636260597 0.16603513104099482 -0.9487722540116568
vn 0.38449410948674156 0.2824854651532873 -0.8788436958567369
vn 0.07860382045485957 0.2986945266691633 -0.951106208132291
vn 0.08654713023496781 -0.7238487093457379 -0.6845090505074428
vn 0.24454215667139112 0.11832685288638162 -0.9623917546906299
vn 0.36350293320392574 0.5294498998298854 -0.766517071644374
vn 0.039334733649667775 0.3697465119530966 -0.9282996798594882
vn 0 -0.8018828248136756 -0.5974813262929981
vn -0.13365539834925794 -0.8491049011613557 -0.5110353229629683
vn 0.03152735499590679 0.7487746401745933 -0.6620744400128814
vn 0.04731896565814176 0.4810761558248283 -0.8754008497744612
vn 0.09444428179420793 0.5666656609629277 -0.8185171386854552
vn 0.0630703787119019 0.7174255792683032 -0.6937742179849846
vn 0.09426635786556728 0.6677200466778536 -0.7384197945879334
vn 0.12625067421503125 0.520783980845583 -0.844301375431118
vn 0.14185546067053853 0.6383495804680038 -0.7565625165141825
vn 0.09490095720337842 0.7750244664429012 -0.6247646634828022
vn 0.16498648139419467 0.5028159773563914 -0.8485019468877487
vn 0.18118101594955277 0.6380722606039368 -0.7483563520858693
vn 0.14171470902844885 0.7636848200476876 -0.6298431843512424
vn 0.18082230207180314 0.7625984095727907 -0.6210853087865658
vn 0.23499977660289031 0.6344993536144335 -0.7363325846785932
vn 0.23575320435208988 0.4872232899877299 -0.8408530741641219
vn 0.25193726564197944 0.7479387387481753 -0.6140971073540663
vn 0.3061673352348584 0.6201851386519439 -0.7222409269976708
vn 0.05495142129780079 0.05495142129780079 -0.9969757683086902
vn 0.015729997956593238 -0.30673498529927573 -0.9516649704374638
vn 0 -0.15799049297031298 -0.9874406332185228
vn 0.06297650843862683 -0.5353003068271671 -0.8423108338942461
vn 0.007861353284859391 -0.597462890627511 -0.8018580257424313
vn -0.023603760730237573 -0.031471682215413584 -0.9992258982321873
vn 0.22031540812373454 0.17310496884763463 -0.9599457227903729
vn 0.25928849470247206 0.7464365503718122 -0.6128637310071101
vn 0.18923466242098502 0.19711944747243954 -0.9619429120101547
vn 0.12626246118840548 0.87594584125837 -0.4655928200443096
vn 0.07092773152219796 -0.5201367127306129 -0.8511328080686978
vn 0.1886258535124227 0.17290704977107657 -0.9667075253281999
vn -0.07881103618132773 0.9457324937805788 -0.3152441447253109
vn 0.19713783390410183 -0.622955564673705 -0.7570092726550078
vn 0.251439016471339 0.13357698029436668 -0.9586112931378202
vn -0.3160599277851773 0.9402782039495712 -0.12642397409430325
vn 0.3454728342914707 0.14918145184864237 -0.9264952321469059
vn 0.3310680610228193 -0.4808369762831384 -0.811905007503636
vn 0.41791920607038385 -0.05519687592200446 -0.9068058458600445
vn 0.37692588487524287 0.2905470424668169 -0.8794937711119964
vn 0.12637663579857283 -0.9320276387230589 -0.33963719846411683
vn 0.18973664840443047 -0.9486833016267922 -0.25298220780668057
vn 0.09418212350585117 -0.9182757004567584 -0.3845769956232145
vn 0.27648336819590236 -0.9479430107314637 -0.15799049185446942
vn 0.055294947665079204 -0.8610213699702224 -0.5055538242534792
vn 0.0865444494216057 -0.9047828423865605 -0.4169868899584347
vn 0.04741490791902817 -0.7981509238932746 -0.6005888187398618
vn 0.07872795299987602 -0.9053714855756063 -0.4172581725060266
vn 0.06303708800916252 -0.780083962250741 -0.6224912347772534
vn -0.1419304098209174 -0.9146626774931934 -0.3784811027898867
vn -0.14980612919420178 -0.8357604867131867 -0.5282636959935705
vn -0.31573482511965056 -0.9077375886913835 -0.27626796825440403
vn -0.14925047054504445 -0.6205677122267657 -0.769818167870648
vn -0.2834381978554025 -0.8345680601323757 -0.47239701629388514
vn -0.06307822087369586 -0.4336627759572392 -0.898864692153647
vn -0.14949049984162852 -0.5664902712701189 -0.8103958063893267
vn -0.1024607176671275 -0.40984287066851 -0.9063832647932838
vn -0.07899524453243024 -0.5529667266281733 -0.829450149546906
vn -0.08693547479773339 -0.8535482817582976 -0.5137096007757211
vn -0.08652838478853896 -0.9596783925775378 -0.26745134407155174
vn -0.08652838159457621 -0.36184596345945347 -0.9282135195668739
vn 0.03145707844089691 -0.8493411737835723 -0.5269060853054429
vn 0.047117191591257816 -0.9580495375203053 -0.2827031197452226
vn -0.015738763963206694 -0.47216293379736296 -0.8813707819395749
vn 0.1414912337893122 -0.8332262323542272 -0.5345224751846805
vn 0.18107431004941066 -0.936862666576431 -0.29916623842845114
vn 0.503671669766129 -0.7948567895884193 -0.33840439287957036
vn -0.02357168169112007 -0.39286134413397944 -0.919295567327231
vn -0.09452335814464218 -0.2599392311724756 -0.9609874769540557
vn -0.055034575037905153 0 -0.9984844493282794
vn -0.04741638620598858 0.07902731158507775 -0.9957441289522121
vn -0.039309193846510763 0.18082230212476172 -0.9827299132179904
vn -0.15000676018888903 0.3079086028237669 -0.9395159733632785
vn -0.2367716069102449 -0.03946193572680422 -0.9707635972727006
vn -0.08641883642812832 0.659925573298952 -0.7463444395294024
vn -0.4254475066959199 0.6854431837084153 -0.5908993661816678
vn -0.6449499403173026 -0.11797864889106904 -0.7550633171400568
vn -0.15725136593060976 -0.15725136593060976 -0.9749584687697804
vn -0.031422118793426254 0.919096983089621 -0.3927765091322145
vn -0.11827901972347164 -0.21290223848248108 -0.9698879885545565
vn -0.16547235425346307 0.37034290441140444 -0.914037763514146
vn 0.03159711616091793 -0.3396689707901896 -0.9400141554958877
vn -0.1501565877035342 0.03951488816777557 -0.9878722451725825
vn 0.3557228958664402 -0.7351606315890953 -0.5770615800050426
vn -0.03141145933756241 -0.14135155770580465 -0.9894609933476041
vn 0.06311943526357022 -0.3155971837684319 -0.9467916109099417
vn 0.6613557918873728 -0.4723970282650632 -0.5826230035137328
vn 0.8357085274253063 -0.34689788212015765 -0.4257383193572964
vn -0.06295310606570824 -0.5823162702233488 -0.8105212322140906
vn -0.023589164025177484 -0.6369073988774696 -0.7705793382875828
vn -0.08679733865800084 -0.6470346779119698 -0.757504024795408
vn -0.49494418671569707 -0.6913506592130586 -0.5263691841683044
vn -0.4396519899492517 -0.7222854503767535 -0.5338631434250857
vn -0.42456556837808795 -0.8334064783489782 -0.35380463534801976
vn -0.11792030561861658 -0.3930676655271718 -0.9119169983281546
vn -0.368596264935526 -0.8234597718839187 -0.43133606105270605
vn -0.22882933681171397 -0.931098691096741 -0.2840640104839878
vn -0.031536169948425764 -0.1103765929568452 -0.9933893887656658
vn -0.18877166901645742 -0.5663150070493722 -0.8022796082211056
vn -0.2119685435319346 -0.8949782916012436 -0.39253432221331847
vn -0.11777119229364834 -0.5417474458077637 -0.8322497529146505
vn -0.02363010550598509 0.17328745403662316 -0.984587769773361
vn -0.03139500832486359 -0.22761380197335748 -0.9732452468948999
vn -0.07078718759978314 -0.6134889393299067 -0.786524313286995
vn -0.0866544812636517 -0.9216885246732242 -0.37812863467690877
vn -0.09452335814464218 -0.9609874769540557 -0.2599392311724756
vn -0.03945702159137079 -0.6865521399270662 -0.726009161518437
vn -0.04739123530402021 -0.9241291051921988 -0.37912988243216167
vn -0.04706207792208518 -0.9647726514194527 -0.25884144160998385
vn -0.015729997956593238 -0.30673498529927573 -0.9516649704374638
vn -0.007864999470112771 0.13370498819794943 -0.9909899686244665
vn -0.00788772076498794 0.11042809070983117 -0.9938528163884806
vn 0 0.5692099881286328 -0.822192185206477
vn 0 0.5655283150097793 -0.8247288796460323
vn -0.00786986955393876 0.5745004988579463 -0.818466396356732
vn 0 0.8814799629400236 -0.472221425747768
vn 0 0.8763825489473992 -0.4816156433303006
vn 0.007852380649776482 0.9736952191987363 -0.22771903791219533
vn 0 0.9787169532976465 -0.2052148272610252
vn 0 0.9787169532976465 -0.2052148272610252
vn 0 0.8814799629400236 -0.472221425747768
vn -0.32375932795593415 0.9160020054073733 -0.23689707396080797
vn -0.2277682166020705 0.8089698167512679 -0.5419312457234151
vn -0.1572124878988268 0.9589962193962129 -0.235818754199983
vn -0.18065489444563312 0.43985538739745755 -0.8797107747949151
vn -0.1812710195585377 0.8748297238189066 -0.44923687714962146
vn -0.023630105123240267 0.9609576691915176 -0.2756845591502547
vn -0.10986560823232783 0.7769068122473314 -0.6199559284428454
vn -0.4789509546885363 0.7851654516102652 -0.3925827258051326
vn 0.2443825357573615 0.44934852387569063 0.8592805597169878
vn 0.10279007914541018 0.40325340289089184 0.9092969221800965
vn 0.4317345701448485 0.7692724677896009 0.47098315388423434
vn 0.21242727611871076 0.7788999826329521 0.5900758166669533
vn 0.05491251650767389 0.7766198731297104 0.6275716598053062
vn 0.2901715716090581 0.9332543868300229 0.2117468027915581
vn 0.05506862577107713 0.9833683152119257 0.17307282598069396
vn 0.05507544169135784 0.21243384918473052 0.9756221376347817
vn 0.031503874475169565 0.21265116108929766 0.976620186961352
vn 0.14919063751192987 0.21200775039608374 0.9658130603024457
vn -0.04738532433099068 0.8371407422651355 0.5449311962787824
vn -0.11858171121025154 0.9802754415884738 0.15810893834622863
vn -0.3227846181397308 0.9289898722359584 0.18107431506264435
vn 0.1260937400890138 0.2443066428428851 0.961464837096606
vn 0.015696052714299448 0.7377145409020102 0.674930285341328
vn -0.12629785819061284 0.8840850222354526 0.4499361337738982
vn 0.11786932019364836 0.22788067676702323 0.9665284375088458
vn 0.26844985860176496 -0.24476312302643558 0.9316789613504419
vn 0.35331359008641045 0.04710847420784014 0.9343180928988057
vn 0.18040463919118643 -0.5255265569960144 0.8314300957087207
vn 0.26881879636260597 0.16603513104099482 0.9487722540116568
vn 0.38449410948674156 0.2824854651532873 0.8788436958567369
vn 0.07860382045485957 0.2986945266691633 0.951106208132291
vn 0.08654713023496781 -0.7238487093457379 0.6845090505074428
vn 0.039334733649667775 0.3697465119530966 0.9282996798594882
vn 0 -0.8018828248136756 0.5974813262929981
vn -0.13365539834925794 -0.8491049011613557 0.5110353229629683
vn 0.03152735499590679 0.7487746401745933 0.6620744400128814
vn 0.04731896565814176 0.4810761558248283 0.8754008497744612
vn 0.09444428179420793 0.5666656609629277 0.8185171386854552
vn 0.0630703787119019 0.7174255792683032 0.6937742179849846
vn 0.09426635786556728 0.6677200466778536 0.7384197945879334
vn 0.12625067421503125 0.520783980845583 0.844301375431118
vn 0.14185546067053853 0.6383495804680038 0.7565625165141825
vn 0.09490095720337842 0.7750244664429012 0.6247646634828022
vn 0.16498648139419467 0.5028159773563914 0.8485019468877487
vn 0.18118101594955277 0.6380722606039368 0.7483563520858693
vn 0.14171470902844885 0.7636848200476876 0.6298431843512424
vn 0.18082230207180314 0.7625984095727907 0.6210853087865658
vn 0.23499977660289031 0.6344993536144335 0.7363325846785932
vn 0.23575320435208988 0.4872232899877299 0.8408530741641219
vn 0.25193726564197944 0.7479387387481753 0.6140971073540663
vn 0.3061673352348584 0.6201851386519439 0.7222409269976708
vn 0.05495142129780079 0.05495142129780079 0.9969757683086902
vn 0.24454215667139112 0.11832685288638162 0.9623917546906299
vn 0.36350293320392574 0.5294498998298854 0.766517071644374
vn 0 -0.15799049297031298 0.9874406332185228
vn 0.22031540812373454 0.17310496884763463 0.9599457227903729
vn 0.25928849470247206 0.7464365503718122 0.6128637310071101
vn 0.015729997956593238 -0.30673498529927573 0.9516649704374638
vn 0.06297650843862683 -0.5353003068271671 0.8423108338942461
vn 0.18923466242098502 0.19711944747243954 0.9619429120101547
vn 0.12626246118840548 0.87594584125837 0.4655928200443096
vn 0.07092773152219796 -0.5201367127306129 0.8511328080686978
vn 0.1886258535124227 0.17290704977107657 0.9667075253281999
vn -0.07881103618132773 0.9457324937805788 0.3152441447253109
vn 0.19713783390410183 -0.622955564673705 0.7570092726550078
vn 0.251439016471339 0.13357698029436668 0.9586112931378202
vn -0.3160599277851773 0.9402782039495712 0.12642397409430325
vn 0.3454728342914707 0.14918145184864237 0.9264952321469059
vn 0.3310680610228193 -0.4808369762831384 0.811905007503636
vn 0.41791920607038385 -0.05519687592200446 0.9068058458600445
vn 0.37692588487524287 0.2905470424668169 0.8794937711119964
vn 0.12637663579857283 -0.9320276387230589 0.33963719846411683
vn 0.18973664840443047 -0.9486833016267922 0.25298220780668057
vn 0.09418212350585117 -0.9182757004567584 0.3845769956232145
vn 0.27648336819590236 -0.9479430107314637 0.15799049185446942
vn 0.055294947665079204 -0.8610213699702224 0.5055538242534792
vn 0.0865444494216057 -0.9047828423865605 0.4169868899584347
vn 0.3939328635221451 0.22848106263098358 0.8902883258002766
vn 0.29038592595323376 -0.9496404935739589 0.1177240288679037
vn 0.37777712909670375 0.28333282447078606 0.8814799778264162
vn 0.04741490791902817 -0.7981509238932746 0.6005888187398618
vn 0.07872795299987602 -0.9053714855756063 0.4172581725060266
vn 0.06303708800916252 -0.780083962250741 0.6224912347772534
vn -0.1419304098209174 -0.9146626774931934 0.3784811027898867
vn 0.007861353284859391 -0.597462890627511 0.8018580257424313
vn -0.14980612919420178 -0.8357604867131867 0.5282636959935705
vn -0.31573482511965056 -0.9077375886913835 0.27626796825440403
vn -0.2834381978554025 -0.8345680601323757 0.47239701629388514
vn -0.14925047054504445 -0.6205677122267657 0.769818167870648
vn -0.06307822087369586 -0.4336627759572392 0.898864692153647
vn -0.08693547479773339 -0.8535482817582976 0.5137096007757211
vn -0.08652838478853896 -0.9596783925775378 0.26745134407155174
vn -0.14949049984162852 -0.5664902712701189 0.8103958063893267
vn -0.07899524453243024 -0.5529667266281733 0.829450149546906
vn -0.1024607176671275 -0.40984287066851 0.9063832647932838
vn -0.023603760730237573 -0.031471682215413584 0.9992258982321873
vn -0.08652838159457621 -0.36184596345945347 0.9282135195668739
vn -0.039309193846510763 0.18082230212476172 0.9827299132179904
vn -0.055034575037905153 0 0.9984844493282794
vn -0.2367716069102449 -0.03946193572680422 0.9707635972727006
vn -0.15000676018888903 0.3079086028237669 0.9395159733632785
vn -0.04741638620598858 0.07902731158507775 0.9957441289522121
vn -0.015738763963206694 -0.47216293379736296 0.8813707819395749
vn -0.09452335814464218 -0.2599392311724756 0.9609874769540557
vn 0.03145707844089691 -0.8493411737835723 0.5269060853054429
vn 0.047117191591257816 -0.9580495375203053 0.2827031197452226
vn -0.02357168169112007 -0.39286134413397944 0.919295567327231
vn 0.1414912337893122 -0.8332262323542272 0.5345224751846805
vn 0.18107431004941066 -0.936862666576431 0.29916623842845114
vn 0.503671669766129 -0.7948567895884193 0.33840439287957036
vn 0.03159711616091793 -0.3396689707901896 0.9400141554958877
vn 0.3557228958664402 -0.7351606315890953 0.5770615800050426
vn 0.6613557918873728 -0.4723970282650632 0.5826230035137328
vn 0.8357085274253063 -0.34689788212015765 0.4257383193572964
vn 0.06311943526357022 -0.3155971837684319 0.9467916109099417
vn -0.11827901972347164 -0.21290223848248108 0.9698879885545565
vn -0.03141145933756241 -0.14135155770580465 0.9894609933476041
vn -0.06295310606570824 -0.5823162702233488 0.8105212322140906
vn -0.023589164025177484 -0.6369073988774696 0.7705793382875828
vn -0.08679733865800084 -0.6470346779119698 0.757504024795408
vn -0.49494418671569707 -0.6913506592130586 0.5263691841683044
vn -0.4396519899492517 -0.7222854503767535 0.5338631434250857
vn -0.42456556837808795 -0.8334064783489782 0.35380463534801976
vn -0.11792030561861658 -0.3930676655271718 0.9119169983281546
vn -0.368596264935526 -0.8234597718839187 0.43133606105270605
vn -0.22882933681171397 -0.931098691096741 0.2840640104839878
vn -0.18877166901645742 -0.5663150070493722 0.8022796082211056
vn -0.2119685435319346 -0.8949782916012436 0.39253432221331847
vn -0.031536169948425764 -0.1103765929568452 0.9933893887656658
vn -0.11777119229364834 -0.5417474458077637 0.8322497529146505
vn -0.0866544812636517 -0.9216885246732242 0.37812863467690877
vn -0.09452335814464218 -0.9609874769540557 0.2599392311724756
vn -0.07078718759978314 -0.6134889393299067 0.786524313286995
vn -0.04739123530402021 -0.9241291051921988 0.37912988243216167
vn -0.04706207792208518 -0.9647726514194527 0.25884144160998385
vn -0.03945702159137079 -0.6865521399270662 0.726009161518437
vn -0.03139500832486359 -0.22761380197335748 0.9732452468948999
vn -0.015729997956593238 -0.30673498529927573 0.9516649704374638
vn -0.02363010550598509 0.17328745403662316 0.984587769773361
vn -0.007864999470112771 0.13370498819794943 0.9909899686244665
vn -0.00788772076498794 0.11042809070983117 0.9938528163884806
vn 0 0.5692099881286328 0.822192185206477
vn 0 0.5655283150097793 0.8247288796460323
vn -0.1501565877035342 0.03951488816777557 0.9878722451725825
vn 0 0.8814799629400236 0.472221425747768
vn 0 0.8763825489473992 0.4816156433303006
vn 0.007852380649776482 0.9736952191987363 0.22771903791219533
vn 0 0.9787169532976465 0.2052148272610252
vn -0.00786986955393876 0.5745004988579463 0.818466396356732
vn 0 0.8814799629400236 0.472221425747768
vn 0 0.9787169532976465 0.2052148272610252
vn -0.32375932795593415 0.9160020054073733 0.23689707396080797
vn -0.2277682166020705 0.8089698167512679 0.5419312457234151
vn -0.1572124878988268 0.9589962193962129 0.235818754199983
vn -0.18065489444563312 0.43985538739745755 0.8797107747949151
vn -0.1812710195585377 0.8748297238189066 0.44923687714962146
vn -0.023630105123240267 0.9609576691915176 0.2756845591502547
vn -0.10986560823232783 0.7769068122473314 0.6199559284428454
vn -0.031422118793426254 0.919096983089621 0.3927765091322145
vn -0.16547235425346307 0.37034290441140444 0.914037763514146
vn -0.4789509546885363 0.7851654516102652 0.3925827258051326
vn -0.15725136593060976 -0.15725136593060976 0.9749584687697804
vn -0.08641883642812832 0.659925573298952 0.7463444395294024
vn -0.4254475066959199 0.6854431837084153 0.5908993661816678
vn -0.6449499403173026 -0.11797864889106904 0.7550633171400568
vn -0.4160607804220058 0.4160607804220058 -0.8085708713460206
vn -0.622955549448243 0.622955549448243 -0.47313081364806003
vn -0.2606111581368525 0.3869680932282222 -0.8844984562326168
vn -0.12579719758588123 0.4717395319252481 -0.872718098298922
vn -0.07068231943065881 0.12565745842130027 -0.98955253163387
vn -0.007864999470112771 0.13370498819794943 -0.9909899686244665
vn -0.12604679700167093 0.5593326263046595 -0.8193041060050607
vn -0.007847543557351696 0.14910332386439204 -0.9887904807757333
vn -0.03943369530894941 0.20505520666584026 -0.9779556973061256
vn -0.13345344376745663 0.5730648642014917 -0.8085708625496794
vn 0.05506862477692864 0.27534310898348263 -0.9597674816852715
vn 0.15716394816299237 -0.4322008797999708 -0.8879762907296295
vn 0.07881838622154361 0.5438468314010391 -0.8354748864977819
vn 0.34611352769682835 0.5113040729747018 -0.7866216186355022
vn 0.2605867868807339 0.25269021487201576 -0.9317951394008821
vn 0.3939328446528916 0.5751420193543767 -0.7169578589266251
vn 0.06299017408200744 -0.5590377484116871 -0.8267460515901541
vn 0.23637439299947652 0.14182463281945368 -0.9612559075811999
vn 0.34698417094905437 0.6939683418981087 -0.630880278304836
vn 0.18836423392614418 0.1805157328715654 -0.9653667622014228
vn 0.30590351988685843 0.7294622557776049 -0.6118070397737169
vn 0.23716343184955482 0.7984501465510696 -0.5533813062129196
vn 0.856728695776044 -0.07073906505156927 -0.5108932633236697
vn 0.32186825015582005 0.25906468188094706 -0.9106515909740422
vn -0.05517801298530869 0.6779012576874485 -0.7330793079256629
vn 0.8475607941265594 -0.21189019853163985 -0.4865626825248502
vn 0.5537447756106946 -0.20567662370340847 -0.806885276818104
vn 0.87182932658316 -0.4712590873956745 -0.13352339816133302
vn 0.9289898772491919 -0.33853020091895114 -0.14958312416280795
vn 0.95025527036355 -0.25916051744376006 -0.17277368822994746
vn 0.11027725054574873 -0.3072009090414798 -0.945233584621367
vn 0.11847440087798826 -0.36332148112466955 -0.9241002746942445
vn 0.1026617928255828 -0.27639713051856424 -0.9555444429930723
vn 0.031471682215413584 0.023603760730237573 -0.9992258982321873
vn -0.07876702462704759 0.44897202025760347 -0.890067346248141
vn 0.12579719758588123 -0.4717395319252481 -0.872718098298922
vn 0.03144541253141013 -0.04716812065976049 -0.9983918841938548
vn -0.07848993651927436 0.43954366238932974 -0.894785280790076
vn 0.14984806393042513 -0.5520717736983909 -0.8202208936754878
vn -0.07848752251117887 0.4552276246043724 -0.8869089686135311
vn 0.03928007304447631 -0.054992102262266834 -0.9977138590549883
vn 0.06312533559708097 -0.08679733551466375 -0.9942240263407994
vn 0.16586933265976064 -0.5686948037437719 -0.8056510315749855
vn -0.07068014234517413 0.4554942606030075 -0.8874284737576237
vn 0.0706104976108887 -0.04707366507392579 -0.9963926072004201
vn 0.21273036079778201 -0.5987965998330299 -0.7721323886635295
vn -0.03947546227325187 0.4500202416028658 -0.8921454309842154
vn 0.1490849691622442 -0.12554523248362845 -0.9808221380915729
vn 0 0.4628340660771867 -0.8864449375333238
vn 0.24396595728610154 -0.5981100888304425 -0.7633773204154788
vn 0.0784609404893121 0.4707656429358726 -0.8787625334802954
vn 0.2204109604923432 -0.11807730186030829 -0.9682338350213923
vn 0.21206658729281772 0.4712590828729283 -0.856120692054423
vn 0.2985101440027333 -0.5420315498186153 -0.7855529854368178
vn 0.2997706989113472 -0.47332214833309455 -0.8283137521323345
vn 0.16592108559286672 -0.41875322808293763 -0.8928134896638849
vn 0.354759892826131 -0.4493625130317048 -0.8198894744560533
vn 0.496988258074085 -0.5206543400565765 -0.6942058264785288
vn 0.6064496629477321 -0.4410542705233039 -0.6615813908837962
vn 0.13395380259383308 0.16547235314600678 -0.977074858501116
vn 0.37097685383002066 -0.3078318390447535 -0.8761368231005388
vn 0.7075436647926631 -0.2515710867756335 -0.6603740990607477
vn 0.06311943526357022 -0.3155971837684319 -0.9467916109099417
vn -0.07881103618132773 -0.3152441447253109 -0.9457324937805788
vn -0.21206004936861478 -0.2277681978623282 -0.9503431924859187
vn -0.03944596717718382 -0.48124080179681666 -0.8757004661180748
vn 0.047366126885087734 -0.3394572401929353 -0.9394281410009505
vn -0.03946685160806127 -0.1578674064322451 -0.9866712976521126
vn -0.38610215670384157 0.03151854393657954 -0.9219174073509839
vn -0.512033271642912 0.1654261311644188 -0.8428855935763929
vn 0.31477527088522944 0.6138118154791019 -0.7239831379371895
vn 0.27509636033732104 0.7938495378451691 -0.5423328348829436
vn 0.2443825357573615 0.8592805597169878 -0.44934852387569063
vn 0.20515733482841692 0.5681280178951502 -0.7969573534691984
vn 0.24411719269634413 0.5433576200497402 -0.803224310491122
vn 0.2282262123188402 0.527281244525926 -0.8184664227577
vn 0.267617009326343 0.5667183271110532 -0.7792377519317666
vn 0.22861591821307023 0.5124150106792538 -0.8277473157734642
vn 0.1736325189914801 0.4498660604179375 -0.8760549503499868
vn 0.39389619273228027 0.6459897763465189 -0.6538677222548831
vn 0.23612534805312652 0.5588299342646892 -0.7949552972189777
vn 0.14150436330054963 0.5581560773337594 -0.8175807657365091
vn 0.5130211440901067 0.7261222218742281 -0.45777267788380743
vn 0.2368749126856141 0.6948331129739221 -0.6790413984840332
vn 0.12610549870497192 0.7014618318897936 -0.7014618318897936
vn 0.2282262123188402 0.8184664227577 -0.527281244525926
vn 0.6708528743160558 0.7103148431609076 -0.21309444996804017
vn 0.14964342156483662 0.8506046900931518 -0.5040620076676104
vn -0.18096216189748893 0 -0.9834900589031833
vn -0.7012875893684624 0.16547234869675273 -0.6934079742940307
vn 0.3076498283851283 -0.19721142998032942 -0.9308379208969275
vn -0.25912056058716043 0.00785213822783282 -0.9658130662846962
vn 0.20469902418555788 -0.07085735337952687 -0.976256905209653
vn 0.6531991530513104 0.46432228090086214 -0.5981100951430861
vn 0.0862884454622484 -0.00784440438692874 -0.9962393133677886
vn 0.13369258462193023 0.8021555375339054 -0.5819560004165257
vn -0.12654648418811396 0.7830063513561815 -0.6090049598119112
vn 0.03933473201042939 0.0157338935492298 -0.9991022087111254
vn -0.19667365973329073 0.7709607413861281 -0.6057549065492291
vn 0.023612532557860777 0.015741688992788896 -0.9995972426601918
vn -0.22826154495290718 0.7556244719443419 -0.6139448871800681
vn 0.031471682215413584 -0.023603760730237573 -0.9992258982321873
vn 0.11776030116419192 -0.3140274598370709 -0.9420824093135354
vn 0.1260350586890548 -0.34659640394432045 -0.929508524304168
vn -0.19683818271714343 0.7164910345622566 -0.6692498242185199
vn 0.015714938742552618 0.06285975497021047 -0.9978986380917668
vn -0.15773478865996265 0.7176933018138758 -0.6782595822971423
vn 0.3225847185266966 -0.41699977844828956 -0.8497354200850576
vn 0.22765588050151198 -0.27475709047716695 -0.9341741493456149
vn -0.11807364488985478 0.7477997236502858 -0.6533407898570093
vn 0.21222376707156063 -0.282965002893866 -0.9353565522447738
vn -0.007897307451189965 0.6870657454595591 -0.7265523339382524
vn 0.4402766148396556 -0.5424836409060544 -0.7154495102903102
vn 0.2525957052988987 -0.19734039383344198 -0.9472339619260988
vn 0.36135436572428625 -0.7227087314485725 -0.5891647578224566
vn 0.38691982162065136 -0.6238095089353833 -0.6790837563944812
vn 0.5655457593521409 -0.6283842499080509 -0.5341266034811472
vn 0.49567897599499944 -0.7238486945792547 -0.4799431425830121
vn 0.44050812559463814 -0.7866216273027204 -0.432641892036264
vn 0.34670399256494583 -0.7958432123116129 -0.496417085682049
vn 0.40161213715921373 -0.8268485755323018 -0.3937373800220299
vn 0.32249492328132034 -0.8573645332391107 -0.4011521925671816
vn 0.33090360046147527 -0.874530999423928 -0.35453961449775684
vn 0.38629407519651804 -0.3547598795734503 -0.8514236990553515
vn 0.4479034251898228 0.1964488646845418 -0.8722329764847115
vn 0.5042497268436021 -0.6145543750797358 -0.6066754758917721
vn 0.6210277616948741 -0.5581388419915995 -0.5502777046769486
vn 0.6911160694079328 -0.2356077549984758 -0.6832624418118617
vn 0.7201837637488617 -0.30073608371981564 -0.6252144867014774
vn -0.015787231512009472 0.6788509792307953 -0.7341063351576367
vn -0.07053022224046154 0.6974655980997837 -0.7131389957210462
vn 0.023685276190100402 0.9079356071553968 -0.4184398892925478
vn 0.015787231512009472 0.6788509792307953 -0.7341063351576367
vn 0.047366126885087734 0.9394281410009505 -0.3394572401929353
vn 0.03939817998560361 0.9455563196544866 -0.3230650550203231
vn 0.0236653704378387 0.6705188160335805 -0.741514981363806
vn 0.02352814456829042 0.9411258274350983 -0.3372367170813036
vn 0.04724848678573633 0.9685940219484335 0.24411718731423987
vn 0.015789692148261987 0.9631712378077865 0.2684247609325187
vn -0.03137182215430747 0.9489977198193209 0.3137182438948175
vn 0 0.9262953924922727 -0.3767981500055256
vn 0.023589164025177484 0.6369073988774696 -0.7705793382875828
vn -0.07893616513214281 0.9314467083261511 0.35521276917167416
vn -0.023668317643548886 0.9151749215650942 -0.4023613720006532
vn 0.01572124978298654 0.5974074992040688 -0.8017837128552823
vn -0.023632307059053018 0.8586404488340657 -0.5120332935357829
vn 0.00786986955393876 0.5745004988579463 -0.818466396356732
vn 0.32231547903155683 0.9276397077034098 0.1886724798919828
vn 0.2988699754134561 0.9516649742574643 -0.0707849882948343
vn 0.38476665147078026 0.910876175181417 0.14919523250706093
vn 0.10223551146979852 0.8178840917583882 -0.5662274389704771
vn 0.29176399881412773 0.922605062027265 -0.2523364193247903
vn 0.16475782637190312 0.9179364910172126 -0.36089812566458784
vn 0.36068727817516877 0.9252412127137629 0.11761541420474445
vn 0.2197109128275367 0.9730055179255969 -0.07062136270868523
vn 0.9604810588152525 -0.24405665979874816 -0.13383752263475993
vn 0.9866712976521126 -0.1578674064322451 -0.03946685160806127
vn 0.9729755623574683 -0.22755073251233401 -0.03923288401671164
vn 0.977074858501116 -0.16547235314600678 -0.13395380259383308
vn 0.9943788200435582 0.0947027444112636 -0.0473513722056318
vn 0.8645084984046771 -0.22791586520214355 -0.44797256006953023
vn 0.99016344003684 0.08644284780858677 -0.11001816248762034
vn 0.9123964169127601 0.40900527492520766 -0.01573097225578839
vn 0.8827384808581457 -0.18127665125471482 -0.4334876585580376
vn 0.7603459341686596 -0.1959654381943337 -0.6192508437026881
vn 0.7603459341686596 -0.1959654381943337 -0.6192508437026881
vn 0.9817897770393254 0.09425181811893804 -0.16494068170814158
vn 0.9147195437379102 0.4021611905305197 -0.03942756821038493
vn 0.8009921997918096 0.5968177829401795 0.047117192605742465
vn 0.9237545855382667 0.3789762310508819 -0.05526736827001706
vn 0.8105212322140906 0.5823162702233488 0.06295310606570824
vn 0.7621745470697404 0.6443125104677294 0.06285975384781652
vn 0.8258249864738545 0.5584149624705868 0.07864999303516317
vn 0.7635428618324107 0.6375976561122708 0.10233047964761371
vn 0.7323515897246148 0.6772283255110395 0.07087273208606598
vn 0.7636848200476876 0.6298431843512424 0.14171470902844885
vn 0.7336265064232634 0.6705188352158121 0.11043840226129746
vn 0.19682598120914024 -0.8502882722020869 -0.488128453664247
vn 0.6935371568684471 -0.7092993676883959 -0.1260976567572656
vn 0.7012875893684624 -0.6934079742940307 -0.16547234869675273
vn 0.4023613824877425 -0.717938947314196 -0.5680395988062247
vn 0.5990011128212277 -0.7960409564864108 -0.08669753419291283
vn -0.6787029949959569 -0.34724342120479884 -0.6471354193779728
vn -0.9848322051564395 -0.1733304775250676 -0.007878657730658488
vn -0.4814805909081613 -0.8761368202924715 -0.023679373018000518
vn -0.9743262323498003 -0.19643672597262576 -0.11000457101501895
vn -0.6409624100191097 -0.7675722695241763 0
vn -0.007856499830377167 -0.9899189413746181 -0.141416989496208
vn 0.3861860830676023 -0.9221178169430964 -0.023644046206203445
vn 0.39295840973238916 -0.9195226597003039 0.007859167784865843
vn -0.015738276575943105 -0.8183903595972999 -0.5744471481073093
vn 0.2827031197452226 -0.9580495375203053 -0.047117191591257816
vn 0.3138727428694953 -0.9494650605912678 0
vn 0.3228146499682792 -0.9054556673699089 -0.27557346786940573
vn 0.17380582921550622 -0.924330950028503 -0.3397113900800435
vn 0.26021383830172806 -0.8279531760551725 -0.4967718758307827
vn 0.3471893587754932 -0.8048480061481593 -0.4813306931335197
vn 0.11001815814601093 -0.832994652571871 -0.5422323428797174
vn 0.3607427181160055 -0.6901165223624691 -0.627378575414086
vn 0.25177345114443783 -0.8576033440377708 -0.4484714412245803
vn 0.17277369267805545 -0.7774815723477649 -0.6047079094720326
vn -0.039334733649667775 -0.3697465119530966 -0.9282996798594882
vn -0.2042752847854999 -0.3142696987030921 -0.9270955530595918
vn 0.031503874475169565 -0.21265116108929766 -0.976620186961352
vn 0.3312533466819541 -0.5836368815564594 -0.7413765647759958
vn -0.047220678478371296 -0.17314249768813583 -0.9837641399331226
vn 0.42614908097293297 -0.710248488156437 -0.5603070995957663
vn 0.38513493518298403 -0.7466901536955367 -0.5423328277688291
vn 0.46432227186196895 -0.8814253862101805 -0.0865685647170713
vn 0.015759760292979423 -0.11819820685395847 -0.9928649524744122
vn 0.2906008168734493 -0.7775535265686832 -0.5576393803822398
vn 0.34753573757698564 -0.9320276395457884 -0.10268101202036754
vn 0.031536169948425764 -0.1103765929568452 -0.9933893887656658
vn 0.25983447042576724 -0.51179516811735 -0.8188722451459047
vn 0.02356368105934851 -0.1413820826308008 -0.9896746231190889
vn 0.13383751966727322 -0.7715339579423907 -0.621950858244493
vn 0.15795600019101635 -0.9793272369470873 -0.12636480909350958
vn 0.023695618019100723 -0.09478247207640289 -0.9952159568022303
vn 0.18062702904227268 -0.4554942445585727 -0.8717217844893963
vn 0.007847543557351696 -0.14910332386439204 -0.9887904807757333
vn 0.03160993883416028 -0.08692733551923122 -0.9957130360231443
vn 0.13400373592331102 -0.4177763689503765 -0.8986133230178787
vn 0.03950132085792271 -0.08690290961272029 -0.9954333377737169
vn 0.09465265033686693 -0.4101614549907684 -0.9070878990616414
vn -0.02367716011278539 -0.10260102529275827 -0.9944407582645979
vn 0.015755848398357784 -0.17331434169516105 -0.9847405202407489
vn 0.023606683894407357 -0.42492031754991294 -0.9049228962783463
vn -0.039251014506480976 -0.6986680611955935 -0.7143684610377214
vn -0.0948564723993262 -0.9801835580604782 -0.17390354266620564
vn -0.07082662558732512 -0.1652621313374794 -0.9837032159415289
vn -0.22023362378664132 -0.5977769618195562 -0.7708176534509216
vn -0.40271245949434764 -0.9001808058355169 -0.16582277217961572
vn -0.06279775010150232 -0.13344522269098244 -0.9890646162527217
vn -0.12653461762995163 -0.5773141687222662 -0.8066581315115843
vn -0.1022323399838062 -0.9751393369143948 -0.19660066699680778
vn 0.023632307059053018 -0.5120332935357829 -0.8586404488340657
vn 0.1179348843630109 -0.9749283336908167 -0.1886958060401206
vn 0.07893616536008474 -0.1420850857272227 -0.9867020371987347
vn 0.007861353284859391 -0.597462890627511 -0.8018580257424313
vn -0.2999854658697895 -0.9394281427691052 -0.16578143695925385
vn 0.14189070970038073 0.29166428296550795 -0.9459381441420673
vn 0.09431292836883942 -0.6759093323943178 -0.7309251985837961
vn -0.4473650772145035 -0.8790331519526905 -0.16481870481525854
vn 0.3076976917605876 -0.09467621227629003 -0.9467621376640604
vn 0.46307636593880314 0.34534509707044214 -0.8162702023462075
vn -0.023650657614643404 -0.32322565034150286 -0.9460263343880588
vn -0.05500907999897927 -0.4715064021199883 -0.8801452799836683
vn 0.21322730583310803 -0.3395842079400679 -0.916087704188235
vn 0.1420496888576333 -0.5760904702110553 -0.8049482318928681
vn 0.605380357476605 -0.3144832855553508 -0.7311736359359584
vn 0.3787520064969887 -0.7180506839509283 -0.583909353283632
vn 0.7147209069812227 0.40055784703816283 -0.5733475702399812
vn 0.8083965784105361 -0.16481872189550972 -0.5650927011799644
vn 0.2826159951857953 -0.8399976066462115 -0.4631762300612794
vn 0.8273617937245292 -0.31518543955175904 -0.46489848459582406
vn 0.6367696413858338 0.03144541250378298 -0.7704126231064906
vn 0.8282880002944447 0.4575304883358495 -0.3234267162919428
vn 0.8535482709021361 0.4820967218105718 -0.19758061660869883
vn 0.25246989645381684 -0.7889684413193389 -0.5601676088339381
vn -0.47338107951745617 -0.875754970285205 -0.09467621441337519
vn -0.49623223246172243 -0.866437240743427 -0.05513691430404802
vn 0.38682333779760425 -0.781541072002557 -0.48944995465135616
vn 0.8634691128893384 0.18054353718013885 -0.4709831443571871
vn 0.9063832647932838 0.1024607176671275 -0.40984287066851
vn -0.8495776563307482 -0.503453403897981 0.15732919616870011
vn -0.8707556522187346 -0.4079215412986797 0.2745625798859626
vn -0.8861450568869027 -0.42346754878131065 0.18820779283562242
vn -0.7945861827256153 -0.5192345387873116 0.3146876101022455
vn -0.7651089142038303 -0.3312842721294935 0.5521404535491559
vn -0.30676345863082066 -0.951753282499799 -0.007865729445801864
vn -0.44986604063078495 -0.7418843843062505 0.4972203795197021
vn -0.29038592595323376 -0.1177240288679037 0.9496404935739589
vn -0.2052148272610252 -0.9787169532976465 0
vn -0.12639240018793602 -0.09479430014095203 0.9874406320561859
vn -0.20398588275013907 -0.870862836927918 0.4471998198753049
vn -0.01572853961776827 -0.047185618853304814 0.9987622992558955
vn -0.11043152280385991 -0.9938837350370618 0
vn -0.01572853961776827 -0.047185618853304814 0.9987622992558955
vn -0.10268101202036754 -0.9320276395457884 0.34753573757698564
vn 0.10262979663117129 -0.9947196212217011 0
vn -0.007861839405357616 -0.05503287397485821 0.9984535914419015
vn 0.09427799438616846 -0.9113539482164885 0.40068147055328085
vn 0 -0.047191456519273395 0.9988858625646824
vn 0.41557445011956223 -0.9095591659742777 0
vn 0.007869869645248311 -0.031479478580993245 0.9994734151442125
vn 0.38666672971005744 -0.8443539405920528 0.37088443367442814
vn 0.06283648149835927 -0.031418240749179635 0.9975291829020007
vn 0.511161747338726 -0.7234904804923069 0.46397757779296966
vn 0.14910792659371916 0 0.9888209272800217
vn 0.5121763073172851 -0.8588803352172119 0
vn 0.5677746321830499 0.07097182902288124 0.820118873416866
vn 0.8247034382832792 -0.25919248022391594 0.5026763343137532
vn 0.8563320262763653 0.11784386120167538 0.5028004426713392
vn 0.9969757683086902 -0.05495142129780079 0.05495142129780079
vn 0.9946886247052724 -0.10262660011531026 0.00789435435650522
vn 0.9905305308396973 0.1257816530541181 0.05502947600514467
vn 0.9929574388619773 0.11820922352440445 0.007880614342833403
vn -0.622955549448243 0.622955549448243 0.47313081364806003
vn -0.4160607804220058 0.4160607804220058 0.8085708713460206
vn -0.2606111581368525 0.3869680932282222 0.8844984562326168
vn -0.07068231943065881 0.12565745842130027 0.98955253163387
vn -0.12579719758588123 0.4717395319252481 0.872718098298922
vn -0.007864999470112771 0.13370498819794943 0.9909899686244665
vn -0.12604679700167093 0.5593326263046595 0.8193041060050607
vn -0.007847543557351696 0.14910332386439204 0.9887904807757333
vn -0.03943369530894941 0.20505520666584026 0.9779556973061256
vn -0.13345344376745663 0.5730648642014917 0.8085708625496794
vn 0.05506862477692864 0.27534310898348263 0.9597674816852715
vn 0.15716394816299237 -0.4322008797999708 0.8879762907296295
vn 0.07881838622154361 0.5438468314010391 0.8354748864977819
vn 0.34611352769682835 0.5113040729747018 0.7866216186355022
vn 0.2605867868807339 0.25269021487201576 0.9317951394008821
vn 0.06299017408200744 -0.5590377484116871 0.8267460515901541
vn 0.3939328446528916 0.5751420193543767 0.7169578589266251
vn 0.23637439299947652 0.14182463281945368 0.9612559075811999
vn 0.34698417094905437 0.6939683418981087 0.630880278304836
vn 0.18836423392614418 0.1805157328715654 0.9653667622014228
vn 0.30590351988685843 0.7294622557776049 0.6118070397737169
vn 0.23716343184955482 0.7984501465510696 0.5533813062129196
vn 0.856728695776044 -0.07073906505156927 0.5108932633236697
vn -0.05517801298530869 0.6779012576874485 0.7330793079256629
vn 0.32186825015582005 0.25906468188094706 0.9106515909740422
vn 0.8475607941265594 -0.21189019853163985 0.4865626825248502
vn 0.5537447756106946 -0.20567662370340847 0.806885276818104
vn 0.9289898772491919 -0.33853020091895114 0.14958312416280795
vn 0.95025527036355 -0.25916051744376006 0.17277368822994746
vn 0.87182932658316 -0.4712590873956745 0.13352339816133302
vn 0.2282262123188402 0.8184664227577 0.527281244525926
vn 0.14964342156483662 0.8506046900931518 0.5040620076676104
vn 0.12610549870497192 0.7014618318897936 0.7014618318897936
vn 0.5130211440901067 0.7261222218742281 0.45777267788380743
vn 0.6708528743160558 0.7103148431609076 0.21309444996804017
vn 0.2368749126856141 0.6948331129739221 0.6790413984840332
vn 0.14150436330054963 0.5581560773337594 0.8175807657365091
vn 0.23612534805312652 0.5588299342646892 0.7949552972189777
vn 0.39389619273228027 0.6459897763465189 0.6538677222548831
vn 0.1736325189914801 0.4498660604179375 0.8760549503499868
vn 0.22861591821307023 0.5124150106792538 0.8277473157734642
vn 0.267617009326343 0.5667183271110532 0.7792377519317666
vn 0.20515733482841692 0.5681280178951502 0.7969573534691984
vn 0.2282262123188402 0.527281244525926 0.8184664227577
vn 0.21206658729281772 0.4712590828729283 0.856120692054423
vn 0.24411719269634413 0.5433576200497402 0.803224310491122
vn 0.31477527088522944 0.6138118154791019 0.7239831379371895
vn 0.2443825357573615 0.8592805597169878 0.44934852387569063
vn 0.27509636033732104 0.7938495378451691 0.5423328348829436
vn 0.047366126885087734 -0.3394572401929353 0.9394281410009505
vn 0.13395380259383308 0.16547235314600678 0.977074858501116
vn -0.03944596717718382 -0.48124080179681666 0.8757004661180748
vn 0.2204109604923432 -0.11807730186030829 0.9682338350213923
vn 0.0784609404893121 0.4707656429358726 0.8787625334802954
vn -0.07881103618132773 -0.3152441447253109 0.9457324937805788
vn -0.21206004936861478 -0.2277681978623282 0.9503431924859187
vn 0.16592108559286672 -0.41875322808293763 0.8928134896638849
vn 0.06311943526357022 -0.3155971837684319 0.9467916109099417
vn -0.03946685160806127 -0.1578674064322451 0.9866712976521126
vn -0.38610215670384157 0.03151854393657954 0.9219174073509839
vn -0.512033271642912 0.1654261311644188 0.8428855935763929
vn 0.354759892826131 -0.4493625130317048 0.8198894744560533
vn -0.18096216189748893 0 0.9834900589031833
vn -0.7012875893684624 0.16547234869675273 0.6934079742940307
vn 0.37097685383002066 -0.3078318390447535 0.8761368231005388
vn 0.3076498283851283 -0.19721142998032942 0.9308379208969275
vn -0.25912056058716043 0.00785213822783282 0.9658130662846962
vn 0.7075436647926631 -0.2515710867756335 0.6603740990607477
vn 0.6064496629477321 -0.4410542705233039 0.6615813908837962
vn 0.496988258074085 -0.5206543400565765 0.6942058264785288
vn 0.2997706989113472 -0.47332214833309455 0.8283137521323345
vn 0.20469902418555788 -0.07085735337952687 0.976256905209653
vn 0.6531991530513104 0.46432228090086214 0.5981100951430861
vn 0.2985101440027333 -0.5420315498186153 0.7855529854368178
vn 0.24396595728610154 -0.5981100888304425 0.7633773204154788
vn 0.1490849691622442 -0.12554523248362845 0.9808221380915729
vn 0 0.4628340660771867 0.8864449375333238
vn 0.21273036079778201 -0.5987965998330299 0.7721323886635295
vn -0.03947546227325187 0.4500202416028658 0.8921454309842154
vn 0.0706104976108887 -0.04707366507392579 0.9963926072004201
vn 0.16586933265976064 -0.5686948037437719 0.8056510315749855
vn -0.07068014234517413 0.4554942606030075 0.8874284737576237
vn 0.06312533559708097 -0.08679733551466375 0.9942240263407994
vn 0.14984806393042513 -0.5520717736983909 0.8202208936754878
vn -0.07848752251117887 0.4552276246043724 0.8869089686135311
vn 0.03928007304447631 -0.054992102262266834 0.9977138590549883
vn 0.03144541253141013 -0.04716812065976049 0.9983918841938548
vn -0.07848993651927436 0.43954366238932974 0.894785280790076
vn 0.12579719758588123 -0.4717395319252481 0.872718098298922
vn -0.07876702462704759 0.44897202025760347 0.890067346248141
vn 0.031471682215413584 0.023603760730237573 0.9992258982321873
vn 0.11847440087798826 -0.36332148112466955 0.9241002746942445
vn 0.1026617928255828 -0.27639713051856424 0.9555444429930723
vn 0.11027725054574873 -0.3072009090414798 0.945233584621367
vn 0.0862884454622484 -0.00784440438692874 0.9962393133677886
vn 0.13369258462193023 0.8021555375339054 0.5819560004165257
vn 0.03933473201042939 0.0157338935492298 0.9991022087111254
vn -0.12654648418811396 0.7830063513561815 0.6090049598119112
vn -0.19667365973329073 0.7709607413861281 0.6057549065492291
vn 0.023612532557860777 0.015741688992788896 0.9995972426601918
vn -0.22826154495290718 0.7556244719443419 0.6139448871800681
vn 0.031471682215413584 -0.023603760730237573 0.9992258982321873
vn 0.11776030116419192 -0.3140274598370709 0.9420824093135354
vn 0.1260350586890548 -0.34659640394432045 0.929508524304168
vn -0.19683818271714343 0.7164910345622566 0.6692498242185199
vn 0.015714938742552618 0.06285975497021047 0.9978986380917668
vn -0.15773478865996265 0.7176933018138758 0.6782595822971423
vn 0.3225847185266966 -0.41699977844828956 0.8497354200850576
vn 0.22765588050151198 -0.27475709047716695 0.9341741493456149
vn -0.11807364488985478 0.7477997236502858 0.6533407898570093
vn 0.21222376707156063 -0.282965002893866 0.9353565522447738
vn -0.007897307451189965 0.6870657454595591 0.7265523339382524
vn 0.4402766148396556 -0.5424836409060544 0.7154495102903102
vn 0.2525957052988987 -0.19734039383344198 0.9472339619260988
vn 0.36135436572428625 -0.7227087314485725 0.5891647578224566
vn 0.38691982162065136 -0.6238095089353833 0.6790837563944812
vn 0.5655457593521409 -0.6283842499080509 0.5341266034811472
vn 0.49567897599499944 -0.7238486945792547 0.4799431425830121
vn 0.44050812559463814 -0.7866216273027204 0.432641892036264
vn 0.34670399256494583 -0.7958432123116129 0.496417085682049
vn 0.40161213715921373 -0.8268485755323018 0.3937373800220299
vn 0.32249492328132034 -0.8573645332391107 0.4011521925671816
vn 0.33090360046147527 -0.874530999423928 0.35453961449775684
vn 0.38629407519651804 -0.3547598795734503 0.8514236990553515
vn 0.4479034251898228 0.1964488646845418 0.8722329764847115
vn 0.5042497268436021 -0.6145543750797358 0.6066754758917721
vn 0.6210277616948741 -0.5581388419915995 0.5502777046769486
vn 0.6911160694079328 -0.2356077549984758 0.6832624418118617
vn 0.7201837637488617 -0.30073608371981564 0.6252144867014774
vn 0.16475782637190312 0.9179364910172126 0.36089812566458784
vn 0.2197109128275367 0.9730055179255969 0.07062136270868523
vn 0.36068727817516877 0.9252412127137629 -0.11761541420474445
vn 0.29176399881412773 0.922605062027265 0.2523364193247903
vn 0.00786986955393876 0.5745004988579463 0.818466396356732
vn 0.38476665147078026 0.910876175181417 -0.14919523250706093
vn 0.10223551146979852 0.8178840917583882 0.5662274389704771
vn -0.023632307059053018 0.8586404488340657 0.5120332935357829
vn 0.01572124978298654 0.5974074992040688 0.8017837128552823
vn 0.32231547903155683 0.9276397077034098 -0.1886724798919828
vn 0.2988699754134561 0.9516649742574643 0.0707849882948343
vn -0.023668317643548886 0.9151749215650942 0.4023613720006532
vn 0.023589164025177484 0.6369073988774696 0.7705793382875828
vn 0 0.9262953924922727 0.3767981500055256
vn -0.07893616513214281 0.9314467083261511 -0.35521276917167416
vn -0.03137182215430747 0.9489977198193209 -0.3137182438948175
vn 0.0236653704378387 0.6705188160335805 0.741514981363806
vn 0.02352814456829042 0.9411258274350983 0.3372367170813036
vn 0.015789692148261987 0.9631712378077865 -0.2684247609325187
vn 0.04724848678573633 0.9685940219484335 -0.24411718731423987
vn 0.03939817998560361 0.9455563196544866 0.3230650550203231
vn 0.015787231512009472 0.6788509792307953 0.7341063351576367
vn 0.047366126885087734 0.9394281410009505 0.3394572401929353
vn -0.015787231512009472 0.6788509792307953 0.7341063351576367
vn 0.023685276190100402 0.9079356071553968 0.4184398892925478
vn -0.07053022224046154 0.6974655980997837 0.7131389957210462
vn 0.9866712976521126 -0.1578674064322451 0.03946685160806127
vn 0.9604810588152525 -0.24405665979874816 0.13383752263475993
vn 0.9729755623574683 -0.22755073251233401 0.03923288401671164
vn 0.977074858501116 -0.16547235314600678 0.13395380259383308
vn 0.8645084984046771 -0.22791586520214355 0.44797256006953023
vn 0.9943788200435582 0.0947027444112636 0.0473513722056318
vn 0.8827384808581457 -0.18127665125471482 0.4334876585580376
vn 0.7603459341686596 -0.1959654381943337 0.6192508437026881
vn 0.7603459341686596 -0.1959654381943337 0.6192508437026881
vn 0.99016344003684 0.08644284780858677 0.11001816248762034
vn 0.9123964169127601 0.40900527492520766 0.01573097225578839
vn 0.9817897770393254 0.09425181811893804 0.16494068170814158
vn 0.9147195437379102 0.4021611905305197 0.03942756821038493
vn 0.8009921997918096 0.5968177829401795 -0.047117192605742465
vn 0.9237545855382667 0.3789762310508819 0.05526736827001706
vn 0.8105212322140906 0.5823162702233488 -0.06295310606570824
vn 0.7621745470697404 0.6443125104677294 -0.06285975384781652
vn 0.8258249864738545 0.5584149624705868 -0.07864999303516317
vn 0.7635428618324107 0.6375976561122708 -0.10233047964761371
vn 0.7323515897246148 0.6772283255110395 -0.07087273208606598
vn 0.7636848200476876 0.6298431843512424 -0.14171470902844885
vn 0.7336265064232634 0.6705188352158121 -0.11043840226129746
vn 0.7012875893684624 -0.6934079742940307 0.16547234869675273
vn 0.6935371568684471 -0.7092993676883959 0.1260976567572656
vn 0.19682598120914024 -0.8502882722020869 0.488128453664247
vn -0.4814805909081613 -0.8761368202924715 0.023679373018000518
vn -0.9848322051564395 -0.1733304775250676 0.007878657730658488
vn -0.9743262323498003 -0.19643672597262576 0.11000457101501895
vn -0.6409624100191097 -0.7675722695241763 0
vn 0.4023613824877425 -0.717938947314196 0.5680395988062247
vn 0.5990011128212277 -0.7960409564864108 0.08669753419291283
vn -0.6787029949959569 -0.34724342120479884 0.6471354193779728
vn -0.007856499830377167 -0.9899189413746181 0.141416989496208
vn 0.3861860830676023 -0.9221178169430964 0.023644046206203445
vn 0.39295840973238916 -0.9195226597003039 -0.007859167784865843
vn -0.015738276575943105 -0.8183903595972999 0.5744471481073093
vn 0.2827031197452226 -0.9580495375203053 0.047117191591257816
vn 0.3138727428694953 -0.9494650605912678 0
vn 0.3228146499682792 -0.9054556673699089 0.27557346786940573
vn 0.17380582921550622 -0.924330950028503 0.3397113900800435
vn 0.26021383830172806 -0.8279531760551725 0.4967718758307827
vn 0.3471893587754932 -0.8048480061481593 0.4813306931335197
vn 0.11001815814601093 -0.832994652571871 0.5422323428797174
vn 0.3607427181160055 -0.6901165223624691 0.627378575414086
vn 0.25177345114443783 -0.8576033440377708 0.4484714412245803
vn 0.17277369267805545 -0.7774815723477649 0.6047079094720326
vn -0.039334733649667775 -0.3697465119530966 0.9282996798594882
vn 0.031503874475169565 -0.21265116108929766 0.976620186961352
vn 0.3312533466819541 -0.5836368815564594 0.7413765647759958
vn -0.2042752847854999 -0.3142696987030921 0.9270955530595918
vn -0.047220678478371296 -0.17314249768813583 0.9837641399331226
vn 0.42614908097293297 -0.710248488156437 0.5603070995957663
vn 0.38513493518298403 -0.7466901536955367 0.5423328277688291
vn 0.46432227186196895 -0.8814253862101805 0.0865685647170713
vn 0.015759760292979423 -0.11819820685395847 0.9928649524744122
vn 0.2906008168734493 -0.7775535265686832 0.5576393803822398
vn 0.34753573757698564 -0.9320276395457884 0.10268101202036754
vn 0.031536169948425764 -0.1103765929568452 0.9933893887656658
vn 0.25983447042576724 -0.51179516811735 0.8188722451459047
vn 0.02356368105934851 -0.1413820826308008 0.9896746231190889
vn 0.023695618019100723 -0.09478247207640289 0.9952159568022303
vn 0.18062702904227268 -0.4554942445585727 0.8717217844893963
vn 0.13383751966727322 -0.7715339579423907 0.621950858244493
vn 0.15795600019101635 -0.9793272369470873 0.12636480909350958
vn 0.007847543557351696 -0.14910332386439204 0.9887904807757333
vn 0.03160993883416028 -0.08692733551923122 0.9957130360231443
vn 0.13400373592331102 -0.4177763689503765 0.8986133230178787
vn 0.03950132085792271 -0.08690290961272029 0.9954333377737169
vn 0.09465265033686693 -0.4101614549907684 0.9070878990616414
vn -0.02367716011278539 -0.10260102529275827 0.9944407582645979
vn -0.039251014506480976 -0.6986680611955935 0.7143684610377214
vn -0.0948564723993262 -0.9801835580604782 0.17390354266620564
vn 0.015755848398357784 -0.17331434169516105 0.9847405202407489
vn 0.023606683894407357 -0.42492031754991294 0.9049228962783463
vn -0.07082662558732512 -0.1652621313374794 0.9837032159415289
vn -0.22023362378664132 -0.5977769618195562 0.7708176534509216
vn -0.40271245949434764 -0.9001808058355169 0.16582277217961572
vn -0.06279775010150232 -0.13344522269098244 0.9890646162527217
vn -0.12653461762995163 -0.5773141687222662 0.8066581315115843
vn -0.1022323399838062 -0.9751393369143948 0.19660066699680778
vn 0.14189070970038073 0.29166428296550795 0.9459381441420673
vn 0.023632307059053018 -0.5120332935357829 0.8586404488340657
vn 0.1179348843630109 -0.9749283336908167 0.1886958060401206
vn 0.07893616536008474 -0.1420850857272227 0.9867020371987347
vn 0.007861353284859391 -0.597462890627511 0.8018580257424313
vn -0.2999854658697895 -0.9394281427691052 0.16578143695925385
vn 0.09431292836883942 -0.6759093323943178 0.7309251985837961
vn -0.4473650772145035 -0.8790331519526905 0.16481870481525854
vn 0.3076976917605876 -0.09467621227629003 0.9467621376640604
vn 0.46307636593880314 0.34534509707044214 0.8162702023462075
vn 0.6367696413858338 0.03144541250378298 0.7704126231064906
vn 0.25246989645381684 -0.7889684413193389 0.5601676088339381
vn -0.47338107951745617 -0.875754970285205 0.09467621441337519
vn -0.49623223246172243 -0.866437240743427 0.05513691430404802
vn 0.38682333779760425 -0.781541072002557 0.48944995465135616
vn 0.8634691128893384 0.18054353718013885 0.4709831443571871
vn 0.9063832647932838 0.1024607176671275 0.40984287066851
vn 0.8535482709021361 0.4820967218105718 0.19758061660869883
vn 0.8282880002944447 0.4575304883358495 0.3234267162919428
vn 0.8273617937245292 -0.31518543955175904 0.46489848459582406
vn 0.7147209069812227 0.40055784703816283 0.5733475702399812
vn 0.8083965784105361 -0.16481872189550972 0.5650927011799644
vn 0.2826159951857953 -0.8399976066462115 0.4631762300612794
vn 0.3787520064969887 -0.7180506839509283 0.583909353283632
vn 0.605380357476605 -0.3144832855553508 0.7311736359359584
vn 0.1420496888576333 -0.5760904702110553 0.8049482318928681
vn 0.21322730583310803 -0.3395842079400679 0.916087704188235
vn -0.05500907999897927 -0.4715064021199883 0.8801452799836683
vn -0.023650657614643404 -0.32322565034150286 0.9460263343880588
vn 0.9946886247052724 -0.10262660011531026 -0.00789435435650522
vn 0.9905305308396973 0.1257816530541181 -0.05502947600514467
vn 0.9929574388619773 0.11820922352440445 -0.007880614342833403
vn 0.9969757683086902 -0.05495142129780079 -0.05495142129780079
vn 0.8563320262763653 0.11784386120167538 -0.5028004426713392
vn 0.5121763073172851 -0.8588803352172119 0
vn 0.8247034382832792 -0.25919248022391594 -0.5026763343137532
vn 0.5677746321830499 0.07097182902288124 -0.820118873416866
vn 0.511161747338726 -0.7234904804923069 -0.46397757779296966
vn 0.14910792659371916 0 -0.9888209272800217
vn 0.41557445011956223 -0.9095591659742777 0
vn 0.06283648149835927 -0.031418240749179635 -0.9975291829020007
vn 0.38666672971005744 -0.8443539405920528 -0.37088443367442814
vn 0.007869869645248311 -0.031479478580993245 -0.9994734151442125
vn 0.09427799438616846 -0.9113539482164885 -0.40068147055328085
vn 0 -0.047191456519273395 -0.9988858625646824
vn 0.10262979663117129 -0.9947196212217011 0
vn -0.007861839405357616 -0.05503287397485821 -0.9984535914419015
vn -0.10268101202036754 -0.9320276395457884 -0.34753573757698564
vn -0.11043152280385991 -0.9938837350370618 0
vn -0.01572853961776827 -0.047185618853304814 -0.9987622992558955
vn -0.20398588275013907 -0.870862836927918 -0.4471998198753049
vn -0.01572853961776827 -0.047185618853304814 -0.9987622992558955
vn -0.2052148272610252 -0.9787169532976465 0
vn -0.12639240018793602 -0.09479430014095203 -0.9874406320561859
vn -0.44986604063078495 -0.7418843843062505 -0.4972203795197021
vn -0.29038592595323376 -0.1177240288679037 -0.9496404935739589
vn -0.30676345863082066 -0.951753282499799 0.007865729445801864
vn -0.7651089142038303 -0.3312842721294935 -0.5521404535491559
vn -0.7945861827256153 -0.5192345387873116 -0.3146876101022455
vn -0.8495776563307482 -0.503453403897981 -0.15732919616870011
vn -0.8707556522187346 -0.4079215412986797 -0.2745625798859626
vn -0.8861450568869027 -0.42346754878131065 -0.18820779283562242
vn 0.10224499393718957 0.08651500060114539 -0.9909899676009682
vn 0.10260102529275827 0.02367716011278539 -0.9944407582645979
vn 0.11042809070983117 -0.00788772076498794 -0.9938528163884806
vn 0.08686767865258822 0.1342500386668451 -0.9871326828362342
vn 0.05515745322742169 0.40186143483114206 -0.9140377686665474
vn 0.07087273115046983 0.10237171863368986 -0.9922182659088966
vn 0.0393871794858863 0.3859943328846524 -0.9216599291892204
vn 0.023679373018000518 0.4814805909081613 -0.8761368202924715
vn 0.04722653099485391 0.21251938388890695 -0.9760149416077972
vn 0.023528145582789286 0.33723672851804254 -0.9411258233115715
vn 0.03923167806058972 0.2589290588086158 -0.965099278800391
vn 0.023606683894407357 0.42492031754991294 -0.9049228962783463
vn 0.01576955505167179 0.3232758711086916 -0.946173362704948
vn 0.01574412774311998 0.4565796970998986 -0.8895431988598268
vn 0.015734379024472573 0.5271017187402489 -0.8496565232008695
vn 0.015765147023691445 0.3862460946298591 -0.9222610338307174
vn 0 0.34680090080686643 -0.9379387694298311
vn 0.007857469413251083 0.5028780424480693 -0.8643216615346497
vn 0 0.5974813262929981 -0.8018828248136756
vn 0.007866216972637705 0.4090432602254184 -0.9124810868695856
vn -0.00785989687298164 0.3536953630094641 -0.9353276496537187
vn -0.007854317879638861 0.5655108500810923 -0.8247034546618596
vn -0.007885513205996553 0.6623831055784201 -0.7491237815780284
vn -0.02361253283410736 0.3699297021776604 -0.9287596372258572
vn 0 0.40247412380302255 -0.915431362620371
vn -0.007895092451190501 0.6237122989874367 -0.7816141219342148
vn -0.007856014390247435 0.7148973281389663 -0.6991853068090513
vn -0.023715600885412472 0.37944961416659956 -0.9249084065914108
vn -0.03151854393657954 0.38610215670384157 -0.9219174073509839
vn -0.015769555151723097 0.6623213461746906 -0.7490539069597477
vn -0.007879635713583725 0.7564450583063579 -0.6540097744719967
vn -0.0393871794858863 0.3859943328846524 -0.9216599291892204
vn -0.01571154391127708 0.7070195002218552 -0.7070195002218552
vn -0.007895092451190501 0.7816141219342148 -0.6237122989874367
vn -0.015702825811753824 0.7301813723068743 -0.6830728985969032
vn -0.007861353284859391 0.8018580257424313 -0.597462890627511
vn -0.03138437749466865 0.37661252993602384 -0.9258390913892434
vn -0.007894354541307103 0.7341749360199816 -0.6789144588874446
vn -0.007869869553938758 0.8184663963567318 -0.5745004988579462
vn -0.007890421548830621 0.7416996032383376 -0.6706857981229916
vn -0.007881594123729919 0.3467901451694068 0.9379096308746652
vn -0.007885513205996553 0.7491237815780284 0.6623831055784201
vn -0.007905447034557606 0.31621786648114464 0.9486536590480725
vn -0.01572902558431621 0.33030955217180213 0.9437415946636195
vn 0 0.8184917522238843 0.5745182778132265
vn 0 0.840412065991127 0.5419479304661341
vn 0 0.840412065991127 0.5419479304661341
vn 0 0.840412065991127 0.5419479304661341
vn -0.007872063339441628 0.8344387661348746 0.5510444412114942
vn 0 0.7777934695984519 0.6285199429214654
vn 0 0.8283910917151089 0.5601501576961753
vn -0.007890421548830621 0.7416996032383376 0.6706857981229916
vn -0.02357386426944694 0.35360798453079917 0.9350966079499337
vn -0.007869869553938758 0.8184663963567318 0.5745004988579462
vn 0.007852138249538272 0.7302489223996338 0.6831360444736345
vn 0 0.4566362928386194 0.8896534696513035
vn 0.007905447928571403 0.8221665100656194 0.5691921763513345
vn -0.007894354541307103 0.7341749360199816 0.6789144588874446
vn -0.007861353284859391 0.8018580257424313 0.597462890627511
vn -0.03138437749466865 0.37661252993602384 0.9258390913892434
vn -0.015702825811753824 0.7301813723068743 0.6830728985969032
vn -0.007895092451190501 0.7816141219342148 0.6237122989874367
vn -0.0393871794858863 0.3859943328846524 0.9216599291892204
vn -0.01571154391127708 0.7070195002218552 0.7070195002218552
vn -0.007879635713583725 0.7564450583063579 0.6540097744719967
vn -0.015769555151723097 0.6623213461746906 0.7490539069597477
vn -0.03151854393657954 0.38610215670384157 0.9219174073509839
vn -0.007856014390247435 0.7148973281389663 0.6991853068090513
vn -0.007895092451190501 0.6237122989874367 0.7816141219342148
vn -0.023715600885412472 0.37944961416659956 0.9249084065914108
vn -0.007885513205996553 0.6623831055784201 0.7491237815780284
vn -0.02361253283410736 0.3699297021776604 0.9287596372258572
vn -0.007854317879638861 0.5655108500810923 0.8247034546618596
vn 0 0.5974813262929981 0.8018828248136756
vn -0.00785989687298164 0.3536953630094641 0.9353276496537187
vn 0 0.40247412380302255 0.915431362620371
vn 0.007857469413251083 0.5028780424480693 0.8643216615346497
vn 0.015734379024472573 0.5271017187402489 0.8496565232008695
vn 0.007866216972637705 0.4090432602254184 0.9124810868695856
vn 0 0.34680090080686643 0.9379387694298311
vn 0.015765147023691445 0.3862460946298591 0.9222610338307174
vn 0.01574412774311998 0.4565796970998986 0.8895431988598268
vn 0.023679373018000518 0.4814805909081613 0.8761368202924715
vn 0.01576955505167179 0.3232758711086916 0.946173362704948
vn 0.0393871794858863 0.3859943328846524 0.9216599291892204
vn 0.05515745322742169 0.40186143483114206 0.9140377686665474
vn 0.023528145582789286 0.33723672851804254 0.9411258233115715
vn 0.023606683894407357 0.42492031754991294 0.9049228962783463
vn 0.03923167806058972 0.2589290588086158 0.965099278800391
vn 0.07087273115046983 0.10237171863368986 0.9922182659088966
vn 0.04722653099485391 0.21251938388890695 0.9760149416077972
vn 0.08686767865258822 0.1342500386668451 0.9871326828362342
vn 0.10260102529275827 0.02367716011278539 0.9944407582645979
vn 0.10224499393718957 0.08651500060114539 0.9909899676009682
vn 0.11042809070983117 -0.00788772076498794 0.9938528163884806
vn 0.18145144457901274 0.3392353165569701 -0.9230356294643679
vn -0.13381678714697026 -0.11807364404503402 -0.9839469914886622
vn -0.1737895525107889 -0.23698575206915198 -0.9558425313587581
vn 0.32984066365989073 0.3219873343933466 -0.8874284720960164
vn -0.09445306130839576 -0.08658197721220155 -0.9917571176611227
vn 0.345931642107161 0.07075873752588495 -0.935587783189149
vn -0.09462027778756238 -0.06308018270818144 -0.9935129055935343
vn 0.2827990389801258 -0.03927764678632189 -0.9583746501315893
vn 0.2119620191130209 0.08635489833135979 -0.9734551525302602
vn 0.17310496884763463 0.22031540812373454 -0.9599457227903729
vn 0.17314249768813583 -0.047220678478371296 -0.9837641399331226
vn 0.08679733551466375 -0.06312533559708097 -0.9942240263407994
vn 0.16529284966312924 0.14167957478185242 -0.9760149445269142
vn 0.14970842872188006 0.08667330828956347 -0.9849239178737452
vn 0.33874022144577315 0.40176164690458704 -0.8507894225079331
vn 0.4716958096462264 0.4559725812219762 -0.7547132358293176
vn 0.6300775407918174 0.5040620087915982 -0.5906977093934886
vn 0.5650927133402801 0.4630621135172081 -0.682820404172793
vn 0.6693743380899173 0.39374961940651665 -0.6299993910504266
vn 0.15781333344848864 0.04734400152466278 -0.9863333601300873
vn 0.5992989956225752 0.3548481059830708 -0.7175817274192536
vn 0.7164910389334854 0.2440793647476581 -0.6535027580908855
vn -0.03145610854402903 -0.03932013288606861 -0.9987314155392771
vn 0.6371438064890971 0.18878334951894873 -0.7472674332506338
vn 0.756093072969508 0.03150387555686954 -0.653705415942398
vn 0.1884106699089181 0.03925222165592784 -0.9813056010028408
vn -0.023612532557860777 0.015741688992788896 -0.9995972426601918
vn -0.023614728076609554 0.007871576335977366 -0.9996901434463855
vn 0.6623831055784201 0.007885513205996553 -0.7491237815780284
vn 0.6934079742940307 -0.16547234869675273 -0.7012875893684624
vn 0.5062017633425782 -0.11864103828341677 -0.8542154756406006
vn 0.18846294084983053 0.031410492625165265 -0.9815778628714472
vn -0.13381678714697026 -0.11807364404503402 0.9839469914886622
vn 0.18145144457901274 0.3392353165569701 0.9230356294643679
vn -0.1737895525107889 -0.23698575206915198 0.9558425313587581
vn 0.32984066365989073 0.3219873343933466 0.8874284720960164
vn -0.09445306130839576 -0.08658197721220155 0.9917571176611227
vn 0.345931642107161 0.07075873752588495 0.935587783189149
vn -0.09462027778756238 -0.06308018270818144 0.9935129055935343
vn 0.2827990389801258 -0.03927764678632189 0.9583746501315893
vn 0.2119620191130209 0.08635489833135979 0.9734551525302602
vn 0.17310496884763463 0.22031540812373454 0.9599457227903729
vn 0.17314249768813583 -0.047220678478371296 0.9837641399331226
vn 0.08679733551466375 -0.06312533559708097 0.9942240263407994
vn 0.16529284966312924 0.14167957478185242 0.9760149445269142
vn 0.14970842872188006 0.08667330828956347 0.9849239178737452
vn 0.33874022144577315 0.40176164690458704 0.8507894225079331
vn 0.4716958096462264 0.4559725812219762 0.7547132358293176
vn 0.5650927133402801 0.4630621135172081 0.682820404172793
vn 0.6300775407918174 0.5040620087915982 0.5906977093934886
vn 0.6693743380899173 0.39374961940651665 0.6299993910504266
vn 0.15781333344848864 0.04734400152466278 0.9863333601300873
vn 0.5992989956225752 0.3548481059830708 0.7175817274192536
vn 0.7164910389334854 0.2440793647476581 0.6535027580908855
vn -0.03145610854402903 -0.03932013288606861 0.9987314155392771
vn 0.6371438064890971 0.18878334951894873 0.7472674332506338
vn 0.756093072969508 0.03150387555686954 0.653705415942398
vn 0.1884106699089181 0.03925222165592784 0.9813056010028408
vn -0.023612532557860777 0.015741688992788896 0.9995972426601918
vn -0.023614728076609554 0.007871576335977366 0.9996901434463855
vn 0.6623831055784201 0.007885513205996553 0.7491237815780284
vn 0.6934079742940307 -0.16547234869675273 0.7012875893684624
vn 0.5062017633425782 -0.11864103828341677 0.8542154756406006
vn 0.18846294084983053 0.031410492625165265 0.9815778628714472
vn 0.08687309532795762 0.4264679360655742 -0.9003211453787525
vn 0.07898539341977852 0.41072403684215236 -0.9083320280527429
vn 0.10217864924695788 0.44801408549113303 -0.8881682852025348
vn 0.09451163321164562 0.5040620040590176 -0.8584806621302977
vn 0.10269062119863685 0.560848785912455 -0.8215249695890948
vn 0.06279775167342819 0.6358272692210712 -0.7692724654500754
vn 0.0711045923904042 0.6478419195964121 -0.7584490649705031
vn 0.05491420819288803 0.7060398111078965 -0.7060398111078965
vn 0.031410492830990025 0.777409669627326 -0.6282098268174783
vn 0.0943916775033089 0.4483604551022018 -0.8888549451505898
vn 0.047349896322147866 0.70235681593429 -0.7102484709092501
vn 0.007905447928571403 0.8221665100656194 -0.5691921763513345
vn 0.06307822087369586 0.4336627759572392 -0.898864692153647
vn 0.007848752161250092 0.7377826975695729 -0.6749926579278291
vn 0 0.8344646387118452 -0.5510614908878225
vn 0 0.7491470618962 -0.6624037134952454
vn 0 0.840412065991127 -0.5419479304661341
vn 0.02361033984556923 0.5509078800594087 -0.8342320178108874
vn 0.007895092451190501 0.6237122989874367 -0.7816141219342148
vn 0 0.6285199429214654 -0.7777934695984519
vn 0 0.7564685362784963 -0.6540300861739231
vn 0 0.840412065991127 -0.5419479304661341
vn 0 0.7564685362784963 -0.6540300861739231
vn 0 0.6323764994019281 -0.7746611923958521
vn -0.007897061351588637 0.41854426560403646 -0.9081620638145964
vn -0.007885513205996553 0.7491237815780284 -0.6623831055784201
vn -0.007872063339441628 0.8344387661348746 -0.5510444412114942
vn -0.015761718585262582 0.3467578386781 -0.9378222483725429
vn -0.02357386426944694 0.35360798453079917 -0.9350966079499337
vn 0.07898539341977852 0.41072403684215236 0.9083320280527429
vn 0.08687309532795762 0.4264679360655742 0.9003211453787525
vn 0.10217864924695788 0.44801408549113303 0.8881682852025348
vn 0.09451163321164562 0.5040620040590176 0.8584806621302977
vn 0.10269062119863685 0.560848785912455 0.8215249695890948
vn 0.06279775167342819 0.6358272692210712 0.7692724654500754
vn 0.0711045923904042 0.6478419195964121 0.7584490649705031
vn 0.05491420819288803 0.7060398111078965 0.7060398111078965
vn 0.031410492830990025 0.777409669627326 0.6282098268174783
vn 0.0943916775033089 0.4483604551022018 0.8888549451505898
vn 0.055219201161480325 0.4338651429359258 0.8992840916908721
vn 0.007907176997081633 0.3795445107610789 0.9251396872381327
vn 0.047349896322147866 0.70235681593429 0.7102484709092501
vn -0.7952262905103314 -0.6062616221074625 0.00787352785011954
vn -0.7247015617779973 -0.6774384177404027 -0.12603506070102594
vn -0.7302489223996338 -0.6831360444736345 0.007852138249538272
vn -0.7315128768313525 -0.5270038646219423 -0.4326151149734094
vn -0.4325749627073325 -0.36178998073069724 -0.8258249884095488
vn -0.0711045949686462 -0.06320408855578592 -0.9954644040668541
vn -0.7509940270504004 -0.34782880782297704 -0.5612691794344928
vn -0.9005458434116718 -0.434473904760832 0.015799050472619067
vn -0.963021189866133 -0.2683829452701659 0.023680847892938728
vn -0.8493411657215177 -0.22019955817198725 -0.4797204798543364
vn -0.9961473716190404 -0.07843679757092378 0.03921839878546189
vn -0.25193726367646346 0.11809559607363246 -0.9605108252170974
vn -0.9415023152316313 -0.07061266470167524 -0.3295257835089796
vn -0.9984535914419015 -0.007861839405357616 0.05503287397485821
vn -0.709101220610844 0.6697066653068894 -0.22060925042195545
vn -0.32231547509284564 0.07861353214594356 -0.943362415553647
vn -0.14125577737048936 0.1334082300440286 -0.9809429389704472
vn 0.2604163152555803 0.6944435669528626 -0.6707693158355496
vn 0.4184398892925478 0.9079356071553968 0.023685276190100402
vn 0.3631629273570326 0.9315918493587388 0.015789692898706877
vn 0.09432167117107378 0.6209510273323848 -0.7781537405952321
vn 0.2202540512602376 0.9754108239830414 0.007866216382529207
vn 0.007839100240531619 0.6584843829517538 -0.752553563486392
vn -0.007871576335977364 0.9996901434463853 0.02361472807660955
vn 0.2433038153871777 -0.09418211679785042 -0.9653667605079006
vn -0.0553588943306511 0.6484898784069804 -0.7592076596177014
vn -0.10261700978863553 0.994595652822141 0.01578723184533348
vn -0.055034575037905153 0.9984844493282794 0
vn 0.09466442395569763 0.055220915836801936 -0.9939765074141748
vn 0.6852943563076354 -0.45686290420509024 -0.5671401343355926
vn 0.6371438064890971 -0.18878334951894873 -0.7472674332506338
vn 0.4716958142878738 -0.6760972791750277 -0.5660349175408034
vn 0.8909799074764585 -0.15769555488933057 -0.4257780131023531
vn 0.9957130360231443 0.03160993883416028 -0.08692733551923122
vn 0.9928649524744122 -0.11819820685395847 0.015759760292979423
vn 0.9994734151442125 0.031479478580993245 0.007869869645248311
vn 0.8435663877648667 -0.5360982010605284 0.03153519070816019
vn 0.5269060853054429 -0.8493411737835723 0.03145707844089691
vn 0.2683829452701659 -0.963021189866133 0.023680847892938728
vn 0.2675589799553074 -0.7554606703225087 -0.5980730455731483
vn -0.023612532557860777 -0.9995972426601918 0.015741688992788896
vn 0.00784440438692874 0.0862884454622484 -0.9962393133677886
vn 0.0392437599337343 -0.722085158938852 -0.6906901986755829
vn -0.1499740354528465 -0.6709364681201406 -0.7261900883628608
vn -0.369987008090414 -0.9289035129132953 0.015744127211232452
vn -0.007858197055622696 0.06286557644498157 -0.9979910661109523
vn -0.03147655342040058 0.645269332079696 -0.7633064362771977
vn -0.03160697676432522 -0.3160697527420924 -0.9482093178309166
vn 0.08671638895920923 0.6385479360981525 -0.7646808492375528
vn 0.14910332386439204 0.9887904807757333 -0.007847543557351696
vn 0.00785407618246341 0.07068667632894485 -0.9974676472331755
vn 0.25193726564197944 0.6140971073540663 -0.7479387387481753
vn 0.4090432602254184 0.9124810868695856 -0.007866216972637705
vn 0.6749926579278291 0.7377826975695729 -0.007848752161250092
vn 0.03924134425471404 0.07063441071778843 -0.9967301023464847
vn 0.5124149919118116 0.622781323537892 -0.5912480859304404
vn 0.7636611744638849 0.6455692292077827 -0.007872795977877774
vn 0.7988246686353672 0.023727465441894968 -0.6010957961617263
vn 0.07847543524315496 0.02354263057294649 -0.9966380238627779
vn -0.06304100057631878 -0.2679242449987744 -0.961375281140603
vn -0.023661688876407135 -0.16563182399749501 -0.9859037596838645
vn 0.34628498538063246 -0.5666481362211659 -0.7476607510208183
vn 0.7099611477673785 -0.7020726521580825 -0.05521919731889087
vn 0.5828217427525944 -0.8112248170767644 -0.04725581798677522
vn 0.2132605621719065 -0.6160860684966187 -0.7582597766112231
vn 0.39286134413397944 -0.919295567327231 -0.02357168169112007
vn -0.03924134425471404 -0.07063441071778843 -0.9967301023464847
vn -0.09437124020918237 -0.6920557863692737 -0.7156485573060197
vn 0.32322565034150286 -0.9460263343880588 -0.023650657614643404
vn -0.8729339671653716 -0.48758476392318745 -0.01572853963009445
vn -0.8927299033345558 -0.4503150707960488 -0.015800528669149418
vn -0.3932134875094088 -0.23592810442657355 -0.8886625246866057
vn -0.8083716448503715 -0.5886201563649676 -0.007848268776368171
vn -0.4257383193572964 -0.34689788212015765 -0.8357085274253063
vn -0.04735137220563179 -0.09470274441126358 -0.9943788200435579
vn -0.4505964124365072 -0.5691743968867533 -0.6877524111393211
vn -0.6409423266053137 -0.767548252865848 0.007912868528638276
vn 0.9928649524744122 -0.11819820685395847 -0.015759760292979423
vn 0.9957130360231443 0.03160993883416028 0.08692733551923122
vn 0.9994734151442125 0.031479478580993245 -0.007869869645248311
vn 0.8909799074764585 -0.15769555488933057 0.4257780131023531
vn 0.6371438064890971 -0.18878334951894873 0.7472674332506338
vn 0.6852943563076354 -0.45686290420509024 0.5671401343355926
vn 0.8435663877648667 -0.5360982010605284 -0.03153519070816019
vn 0.5269060853054429 -0.8493411737835723 -0.03145707844089691
vn -0.0711045949686462 -0.06320408855578592 0.9954644040668541
vn 0.4716958142878738 -0.6760972791750277 0.5660349175408034
vn 0.2683829452701659 -0.963021189866133 -0.023680847892938728
vn 0.2433038153871777 -0.09418211679785042 0.9653667605079006
vn 0.2675589799553074 -0.7554606703225087 0.5980730455731483
vn -0.023612532557860777 -0.9995972426601918 -0.015741688992788896
vn 0.09466442395569763 0.055220915836801936 0.9939765074141748
vn 0.0392437599337343 -0.722085158938852 0.6906901986755829
vn 0.007839100240531619 0.6584843829517538 0.752553563486392
vn 0.00784440438692874 0.0862884454622484 0.9962393133677886
vn -0.1499740354528465 -0.6709364681201406 0.7261900883628608
vn -0.369987008090414 -0.9289035129132953 -0.015744127211232452
vn -0.0553588943306511 0.6484898784069804 0.7592076596177014
vn -0.007858197055622696 0.06286557644498157 0.9979910661109523
vn -0.4505964124365072 -0.5691743968867533 0.6877524111393211
vn -0.6409423266053137 -0.767548252865848 -0.007912868528638276
vn -0.8083716448503715 -0.5886201563649676 0.007848268776368171
vn -0.03160697676432522 -0.3160697527420924 0.9482093178309166
vn -0.4257383193572964 -0.34689788212015765 0.8357085274253063
vn -0.04735137220563179 -0.09470274441126358 0.9943788200435579
vn -0.3932134875094088 -0.23592810442657355 0.8886625246866057
vn -0.8729339671653716 -0.48758476392318745 0.01572853963009445
vn -0.03924134425471404 -0.07063441071778843 0.9967301023464847
vn -0.09437124020918237 -0.6920557863692737 0.7156485573060197
vn -0.8927299033345558 -0.4503150707960488 0.015800528669149418
vn 0.39286134413397944 -0.919295567327231 0.02357168169112007
vn 0.32322565034150286 -0.9460263343880588 0.023650657614643404
vn 0.2132605621719065 -0.6160860684966187 0.7582597766112231
vn 0.5828217427525944 -0.8112248170767644 0.04725581798677522
vn -0.06304100057631878 -0.2679242449987744 0.961375281140603
vn -0.023661688876407135 -0.16563182399749501 0.9859037596838645
vn 0.34628498538063246 -0.5666481362211659 0.7476607510208183
vn 0.7099611477673785 -0.7020726521580825 0.05521919731889087
vn 0.7988246686353672 0.023727465441894968 0.6010957961617263
vn 0.07847543524315496 0.02354263057294649 0.9966380238627779
vn 0.03924134425471404 0.07063441071778843 0.9967301023464847
vn 0.00785407618246341 0.07068667632894485 0.9974676472331755
vn 0.5124149919118116 0.622781323537892 0.5912480859304404
vn 0.7636611744638849 0.6455692292077827 0.007872795977877774
vn 0.6749926579278291 0.7377826975695729 0.007848752161250092
vn 0.25193726564197944 0.6140971073540663 0.7479387387481753
vn 0.4090432602254184 0.9124810868695856 0.007866216972637705
vn 0.14910332386439204 0.9887904807757333 0.007847543557351696
vn 0.08671638895920923 0.6385479360981525 0.7646808492375528
vn -0.055034575037905153 0.9984844493282794 0
vn -0.03147655342040058 0.645269332079696 0.7633064362771977
vn -0.10261700978863553 0.994595652822141 -0.01578723184533348
vn -0.007871576335977364 0.9996901434463853 -0.02361472807660955
vn 0.2202540512602376 0.9754108239830414 -0.007866216382529207
vn 0.09432167117107378 0.6209510273323848 0.7781537405952321
vn 0.3631629273570326 0.9315918493587388 -0.015789692898706877
vn -0.25193726367646346 0.11809559607363246 0.9605108252170974
vn 0.2604163152555803 0.6944435669528626 0.6707693158355496
vn 0.4184398892925478 0.9079356071553968 -0.023685276190100402
vn -0.709101220610844 0.6697066653068894 0.22060925042195545
vn -0.14125577737048936 0.1334082300440286 0.9809429389704472
vn -0.32231547509284564 0.07861353214594356 0.943362415553647
vn -0.9415023152316313 -0.07061266470167524 0.3295257835089796
vn -0.9984535914419015 -0.007861839405357616 -0.05503287397485821
vn -0.9961473716190404 -0.07843679757092378 -0.03921839878546189
vn -0.8493411657215177 -0.22019955817198725 0.4797204798543364
vn -0.963021189866133 -0.2683829452701659 -0.023680847892938728
vn -0.7509940270504004 -0.34782880782297704 0.5612691794344928
vn -0.9005458434116718 -0.434473904760832 -0.015799050472619067
vn -0.7952262905103314 -0.6062616221074625 -0.00787352785011954
vn -0.7315128768313525 -0.5270038646219423 0.4326151149734094
vn -0.4325749627073325 -0.36178998073069724 0.8258249884095488
vn -0.7247015617779973 -0.6774384177404027 0.12603506070102594
vn -0.7302489223996338 -0.6831360444736345 -0.007852138249538272
vn -0.5844919404437148 -0.5371006424247114 -0.6081875298485684
vn -0.18060476044694382 -0.6674523567763728 -0.7224190417877753
vn -0.6056049824203923 -0.5426849509611356 -0.5820100078760725
vn -0.07881103973539365 -0.56743948013437 -0.8196348311294869
vn -0.031567582283414226 -0.36302721674835864 -0.9312436456957546
vn -0.5834554516345357 -0.4809565016107457 -0.6544162127547671
vn 0.11827167031032648 -0.5361649014331707 -0.8357864622456884
vn 0.0869762322559217 -0.6720889969902676 -0.7353444873983758
vn -0.1657814338389809 -0.3236685307155274 -0.931533788125124
vn -0.6056049824203923 -0.5426849509611356 -0.5820100078760725
vn -0.5901671116904414 -0.5901671116904414 -0.5508226216831732
vn 0.13378778586393675 -0.5587607202939168 -0.8184664231416269
vn 0.13384165789901944 -0.6928274932488099 -0.708573549611762
vn 0.28287761174728665 0.03143084657754077 -0.958640891395506
vn 0.18883594367724046 -0.5979804709265725 -0.7789482285530668
vn 0.1891699928849079 -0.7251516791285747 -0.6620949750971776
vn 0.36292549752275094 -0.039448424939530415 -0.9309827630078089
vn 0.2834294131024673 0.1102225553347444 -0.9526377885029914
vn 0.32981015802395647 0.18061033740459112 -0.9266095001060655
vn 0.33982802734988116 0.6243352580881738 -0.7033650526827886
vn 0.3621261576665358 0.5668061157702768 -0.7399969412498153
vn 0.41545952302804956 0.5643977841241168 -0.7133361942317887
vn 0.3535752325788876 0.17285899961389056 -0.9192955570213915
vn 0.560150157111853 0.4970346552661332 -0.6627128736881776
vn 0.4161633576523672 0.25912055531360906 -0.8715874009882627
vn -0.25235213184253963 -0.3154401350008506 -0.9147764332257203
vn 0.43488113883703394 0.30837025395653633 -0.8460414774457491
vn 0.6847634598047033 0.3384463032663452 -0.6454092530492863
vn -0.24407936065263328 -0.18109114047145836 -0.9526968376908513
vn -0.5834554516345357 -0.4809565016107457 -0.6544162127547671
vn 0.37725172231167614 0.4637052283487028 -0.8016599024617305
vn -0.2285023390450075 0.19698477503879955 -0.9534063558912717
vn -0.6460499341401493 -0.14969449148326816 -0.7484724723175024
vn -0.5662274165906244 0.6527344451023681 -0.5033132790598824
vn 0.38706466352412505 0.6319422688690078 -0.6714386904756431
vn 0.49517345889686876 0.573772460836011 -0.6523713733681906
vn 0.2998920345017165 0.7418381482588411 -0.599784069003433
vn -0.08641883642812832 0.7463444395294024 -0.659925573298952
vn -0.09425181640911924 0.8247034382832792 -0.5576565555853522
vn -0.5844919404437148 -0.5371006424247114 0.6081875298485684
vn -0.6056049824203923 -0.5426849509611356 0.5820100078760725
vn -0.18060476044694382 -0.6674523567763728 0.7224190417877753
vn -0.07881103973539365 -0.56743948013437 0.8196348311294869
vn -0.031567582283414226 -0.36302721674835864 0.9312436456957546
vn -0.5834554516345357 -0.4809565016107457 0.6544162127547671
vn 0.11827167031032648 -0.5361649014331707 0.8357864622456884
vn 0.0869762322559217 -0.6720889969902676 0.7353444873983758
vn -0.1657814338389809 -0.3236685307155274 0.931533788125124
vn -0.6056049824203923 -0.5426849509611356 0.5820100078760725
vn -0.5901671116904414 -0.5901671116904414 0.5508226216831732
vn 0.13378778586393675 -0.5587607202939168 0.8184664231416269
vn 0.13384165789901944 -0.6928274932488099 0.708573549611762
vn 0.28287761174728665 0.03143084657754077 0.958640891395506
vn 0.18883594367724046 -0.5979804709265725 0.7789482285530668
vn 0.1891699928849079 -0.7251516791285747 0.6620949750971776
vn 0.36292549752275094 -0.039448424939530415 0.9309827630078089
vn 0.32981015802395647 0.18061033740459112 0.9266095001060655
vn 0.33982802734988116 0.6243352580881738 0.7033650526827886
vn 0.2834294131024673 0.1102225553347444 0.9526377885029914
vn 0.3621261576665358 0.5668061157702768 0.7399969412498153
vn 0.41545952302804956 0.5643977841241168 0.7133361942317887
vn 0.3535752325788876 0.17285899961389056 0.9192955570213915
vn 0.560150157111853 0.4970346552661332 0.6627128736881776
vn 0.4161633576523672 0.25912055531360906 0.8715874009882627
vn -0.25235213184253963 -0.3154401350008506 0.9147764332257203
vn 0.43488113883703394 0.30837025395653633 0.8460414774457491
vn 0.6847634598047033 0.3384463032663452 0.6454092530492863
vn -0.24407936065263328 -0.18109114047145836 0.9526968376908513
vn -0.5834554516345357 -0.4809565016107457 0.6544162127547671
vn 0.37725172231167614 0.4637052283487028 0.8016599024617305
vn -0.2285023390450075 0.19698477503879955 0.9534063558912717
vn -0.6460499341401493 -0.14969449148326816 0.7484724723175024
vn -0.5662274165906244 0.6527344451023681 0.5033132790598824
vn 0.38706466352412505 0.6319422688690078 0.6714386904756431
vn 0.49517345889686876 0.573772460836011 0.6523713733681906
vn 0.2998920345017165 0.7418381482588411 0.599784069003433
vn -0.08641883642812832 0.7463444395294024 0.659925573298952
vn -0.09425181640911924 0.8247034382832792 0.5576565555853522
vn 0.3939328635221451 0.22848106263098358 -0.8902883258002766
vn 0.29038592595323376 -0.9496404935739589 -0.1177240288679037
vn 0.37777712909670375 0.28333282447078606 -0.8814799778264162
vn -0.5747319105920428 -0.15746080048436004 0.803050015415008
vn -0.22902192181573866 0.06317845733680001 0.9713688495398481
vn -0.3236685307155274 -0.1657814338389809 0.931533788125124
vn -0.3708151867551458 0.1577937002961032 0.915203390191825
vn -0.3457286741727017 -0.4321608054629732 0.8328917829324408
vn 0.11833053451690569 0.6942058422356111 0.7099831922002724
vn 0.26025429487289814 0.6545789867835611 0.7097845110043027
vn -0.22912911087415147 -0.055307028175767395 0.9718235350023098
vn 0.0235622284963746 0.7147209105675995 0.6990127619619734
vn -0.007857469413251083 -0.5028780424480693 0.8643216615346497
vn -0.007856256901564442 -0.18855016563754662 0.982032135047296
vn 0 0.714919385876924 0.6992068876215121
vn 0.015711058962115037 -0.1885327224465426 0.981941227973031
vn 0 0.714919385876924 0.6992068876215121
vn 0.023589163715619525 -0.4875093933902442 0.8727990276756005
vn -0.14233362366759786 0.687945887463152 0.7116681779426328
vn 0.1651649878135549 0.2280849902668905 0.959529970358144
vn 0.3066875673391508 0.023591351047220037 0.9515178317800255
vn 0.32250488458393517 0.07079374933748372 0.9439167571741929
vn 0.1334575541593085 0.2826159847716972 0.9499038300740443
vn 0.17290170477715103 -0.07073251152669965 0.9823960058440183
vn 0.19758061530275314 -0.02370967465589422 0.979999873359327
vn 0.1185817106552185 -0.15810894257323735 0.9802754409738391
vn -0.423976279079959 -0.07066270821293935 -0.9029124522596451
vn -0.16554946383534377 -0.03941653829883605 -0.9854134723720631
vn -0.2514002173183713 -0.05499379753839372 -0.9663196225703905
vn -0.8580017815836585 -0.13381678629153157 -0.4959092764870148
vn -0.9715809535465613 -0.10268741428065876 -0.21327387475710058
vn -0.9244175005111829 -0.08691105106845831 -0.3713472148149668
vn -0.3137858129061593 -0.02353393410531685 -0.9492020952170025
vn -0.157970791442193 -0.015797079144219302 -0.987317416711383
vn -0.6686283837620145 -0.07866216323380057 -0.7394243358878414
vn -0.28293876713197413 0.02357823183609469 -0.958848121986648
vn -0.17333585944936705 0 -0.9848627720799225
vn -0.6285005768469921 0.007856257210587402 -0.777769441496411
vn -0.2986945266691633 0.07860382045485957 -0.951106208132291
vn -0.2590008324608313 -0.0313940414271584 -0.9653667608466051
vn -0.19741422031179118 0.04737941198076021 -0.9791745589725281
vn -0.20505520666584026 0.03943369530894941 -0.9779556973061256
vn -0.34693025096646474 0.11827167375653834 -0.930403789841364
vn -0.5836369153723426 0.11041778614139043 -0.8044724131493206
vn -0.9047268375213913 0.03146875933920464 -0.4248282790189391
vn -0.9768322878370767 0.023633039041608774 -0.21269734578654342
vn -0.5499719602943803 0.17284833591295107 -0.8171011538739129
vn -0.5573815911777187 0.18841067660920607 -0.8085958067884444
vn -0.8594140756133613 0.1734597305694446 -0.4809565141552896
vn -0.948150117442251 0.1817287690328271 -0.26074126888557364
vn -0.7997847714517765 0.2430718516537194 -0.5488719288572351
vn -0.7141484790029748 0.23543354960531493 -0.6592139210134894
vn -0.91327258267724 0.26768333394950455 -0.3070485669331838
vn -0.8271307152325555 0.2914650966885943 -0.4805235450331121
vn -0.8999563675433091 0.292091119000488 -0.3236685259942571
vn -0.8888274315774228 0.2910320124969473 -0.35395785706416866
vn -0.2039419578357405 0.5412305637897084 0.815767831342962
vn 0.015734379024472573 0.8496565232008695 0.5271017187402489
vn -0.18118101594955277 0.7483563520858693 0.6380722606039368
vn 0.015820784516037165 0.7989496003647478 0.6011898525876056
vn 0.07087932347036355 0.8741783600540564 0.4804043258730965
vn 0.07090791558632753 0.8036230482787659 0.590899368575011
vn -0.18895880309394497 0.2676916339911318 0.9447940303708856
vn -0.007890421548830621 0.6706857981229916 0.7416996032383376
vn -0.11026356846873324 0.05513178423436662 0.992372123669179
vn 0.03137858389809 0.588348422012154 0.8079984645952979
vn 0.03942266511595627 0.7411461041799778 0.6701852771689311
vn -0.03158726059567073 -0.09476178551230235 0.9949987180768534
vn 0.03156758127923788 0.2683244371482317 0.9628112401926263
vn 0.007878657730658488 -0.1733304775250676 0.9848322051564395
vn 0.03151854393657954 0.38610215670384157 0.9219174073509839
vn 0.007884777693977673 0.615012675031419 0.7884777992000882
vn 0.03157840041399385 -0.23683800869288887 0.9710358192495684
vn 0.03950132085792271 0.08690290961272029 0.9954333377737169
vn 0.03923167806058972 -0.2589290588086158 0.965099278800391
vn 0.0157309717985392 0.22023362380600067 0.9753202999382052
vn 0.00787303970763874 0.4408902236277695 0.8975265043190745
vn 0.05499379753839372 -0.2514002173183713 0.9663196225703905
vn 0.03143278824848531 0.055007381297494634 0.9979910660049608
vn 0 0.3162277391947498 0.9486833069912095
vn 0.07103811333574775 -0.22890059155439826 0.9708543174131452
vn 0.03150778708657394 0.11815420064332967 0.9924952615621108
vn 0.03150778708657394 0.11815420064332967 0.9924952615621108
vn 0.015734379024472573 0.8496565232008695 -0.5271017187402489
vn -0.2039419578357405 0.5412305637897084 -0.815767831342962
vn -0.18118101594955277 0.7483563520858693 -0.6380722606039368
vn 0.07087932347036355 0.8741783600540564 -0.4804043258730965
vn 0.015820784516037165 0.7989496003647478 -0.6011898525876056
vn 0.07090791558632753 0.8036230482787659 -0.590899368575011
vn -0.18895880309394497 0.2676916339911318 -0.9447940303708856
vn -0.007890421548830621 0.6706857981229916 -0.7416996032383376
vn -0.11026356846873324 0.05513178423436662 -0.992372123669179
vn 0.03137858389809 0.588348422012154 -0.8079984645952979
vn 0.03942266511595627 0.7411461041799778 -0.6701852771689311
vn -0.03158726059567073 -0.09476178551230235 -0.9949987180768534
vn 0.03156758127923788 0.2683244371482317 -0.9628112401926263
vn 0.007878657730658488 -0.1733304775250676 -0.9848322051564395
vn 0.03151854393657954 0.38610215670384157 -0.9219174073509839
vn 0.007884777693977673 0.615012675031419 -0.7884777992000882
vn 0.03157840041399385 -0.23683800869288887 -0.9710358192495684
vn 0.03950132085792271 0.08690290961272029 -0.9954333377737169
vn 0.03923167806058972 -0.2589290588086158 -0.965099278800391
vn 0.0157309717985392 0.22023362380600067 -0.9753202999382052
vn 0.00787303970763874 0.4408902236277695 -0.8975265043190745
vn 0.05499379753839372 -0.2514002173183713 -0.9663196225703905
vn 0.03143278824848531 0.055007381297494634 -0.9979910660049608
vn 0 0.3162277391947498 -0.9486833069912095
vn 0.07103811333574775 -0.22890059155439826 -0.9708543174131452
vn 0.03150778708657394 0.11815420064332967 -0.9924952615621108
vn 0.03150778708657394 0.11815420064332967 -0.9924952615621108
vn -0.16554946383534377 -0.03941653829883605 0.9854134723720631
vn -0.423976279079959 -0.07066270821293935 0.9029124522596451
vn -0.2514002173183713 -0.05499379753839372 0.9663196225703905
vn -0.9715809535465613 -0.10268741428065876 0.21327387475710058
vn -0.8580017815836585 -0.13381678629153157 0.4959092764870148
vn -0.9244175005111829 -0.08691105106845831 0.3713472148149668
vn -0.3137858129061593 -0.02353393410531685 0.9492020952170025
vn -0.157970791442193 -0.015797079144219302 0.987317416711383
vn -0.6686283837620145 -0.07866216323380057 0.7394243358878414
vn -0.28293876713197413 0.02357823183609469 0.958848121986648
vn -0.17333585944936705 0 0.9848627720799225
vn -0.6285005768469921 0.007856257210587402 0.777769441496411
vn -0.2986945266691633 0.07860382045485957 0.951106208132291
vn -0.2590008324608313 -0.0313940414271584 0.9653667608466051
vn -0.19741422031179118 0.04737941198076021 0.9791745589725281
vn -0.20505520666584026 0.03943369530894941 0.9779556973061256
vn -0.34693025096646474 0.11827167375653834 0.930403789841364
vn -0.5836369153723426 0.11041778614139043 0.8044724131493206
vn -0.9047268375213913 0.03146875933920464 0.4248282790189391
vn -0.9768322878370767 0.023633039041608774 0.21269734578654342
vn -0.5499719602943803 0.17284833591295107 0.8171011538739129
vn -0.5573815911777187 0.18841067660920607 0.8085958067884444
vn -0.8594140756133613 0.1734597305694446 0.4809565141552896
vn -0.948150117442251 0.1817287690328271 0.26074126888557364
vn -0.7997847714517765 0.2430718516537194 0.5488719288572351
vn -0.7141484790029748 0.23543354960531493 0.6592139210134894
vn -0.91327258267724 0.26768333394950455 0.3070485669331838
vn -0.8271307152325555 0.2914650966885943 0.4805235450331121
vn -0.8999563675433091 0.292091119000488 0.3236685259942571
vn -0.8888274315774228 0.2910320124969473 0.35395785706416866
usemtl AK_Foresaken_white
f 1/1/1 2/2/2 3/3/3
f 4/4/4 1/1/1 3/3/3
f 3/3/3 5/5/5 4/4/4
f 6/6/6 4/4/4 5/5/5
f 5/5/5 7/7/7 6/6/6
f 8/8/8 6/6/6 7/7/7
f 9/9/9 8/8/8 7/7/7
f 8/8/8 9/9/9 10/10/10
f 11/11/11 10/10/10 9/9/9
f 12/12/12 11/11/11 9/9/9
f 13/13/13 10/10/10 11/11/11
f 14/14/14 10/10/10 13/13/13
f 11/11/11 12/12/12 15/15/15
f 15/15/15 13/13/13 11/11/11
f 16/16/16 15/15/15 12/12/12
f 17/17/17 14/14/14 13/13/13
f 17/17/17 18/18/18 14/14/14
f 13/13/13 19/19/19 17/17/17
f 13/13/13 15/15/15 20/20/20
f 19/19/19 13/13/13 20/20/20
f 15/15/15 16/16/16 21/21/21
f 21/21/21 20/20/20 15/15/15
f 22/22/22 19/19/19 20/20/20
f 21/21/21 22/22/22 20/20/20
f 22/22/22 23/23/23 19/19/19
f 24/24/24 21/21/21 16/16/16
f 16/16/16 25/25/25 24/24/24
f 26/26/26 22/22/22 21/21/21
f 21/21/21 24/24/24 26/26/26
f 27/27/27 23/23/23 22/22/22
f 22/22/22 26/26/26 27/27/27
f 28/28/28 23/23/23 27/27/27
f 29/29/29 26/26/26 24/24/24
f 25/25/25 29/29/29 24/24/24
f 30/30/30 28/28/28 27/27/27
f 28/28/28 30/30/30 31/31/31
f 29/29/29 25/25/25 32/32/32
f 33/33/33 32/32/32 25/25/25
f 33/33/33 34/34/34 32/32/32
f 35/35/35 32/32/32 34/34/34
f 32/32/32 35/35/35 29/29/29
f 36/36/36 29/29/29 35/35/35
f 26/26/26 29/29/29 36/36/36
f 37/37/37 36/36/36 35/35/35
f 26/26/26 38/38/38 27/27/27
f 36/36/36 38/38/38 26/26/26
f 30/30/30 27/27/27 38/38/38
f 37/37/37 39/39/39 36/36/36
f 38/38/38 36/36/36 39/39/39
f 39/39/39 37/37/37 40/40/40
f 41/41/41 39/39/39 40/40/40
f 39/39/39 41/41/41 42/42/42
f 42/42/42 38/38/38 39/39/39
f 43/43/43 42/42/42 41/41/41
f 44/44/44 30/30/30 38/38/38
f 38/38/38 42/42/42 44/44/44
f 45/45/45 30/30/30 44/44/44
f 45/45/45 31/31/31 30/30/30
f 31/31/31 45/45/45 46/46/46
f 47/47/47 46/46/46 45/45/45
f 46/46/46 47/47/47 48/48/48
f 49/49/49 45/45/45 44/44/44
f 47/47/47 45/45/45 49/49/49
f 50/50/50 48/48/48 47/47/47
f 50/50/50 47/47/47 49/49/49
f 51/51/51 48/48/48 50/50/50
f 52/52/52 51/51/51 50/50/50
f 44/44/44 53/53/53 49/49/49
f 53/53/53 44/44/44 42/42/42
f 50/50/50 49/49/49 54/54/54
f 54/54/54 49/49/49 53/53/53
f 50/50/50 55/55/55 52/52/52
f 55/55/55 50/50/50 54/54/54
f 53/53/53 42/42/42 56/56/56
f 42/42/42 43/43/43 56/56/56
f 57/57/57 54/54/54 53/53/53
f 53/53/53 56/56/56 57/57/57
f 58/58/58 54/54/54 57/57/57
f 56/56/56 58/58/58 57/57/57
f 59/59/59 56/56/56 43/43/43
f 58/58/58 56/56/56 59/59/59
f 43/43/43 60/60/60 59/59/59
f 61/61/61 60/60/60 43/43/43
f 58/58/58 59/59/59 62/62/62
f 59/59/59 63/63/63 62/62/62
f 59/59/59 60/60/60 63/63/63
f 58/58/58 62/62/62 64/64/64
f 60/60/60 65/65/65 63/63/63
f 66/66/66 58/58/58 64/64/64
f 60/60/60 67/67/67 65/65/65
f 60/60/60 61/61/61 67/67/67
f 68/68/68 65/65/65 67/67/67
f 61/61/61 68/68/68 67/67/67
f 58/58/58 66/66/66 69/69/69
f 54/54/54 58/58/58 69/69/69
f 66/66/66 70/70/70 69/69/69
f 69/69/69 55/55/55 54/54/54
f 71/71/71 69/69/69 70/70/70
f 55/55/55 69/69/69 72/72/72
f 69/69/69 71/71/71 72/72/72
f 70/70/70 73/73/73 71/71/71
f 73/73/73 70/70/70 74/74/74
f 74/74/74 75/75/75 73/73/73
f 76/76/76 73/73/73 75/75/75
f 73/73/73 76/76/76 71/71/71
f 76/76/76 75/75/75 77/77/77
f 78/78/78 72/72/72 71/71/71
f 78/78/78 71/71/71 76/76/76
f 78/78/78 79/79/79 72/72/72
f 72/72/72 79/79/79 55/55/55
f 80/80/80 78/78/78 76/76/76
f 79/79/79 78/78/78 80/80/80
f 77/77/77 81/81/81 76/76/76
f 81/81/81 80/80/80 76/76/76
f 81/81/81 77/77/77 82/82/82
f 81/81/81 82/82/82 83/83/83
f 83/83/83 84/84/84 81/81/81
f 84/84/84 85/85/85 81/81/81
f 85/85/85 84/84/84 86/86/86
f 81/81/81 87/87/87 80/80/80
f 87/87/87 81/81/81 85/85/85
f 80/80/80 88/88/88 79/79/79
f 88/88/88 80/80/80 87/87/87
f 89/89/89 85/85/85 86/86/86
f 89/89/89 86/86/86 90/90/90
f 85/85/85 91/91/91 87/87/87
f 91/91/91 85/85/85 89/89/89
f 87/87/87 92/92/92 88/88/88
f 92/92/92 87/87/87 91/91/91
f 90/90/90 93/93/93 89/89/89
f 93/93/93 90/90/90 94/94/94
f 95/95/95 91/91/91 89/89/89
f 93/93/93 95/95/95 89/89/89
f 96/96/96 92/92/92 91/91/91
f 91/91/91 95/95/95 96/96/96
f 97/97/97 93/93/93 94/94/94
f 94/94/94 98/98/98 97/97/97
f 99/99/99 95/95/95 93/93/93
f 97/97/97 99/99/99 93/93/93
f 95/95/95 99/99/99 100/100/100
f 100/100/100 96/96/96 95/95/95
f 98/98/98 101/101/101 97/97/97
f 101/101/101 98/98/98 102/102/102
f 103/103/103 99/99/99 97/97/97
f 103/103/103 97/97/97 101/101/101
f 104/104/104 100/100/100 99/99/99
f 99/99/99 103/103/103 104/104/104
f 105/105/105 101/101/101 102/102/102
f 102/102/102 106/106/106 105/105/105
f 107/107/107 103/103/103 101/101/101
f 107/107/107 101/101/101 105/105/105
f 108/108/108 104/104/104 103/103/103
f 108/108/108 103/103/103 107/107/107
f 109/109/109 100/100/100 104/104/104
f 109/109/109 96/96/96 100/100/100
f 110/110/110 104/104/104 108/108/108
f 110/110/110 109/109/109 104/104/104
f 107/107/107 111/111/111 108/108/108
f 109/109/109 110/110/110 112/112/112
f 111/111/111 107/107/107 113/113/113
f 105/105/105 113/113/113 107/107/107
f 114/114/114 108/108/108 111/111/111
f 108/108/108 114/114/114 110/110/110
f 111/111/111 113/113/113 115/115/115
f 114/114/114 111/111/111 115/115/115
f 113/113/113 105/105/105 116/116/116
f 106/106/106 116/116/116 105/105/105
f 116/116/116 106/106/106 117/117/117
f 118/118/118 116/116/116 117/117/117
f 115/115/115 113/113/113 119/119/119
f 116/116/116 119/119/119 113/113/113
f 116/116/116 118/118/118 120/120/120
f 119/119/119 116/116/116 120/120/120
f 120/120/120 118/118/118 121/121/121
f 122/122/122 120/120/120 121/121/121
f 120/120/120 122/122/122 123/123/123
f 123/123/123 119/119/119 120/120/120
f 123/123/123 122/122/122 124/124/124
f 115/115/115 119/119/119 125/125/125
f 119/119/119 123/123/123 125/125/125
f 114/114/114 115/115/115 125/125/125
f 123/123/123 124/124/124 126/126/126
f 126/126/126 125/125/125 123/123/123
f 124/124/124 127/127/127 126/126/126
f 126/126/126 127/127/127 128/128/128
f 125/125/125 126/126/126 129/129/129
f 128/128/128 129/129/129 126/126/126
f 130/130/130 131/131/131 128/128/128
f 128/128/128 131/131/131 129/129/129
f 132/132/132 129/129/129 131/131/131
f 133/133/133 125/125/125 129/129/129
f 129/129/129 132/132/132 133/133/133
f 125/125/125 133/133/133 114/114/114
f 134/134/134 133/133/133 132/132/132
f 133/133/133 134/134/134 135/135/135
f 135/135/135 114/114/114 133/133/133
f 136/136/136 135/135/135 134/134/134
f 114/114/114 135/135/135 137/137/137
f 114/114/114 137/137/137 110/110/110
f 137/137/137 112/112/112 110/110/110
f 135/135/135 136/136/136 138/138/138
f 138/138/138 137/137/137 135/135/135
f 137/137/137 138/138/138 112/112/112
f 136/136/136 139/139/139 138/138/138
f 138/138/138 140/140/140 112/112/112
f 139/139/139 140/140/140 138/138/138
f 112/112/112 140/140/140 109/109/109
f 96/96/96 109/109/109 140/140/140
f 140/140/140 139/139/139 141/141/141
f 141/141/141 96/96/96 140/140/140
f 96/96/96 141/141/141 92/92/92
f 139/139/139 142/142/142 141/141/141
f 141/141/141 88/88/88 92/92/92
f 141/141/141 142/142/142 143/143/143
f 88/88/88 141/141/141 143/143/143
f 142/142/142 144/144/144 143/143/143
f 143/143/143 79/79/79 88/88/88
f 52/52/52 143/143/143 144/144/144
f 143/143/143 55/55/55 79/79/79
f 143/143/143 52/52/52 55/55/55
f 145/145/145 146/146/146 147/147/147
f 147/147/147 146/146/146 148/148/148
f 148/148/148 149/149/149 147/147/147
f 148/148/148 150/150/150 149/149/149
f 149/149/149 150/150/150 151/151/151
f 151/151/151 150/150/150 152/152/152
f 153/153/153 151/151/151 152/152/152
f 153/153/153 152/152/152 154/154/154
f 154/154/154 155/155/155 153/153/153
f 156/156/156 155/155/155 157/157/157
f 155/155/155 156/156/156 158/158/158
f 159/159/159 155/155/155 158/158/158
f 160/160/160 151/151/151 153/153/153
f 151/151/151 160/160/160 149/149/149
f 161/161/161 153/153/153 155/155/155
f 155/155/155 159/159/159 162/162/162
f 161/161/161 155/155/155 162/162/162
f 162/162/162 159/159/159 163/163/163
f 164/164/164 162/162/162 163/163/163
f 153/153/153 161/161/161 165/165/165
f 160/160/160 153/153/153 165/165/165
f 162/162/162 165/165/165 161/161/161
f 166/166/166 162/162/162 164/164/164
f 167/167/167 160/160/160 165/165/165
f 166/166/166 168/168/168 162/162/162
f 168/168/168 166/166/166 169/169/169
f 169/169/169 170/170/170 168/168/168
f 168/168/168 170/170/170 171/171/171
f 171/171/171 172/172/172 168/168/168
f 171/171/171 173/173/173 172/172/172
f 174/174/174 168/168/168 172/172/172
f 162/162/162 168/168/168 174/174/174
f 175/175/175 172/172/172 173/173/173
f 172/172/172 175/175/175 174/174/174
f 173/173/173 176/176/176 175/175/175
f 174/174/174 177/177/177 162/162/162
f 176/176/176 178/178/178 175/175/175
f 178/178/178 176/176/176 179/179/179
f 175/175/175 180/180/180 174/174/174
f 180/180/180 175/175/175 178/178/178
f 177/177/177 174/174/174 180/180/180
f 179/179/179 181/181/181 178/178/178
f 178/178/178 181/181/181 180/180/180
f 179/179/179 182/182/182 181/181/181
f 183/183/183 182/182/182 184/184/184
f 185/185/185 182/182/182 183/183/183
f 186/186/186 182/182/182 185/185/185
f 187/187/187 182/182/182 186/186/186
f 181/181/181 182/182/182 187/187/187
f 186/186/186 188/188/188 187/187/187
f 189/189/189 180/180/180 181/181/181
f 187/187/187 189/189/189 181/181/181
f 190/190/190 180/180/180 189/189/189
f 180/180/180 190/190/190 177/177/177
f 189/189/189 187/187/187 191/191/191
f 190/190/190 189/189/189 191/191/191
f 187/187/187 188/188/188 192/192/192
f 192/192/192 191/191/191 187/187/187
f 193/193/193 177/177/177 190/190/190
f 191/191/191 192/192/192 194/194/194
f 195/195/195 177/177/177 193/193/193
f 177/177/177 195/195/195 162/162/162
f 165/165/165 162/162/162 195/195/195
f 165/165/165 195/195/195 167/167/167
f 195/195/195 193/193/193 196/196/196
f 167/167/167 195/195/195 196/196/196
f 190/190/190 197/197/197 193/193/193
f 196/196/196 193/193/193 197/197/197
f 191/191/191 198/198/198 190/190/190
f 198/198/198 197/197/197 190/190/190
f 196/196/196 197/197/197 199/199/199
f 199/199/199 197/197/197 200/200/200
f 198/198/198 200/200/200 197/197/197
f 201/201/201 196/196/196 199/199/199
f 196/196/196 201/201/201 167/167/167
f 200/200/200 198/198/198 202/202/202
f 198/198/198 203/203/203 202/202/202
f 201/201/201 204/204/204 167/167/167
f 160/160/160 167/167/167 204/204/204
f 204/204/204 201/201/201 205/205/205
f 149/149/149 160/160/160 204/204/204
f 205/205/205 149/149/149 204/204/204
f 206/206/206 149/149/149 205/205/205
f 149/149/149 206/206/206 207/207/207
f 208/208/208 207/207/207 206/206/206
f 207/207/207 208/208/208 209/209/209
f 210/210/210 209/209/209 208/208/208
f 209/209/209 210/210/210 211/211/211
f 210/210/210 212/212/212 211/211/211
f 212/212/212 210/210/210 213/213/213
f 213/213/213 214/214/214 212/212/212
f 214/214/214 213/213/213 215/215/215
f 216/216/216 214/214/214 215/215/215
f 215/215/215 213/213/213 217/217/217
f 218/218/218 215/215/215 217/217/217
f 217/217/217 219/219/219 218/218/218
f 219/219/219 220/220/220 218/218/218
f 219/219/219 221/221/221 220/220/220
f 219/219/219 222/222/222 221/221/221
f 221/221/221 222/222/222 223/223/223
f 222/222/222 224/224/224 223/223/223
f 224/224/224 222/222/222 225/225/225
f 225/225/225 226/226/226 224/224/224
f 227/227/227 226/226/226 225/225/225
f 228/228/228 227/227/227 225/225/225
f 227/227/227 228/228/228 229/229/229
f 229/229/229 228/228/228 230/230/230
f 229/229/229 230/230/230 231/231/231
f 230/230/230 232/232/232 231/231/231
f 232/232/232 233/233/233 231/231/231
f 234/234/234 233/233/233 232/232/232
f 232/232/232 235/235/235 234/234/234
f 236/236/236 235/235/235 232/232/232
f 237/237/237 238/238/238 239/239/239
f 240/240/240 239/239/239 238/238/238
f 239/239/239 240/240/240 241/241/241
f 240/240/240 242/242/242 241/241/241
f 242/242/242 243/243/243 241/241/241
f 242/242/242 244/244/244 243/243/243
f 243/243/243 244/244/244 245/245/245
f 244/244/244 246/246/246 245/245/245
f 246/246/246 244/244/244 247/247/247
f 247/247/247 248/248/248 246/246/246
f 248/248/248 247/247/247 249/249/249
f 249/249/249 250/250/250 248/248/248
f 250/250/250 249/249/249 251/251/251
f 251/251/251 252/252/252 250/250/250
f 252/252/252 251/251/251 253/253/253
f 254/254/254 252/252/252 253/253/253
f 252/252/252 254/254/254 255/255/255
f 256/256/256 255/255/255 254/254/254
f 255/255/255 256/256/256 257/257/257
f 256/256/256 258/258/258 257/257/257
f 258/258/258 256/256/256 259/259/259
f 259/259/259 260/260/260 258/258/258
f 260/260/260 259/259/259 261/261/261
f 261/261/261 262/262/262 260/260/260
f 262/262/262 261/261/261 263/263/263
f 263/263/263 264/264/264 262/262/262
f 264/264/264 263/263/263 265/265/265
f 266/266/266 264/264/264 265/265/265
f 265/265/265 267/267/267 266/266/266
f 268/268/268 266/266/266 267/267/267
f 269/269/269 268/268/268 267/267/267
f 269/269/269 270/270/270 268/268/268
f 269/269/269 271/271/271 270/270/270
f 272/272/272 273/273/273 274/274/274
f 274/274/274 273/273/273 275/275/275
f 275/275/275 276/276/276 274/274/274
f 275/275/275 277/277/277 276/276/276
f 277/277/277 275/275/275 278/278/278
f 279/279/279 280/280/280 281/281/281
f 282/282/282 279/279/279 281/281/281
f 283/283/283 279/279/279 282/282/282
f 282/282/282 284/284/284 283/283/283
f 285/285/285 286/286/286 287/287/287
f 288/288/288 289/289/289 290/290/290
f 288/288/288 291/291/291 289/289/289
f 291/291/291 292/292/292 289/289/289
f 292/292/292 293/293/293 289/289/289
f 294/294/294 293/293/293 292/292/292
f 293/293/293 294/294/294 295/295/295
f 296/296/296 295/295/295 294/294/294
f 295/295/295 296/296/296 297/297/297
f 298/298/298 297/297/297 296/296/296
f 297/297/297 298/298/298 299/299/299
f 300/300/300 299/299/299 298/298/298
f 299/299/299 300/300/300 301/301/301
f 302/302/302 300/300/300 303/303/303
f 301/301/301 300/300/300 302/302/302
f 301/301/301 302/302/302 304/304/304
f 305/305/305 301/301/301 304/304/304
f 306/306/306 307/307/307 308/308/308
f 309/309/309 308/308/308 307/307/307
f 309/309/309 310/310/310 308/308/308
f 309/309/309 311/311/311 310/310/310
f 309/309/309 312/312/312 311/311/311
f 313/313/313 312/312/312 309/309/309
f 312/312/312 313/313/313 314/314/314
f 315/315/315 314/314/314 313/313/313
f 314/314/314 315/315/315 316/316/316
f 317/317/317 316/316/316 315/315/315
f 318/318/318 316/316/316 317/317/317
f 315/315/315 319/319/319 317/317/317
f 320/320/320 318/318/318 317/317/317
f 320/320/320 317/317/317 319/319/319
f 319/319/319 321/321/321 320/320/320
f 320/320/320 322/322/322 318/318/318
f 323/323/323 320/320/320 321/321/321
f 324/324/324 322/322/322 320/320/320
f 323/323/323 324/324/324 320/320/320
f 324/324/324 325/325/325 322/322/322
f 324/324/324 326/326/326 325/325/325
f 323/323/323 327/327/327 324/324/324
f 326/326/326 324/324/324 327/327/327
f 327/327/327 323/323/323 328/328/328
f 327/327/327 329/329/329 326/326/326
f 327/327/327 328/328/328 330/330/330
f 331/331/331 330/330/330 328/328/328
f 330/330/330 331/331/331 332/332/332
f 329/329/329 327/327/327 333/333/333
f 330/330/330 333/333/333 327/327/327
f 333/333/333 334/334/334 329/329/329
f 335/335/335 330/330/330 332/332/332
f 333/333/333 330/330/330 335/335/335
f 332/332/332 336/336/336 335/335/335
f 335/335/335 336/336/336 337/337/337
f 333/333/333 335/335/335 337/337/337
f 338/338/338 337/337/337 336/336/336
f 334/334/334 333/333/333 339/339/339
f 333/333/333 337/337/337 339/339/339
f 338/338/338 340/340/340 337/337/337
f 340/340/340 339/339/339 337/337/337
f 340/340/340 338/338/338 341/341/341
f 342/342/342 334/334/334 339/339/339
f 334/334/334 342/342/342 343/343/343
f 340/340/340 341/341/341 344/344/344
f 345/345/345 344/344/344 341/341/341
f 346/346/346 339/339/339 340/340/340
f 339/339/339 346/346/346 342/342/342
f 347/347/347 340/340/340 344/344/344
f 347/347/347 344/344/344 345/345/345
f 340/340/340 347/347/347 346/346/346
f 348/348/348 343/343/343 342/342/342
f 343/343/343 348/348/348 349/349/349
f 350/350/350 342/342/342 346/346/346
f 342/342/342 350/350/350 348/348/348
f 351/351/351 349/349/349 348/348/348
f 349/349/349 351/351/351 352/352/352
f 352/352/352 353/353/353 354/354/354
f 353/353/353 352/352/352 351/351/351
f 355/355/355 353/353/353 351/351/351
f 348/348/348 356/356/356 351/351/351
f 355/355/355 351/351/351 356/356/356
f 356/356/356 348/348/348 350/350/350
f 357/357/357 355/355/355 356/356/356
f 356/356/356 358/358/358 357/357/357
f 356/356/356 350/350/350 358/358/358
f 358/358/358 359/359/359 357/357/357
f 358/358/358 360/360/360 359/359/359
f 361/361/361 358/358/358 350/350/350
f 358/358/358 361/361/361 360/360/360
f 346/346/346 361/361/361 350/350/350
f 361/361/361 346/346/346 347/347/347
f 361/361/361 362/362/362 360/360/360
f 347/347/347 362/362/362 361/361/361
f 347/347/347 363/363/363 362/362/362
f 364/364/364 362/362/362 363/363/363
f 347/347/347 365/365/365 363/363/363
f 345/345/345 365/365/365 347/347/347
f 365/365/365 345/345/345 366/366/366
f 367/367/367 364/364/364 363/363/363
f 367/367/367 368/368/368 364/364/364
f 363/363/363 365/365/365 369/369/369
f 367/367/367 363/363/363 369/369/369
f 366/366/366 370/370/370 365/365/365
f 370/370/370 369/369/369 365/365/365
f 371/371/371 370/370/370 366/366/366
f 372/372/372 367/367/367 369/369/369
f 371/371/371 373/373/373 370/370/370
f 373/373/373 371/371/371 374/374/374
f 367/367/367 372/372/372 375/375/375
f 376/376/376 373/373/373 374/374/374
f 369/369/369 377/377/377 372/372/372
f 367/367/367 375/375/375 378/378/378
f 368/368/368 367/367/367 378/378/378
f 379/379/379 378/378/378 375/375/375
f 378/378/378 380/380/380 368/368/368
f 381/381/381 378/378/378 379/379/379
f 379/379/379 382/382/382 381/381/381
f 380/380/380 378/378/378 383/383/383
f 378/378/378 381/381/381 383/383/383
f 380/380/380 383/383/383 384/384/384
f 381/381/381 382/382/382 385/385/385
f 386/386/386 385/385/385 382/382/382
f 387/387/387 385/385/385 386/386/386
f 385/385/385 387/387/387 388/388/388
f 381/381/381 389/389/389 383/383/383
f 385/385/385 389/389/389 381/381/381
f 384/384/384 383/383/383 389/389/389
f 388/388/388 389/389/389 385/385/385
f 390/390/390 384/384/384 389/389/389
f 389/389/389 388/388/388 390/390/390
f 369/369/369 370/370/370 391/391/391
f 377/377/377 369/369/369 391/391/391
f 373/373/373 391/391/391 370/370/370
f 392/392/392 377/377/377 391/391/391
f 391/391/391 373/373/373 392/392/392
f 377/377/377 392/392/392 393/393/393
f 373/373/373 394/394/394 392/392/392
f 376/376/376 394/394/394 373/373/373
f 395/395/395 394/394/394 376/376/376
f 396/396/396 393/393/393 392/392/392
f 396/396/396 392/392/392 394/394/394
f 397/397/397 393/393/393 396/396/396
f 395/395/395 398/398/398 394/394/394
f 394/394/394 398/398/398 396/396/396
f 398/398/398 395/395/395 399/399/399
f 398/398/398 399/399/399 400/400/400
f 401/401/401 397/397/397 396/396/396
f 401/401/401 396/396/396 398/398/398
f 400/400/400 401/401/401 398/398/398
f 397/397/397 401/401/401 402/402/402
f 401/401/401 400/400/400 403/403/403
f 403/403/403 402/402/402 401/401/401
f 402/402/402 403/403/403 404/404/404
f 405/405/405 406/406/406 407/407/407
f 405/405/405 407/407/407 408/408/408
f 407/407/407 409/409/409 408/408/408
f 410/410/410 411/411/411 412/412/412
f 411/411/411 413/413/413 412/412/412
f 412/412/412 413/413/413 414/414/414
f 413/413/413 415/415/415 414/414/414
f 414/414/414 415/415/415 416/416/416
f 415/415/415 417/417/417 416/416/416
f 417/417/417 415/415/415 418/418/418
f 415/415/415 419/419/419 418/418/418
f 413/413/413 420/420/420 415/415/415
f 419/419/419 415/415/415 420/420/420
f 420/420/420 413/413/413 421/421/421
f 420/420/420 422/422/422 419/419/419
f 423/423/423 420/420/420 421/421/421
f 424/424/424 422/422/422 420/420/420
f 423/423/423 424/424/424 420/420/420
f 425/425/425 424/424/424 423/423/423
f 426/426/426 427/427/427 428/428/428
f 428/428/428 429/429/429 426/426/426
f 429/429/429 428/428/428 430/430/430
f 431/431/431 429/429/429 430/430/430
f 432/432/432 431/431/431 430/430/430
f 431/431/431 432/432/432 433/433/433
f 432/432/432 434/434/434 433/433/433
f 435/435/435 433/433/433 434/434/434
f 436/436/436 435/435/435 434/434/434
f 436/436/436 437/437/437 435/435/435
f 438/438/438 437/437/437 436/436/436
f 437/437/437 438/438/438 439/439/439
f 439/439/439 438/438/438 440/440/440
f 441/441/441 439/439/439 440/440/440
f 442/442/442 443/443/443 444/444/444
f 445/445/445 446/446/446 444/444/444
f 447/447/447 448/448/448 449/449/449
f 450/450/450 451/451/451 452/452/452
f 451/451/451 450/450/450 453/453/453
f 453/453/453 450/450/450 454/454/454
f 454/454/454 450/450/450 455/455/455
f 455/455/455 456/456/456 454/454/454
f 456/456/456 455/455/455 457/457/457
f 457/457/457 458/458/458 456/456/456
f 458/458/458 457/457/457 459/459/459
f 459/459/459 460/460/460 458/458/458
f 460/460/460 459/459/459 461/461/461
f 461/461/461 462/462/462 460/460/460
f 462/462/462 461/461/461 463/463/463
f 464/464/464 465/465/465 462/462/462
f 462/462/462 463/463/463 464/464/464
f 466/466/466 464/464/464 463/463/463
f 467/467/467 466/466/466 463/463/463
f 468/468/468 469/469/469 470/470/470
f 471/471/471 472/472/472 473/473/473
f 474/474/474 475/475/475 476/476/476
f 474/474/474 471/471/471 475/475/475
f 477/477/477 476/476/476 478/478/478
f 477/477/477 478/478/478 479/479/479
f 476/476/476 480/480/480 474/474/474
f 480/480/480 476/476/476 477/477/477
f 479/479/479 481/481/481 477/477/477
f 481/481/481 479/479/479 482/482/482
f 477/477/477 483/483/483 480/480/480
f 483/483/483 477/477/477 481/481/481
f 482/482/482 484/484/484 481/481/481
f 484/484/484 482/482/482 485/485/485
f 486/486/486 483/483/483 481/481/481
f 481/481/481 484/484/484 486/486/486
f 485/485/485 487/487/487 484/484/484
f 485/485/485 488/488/488 487/487/487
f 484/484/484 489/489/489 486/486/486
f 489/489/489 484/484/484 487/487/487
f 490/490/490 483/483/483 486/486/486
f 486/486/486 489/489/489 490/490/490
f 491/491/491 487/487/487 488/488/488
f 492/492/492 491/491/491 488/488/488
f 493/493/493 489/489/489 487/487/487
f 487/487/487 491/491/491 493/493/493
f 492/492/492 494/494/494 491/491/491
f 494/494/494 492/492/492 495/495/495
f 494/494/494 493/493/493 491/491/491
f 494/494/494 496/496/496 497/497/497
f 497/497/497 498/498/498 494/494/494
f 494/494/494 498/498/498 493/493/493
f 497/497/497 499/499/499 498/498/498
f 500/500/500 493/493/493 498/498/498
f 500/500/500 498/498/498 499/499/499
f 493/493/493 500/500/500 489/489/489
f 500/500/500 490/490/490 489/489/489
f 501/501/501 500/500/500 499/499/499
f 500/500/500 501/501/501 490/490/490
f 502/502/502 490/490/490 501/501/501
f 490/490/490 502/502/502 503/503/503
f 483/483/483 490/490/490 503/503/503
f 503/503/503 480/480/480 483/483/483
f 504/504/504 503/503/503 502/502/502
f 480/480/480 503/503/503 505/505/505
f 503/503/503 504/504/504 505/505/505
f 505/505/505 474/474/474 480/480/480
f 505/505/505 504/504/504 506/506/506
f 474/474/474 505/505/505 506/506/506
f 504/504/504 507/507/507 506/506/506
f 506/506/506 471/471/471 474/474/474
f 507/507/507 508/508/508 506/506/506
f 471/471/471 506/506/506 508/508/508
f 508/508/508 507/507/507 509/509/509
f 471/471/471 508/508/508 472/472/472
f 508/508/508 509/509/509 510/510/510
f 508/508/508 510/510/510 472/472/472
f 509/509/509 511/511/511 510/510/510
f 510/510/510 512/512/512 472/472/472
f 513/513/513 472/472/472 512/512/512
f 513/513/513 512/512/512 470/470/470
f 510/510/510 511/511/511 514/514/514
f 512/512/512 510/510/510 514/514/514
f 514/514/514 470/470/470 512/512/512
f 511/511/511 515/515/515 514/514/514
f 470/470/470 514/514/514 516/516/516
f 515/515/515 516/516/516 514/514/514
f 516/516/516 468/468/468 470/470/470
f 516/516/516 515/515/515 517/517/517
f 517/517/517 518/518/518 516/516/516
f 516/516/516 518/518/518 468/468/468
f 518/518/518 517/517/517 519/519/519
f 518/518/518 520/520/520 468/468/468
f 468/468/468 520/520/520 521/521/521
f 520/520/520 522/522/522 521/521/521
f 519/519/519 523/523/523 518/518/518
f 520/520/520 518/518/518 523/523/523
f 523/523/523 519/519/519 524/524/524
f 522/522/522 520/520/520 525/525/525
f 523/523/523 525/525/525 520/520/520
f 525/525/525 526/526/526 522/522/522
f 523/523/523 524/524/524 527/527/527
f 525/525/525 528/528/528 526/526/526
f 528/528/528 529/529/529 526/526/526
f 525/525/525 523/523/523 530/530/530
f 530/530/530 528/528/528 525/525/525
f 523/523/523 527/527/527 530/530/530
f 528/528/528 530/530/530 531/531/531
f 527/527/527 531/531/531 530/530/530
f 532/532/532 528/528/528 531/531/531
f 527/527/527 533/533/533 531/531/531
f 531/531/531 534/534/534 532/532/532
f 533/533/533 534/534/534 531/531/531
f 534/534/534 533/533/533 535/535/535
f 536/536/536 534/534/534 535/535/535
f 534/534/534 536/536/536 537/537/537
f 538/538/538 537/537/537 536/536/536
f 539/539/539 540/540/540 541/541/541
f 541/541/541 542/542/542 539/539/539
f 542/542/542 541/541/541 543/543/543
f 544/544/544 542/542/542 543/543/543
f 542/542/542 544/544/544 545/545/545
f 545/545/545 546/546/546 542/542/542
f 547/547/547 545/545/545 544/544/544
f 546/546/546 545/545/545 548/548/548
f 549/549/549 548/548/548 550/550/550
f 551/551/551 545/545/545 547/547/547
f 551/551/551 548/548/548 545/545/545
f 548/548/548 552/552/552 550/550/550
f 548/548/548 551/551/551 552/552/552
f 553/553/553 550/550/550 552/552/552
f 547/547/547 554/554/554 551/551/551
f 554/554/554 552/552/552 551/551/551
f 555/555/555 554/554/554 547/547/547
f 556/556/556 554/554/554 555/555/555
f 557/557/557 553/553/553 552/552/552
f 552/552/552 554/554/554 557/557/557
f 553/553/553 557/557/557 558/558/558
f 559/559/559 558/558/558 557/557/557
f 556/556/556 560/560/560 554/554/554
f 560/560/560 557/557/557 554/554/554
f 560/560/560 559/559/559 557/557/557
f 561/561/561 560/560/560 556/556/556
f 561/561/561 562/562/562 560/560/560
f 562/562/562 559/559/559 560/560/560
f 563/563/563 562/562/562 561/561/561
f 562/562/562 564/564/564 559/559/559
f 564/564/564 565/565/565 559/559/559
f 563/563/563 566/566/566 562/562/562
f 566/566/566 564/564/564 562/562/562
f 567/567/567 566/566/566 563/563/563
f 566/566/566 568/568/568 564/564/564
f 568/568/568 569/569/569 564/564/564
f 570/570/570 566/566/566 567/567/567
f 570/570/570 568/568/568 566/566/566
f 571/571/571 570/570/570 567/567/567
f 572/572/572 570/570/570 571/571/571
f 573/573/573 572/572/572 571/571/571
f 568/568/568 570/570/570 574/574/574
f 572/572/572 574/574/574 570/570/570
f 574/574/574 575/575/575 568/568/568
f 576/576/576 574/574/574 572/572/572
f 576/576/576 577/577/577 574/574/574
f 578/578/578 579/579/579 580/580/580
f 579/579/579 578/578/578 576/576/576
f 580/580/580 581/581/581 582/582/582
f 583/583/583 582/582/582 581/581/581
f 584/584/584 580/580/580 579/579/579
f 580/580/580 584/584/584 581/581/581
f 576/576/576 585/585/585 579/579/579
f 585/585/585 576/576/576 572/572/572
f 572/572/572 573/573/573 585/585/585
f 586/586/586 579/579/579 585/585/585
f 573/573/573 586/586/586 585/585/585
f 579/579/579 586/586/586 584/584/584
f 586/586/586 573/573/573 587/587/587
f 586/586/586 587/587/587 588/588/588
f 588/588/588 584/584/584 586/586/586
f 587/587/587 589/589/589 588/588/588
f 584/584/584 588/588/588 590/590/590
f 590/590/590 581/581/581 584/584/584
f 588/588/588 589/589/589 591/591/591
f 588/588/588 591/591/591 590/590/590
f 581/581/581 590/590/590 592/592/592
f 592/592/592 583/583/583 581/581/581
f 593/593/593 583/583/583 592/592/592
f 590/590/590 594/594/594 592/592/592
f 590/590/590 591/591/591 594/594/594
f 595/595/595 593/593/593 592/592/592
f 595/595/595 592/592/592 594/594/594
f 596/596/596 593/593/593 595/595/595
f 591/591/591 597/597/597 594/594/594
f 597/597/597 595/595/595 594/594/594
f 598/598/598 596/596/596 595/595/595
f 595/595/595 597/597/597 598/598/598
f 599/599/599 596/596/596 598/598/598
f 597/597/597 591/591/591 600/600/600
f 589/589/589 600/600/600 591/591/591
f 600/600/600 589/589/589 601/601/601
f 598/598/598 602/602/602 599/599/599
f 603/603/603 599/599/599 602/602/602
f 597/597/597 604/604/604 598/598/598
f 602/602/602 598/598/598 604/604/604
f 600/600/600 604/604/604 597/597/597
f 603/603/603 602/602/602 605/605/605
f 605/605/605 602/602/602 604/604/604
f 605/605/605 606/606/606 603/603/603
f 604/604/604 600/600/600 607/607/607
f 605/605/605 604/604/604 607/607/607
f 607/607/607 600/600/600 601/601/601
f 608/608/608 607/607/607 601/601/601
f 608/608/608 605/605/605 607/607/607
f 605/605/605 608/608/608 609/609/609
f 610/610/610 611/611/611 612/612/612
f 612/612/612 613/613/613 614/614/614
f 615/615/615 613/613/613 616/616/616
f 617/617/617 616/616/616 618/618/618
f 619/619/619 620/620/620 621/621/621
f 622/622/622 621/621/621 623/623/623
f 622/622/622 624/624/624 625/625/625
f 625/625/625 626/626/626 627/627/627
f 628/628/628 629/629/629 630/630/630
f 628/628/628 631/631/631 629/629/629
f 629/629/629 631/631/631 632/632/632
f 633/633/633 632/632/632 631/631/631
f 634/634/634 632/632/632 633/633/633
f 635/635/635 634/634/634 633/633/633
f 635/635/635 636/636/636 634/634/634
f 636/636/636 635/635/635 637/637/637
f 638/638/638 636/636/636 637/637/637
f 639/639/639 636/636/636 638/638/638
f 640/640/640 638/638/638 637/637/637
f 640/640/640 637/637/637 641/641/641
f 638/638/638 642/642/642 639/639/639
f 640/640/640 642/642/642 638/638/638
f 642/642/642 643/643/643 639/639/639
f 644/644/644 640/640/640 641/641/641
f 644/644/644 641/641/641 645/645/645
f 646/646/646 640/640/640 644/644/644
f 642/642/642 640/640/640 647/647/647
f 646/646/646 647/647/647 640/640/640
f 643/643/643 642/642/642 648/648/648
f 642/642/642 647/647/647 648/648/648
f 646/646/646 649/649/649 647/647/647
f 649/649/649 648/648/648 647/647/647
f 649/649/649 646/646/646 650/650/650
f 651/651/651 643/643/643 648/648/648
f 643/643/643 651/651/651 652/652/652
f 649/649/649 653/653/653 648/648/648
f 648/648/648 653/653/653 651/651/651
f 654/654/654 649/649/649 650/650/650
f 653/653/653 649/649/649 654/654/654
f 655/655/655 654/654/654 650/650/650
f 651/651/651 653/653/653 656/656/656
f 656/656/656 652/652/652 651/651/651
f 655/655/655 657/657/657 654/654/654
f 657/657/657 655/655/655 658/658/658
f 652/652/652 656/656/656 659/659/659
f 660/660/660 652/652/652 659/659/659
f 660/660/660 659/659/659 661/661/661
f 659/659/659 662/662/662 661/661/661
f 662/662/662 659/659/659 656/656/656
f 663/663/663 662/662/662 656/656/656
f 653/653/653 663/663/663 656/656/656
f 664/664/664 662/662/662 663/663/663
f 665/665/665 653/653/653 654/654/654
f 665/665/665 663/663/663 653/653/653
f 657/657/657 665/665/665 654/654/654
f 666/666/666 664/664/664 663/663/663
f 663/663/663 665/665/665 666/666/666
f 664/664/664 666/666/666 667/667/667
f 666/666/666 668/668/668 667/667/667
f 668/668/668 666/666/666 669/669/669
f 665/665/665 669/669/669 666/666/666
f 669/669/669 670/670/670 668/668/668
f 671/671/671 665/665/665 657/657/657
f 669/669/669 665/665/665 671/671/671
f 657/657/657 672/672/672 671/671/671
f 658/658/658 672/672/672 657/657/657
f 672/672/672 658/658/658 673/673/673
f 671/671/671 674/674/674 669/669/669
f 673/673/673 675/675/675 672/672/672
f 675/675/675 673/673/673 676/676/676
f 677/677/677 671/671/671 672/672/672
f 672/672/672 675/675/675 677/677/677
f 674/674/674 671/671/671 677/677/677
f 678/678/678 675/675/675 676/676/676
f 678/678/678 677/677/677 675/675/675
f 679/679/679 678/678/678 676/676/676
f 680/680/680 678/678/678 679/679/679
f 681/681/681 677/677/677 678/678/678
f 677/677/677 681/681/681 674/674/674
f 678/678/678 680/680/680 682/682/682
f 682/682/682 681/681/681 678/678/678
f 669/669/669 674/674/674 683/683/683
f 670/670/670 669/669/669 683/683/683
f 684/684/684 674/674/674 681/681/681
f 684/684/684 683/683/683 674/674/674
f 681/681/681 685/685/685 684/684/684
f 685/685/685 683/683/683 684/684/684
f 686/686/686 670/670/670 683/683/683
f 683/683/683 685/685/685 686/686/686
f 670/670/670 686/686/686 687/687/687
f 687/687/687 688/688/688 670/670/670
f 686/686/686 685/685/685 689/689/689
f 689/689/689 690/690/690 686/686/686
f 687/687/687 686/686/686 690/690/690
f 691/691/691 689/689/689 685/685/685
f 690/690/690 692/692/692 687/687/687
f 685/685/685 693/693/693 691/691/691
f 694/694/694 687/687/687 692/692/692
f 688/688/688 687/687/687 694/694/694
f 695/695/695 694/694/694 692/692/692
f 688/688/688 694/694/694 695/695/695
f 693/693/693 685/685/685 696/696/696
f 681/681/681 696/696/696 685/685/685
f 693/693/693 696/696/696 697/697/697
f 682/682/682 696/696/696 681/681/681
f 698/698/698 697/697/697 696/696/696
f 699/699/699 696/696/696 682/682/682
f 696/696/696 699/699/699 698/698/698
f 700/700/700 697/697/697 698/698/698
f 697/697/697 700/700/700 701/701/701
f 701/701/701 700/700/700 702/702/702
f 703/703/703 702/702/702 700/700/700
f 703/703/703 700/700/700 698/698/698
f 704/704/704 702/702/702 703/703/703
f 705/705/705 698/698/698 699/699/699
f 698/698/698 705/705/705 703/703/703
f 706/706/706 705/705/705 699/699/699
f 699/699/699 682/682/682 706/706/706
f 707/707/707 703/703/703 705/705/705
f 705/705/705 706/706/706 707/707/707
f 708/708/708 704/704/704 703/703/703
f 708/708/708 703/703/703 707/707/707
f 704/704/704 708/708/708 709/709/709
f 708/708/708 710/710/710 709/709/709
f 710/710/710 708/708/708 711/711/711
f 712/712/712 711/711/711 708/708/708
f 711/711/711 712/712/712 713/713/713
f 714/714/714 708/708/708 707/707/707
f 708/708/708 714/714/714 712/712/712
f 712/712/712 715/715/715 713/713/713
f 716/716/716 713/713/713 715/715/715
f 717/717/717 712/712/712 714/714/714
f 712/712/712 717/717/717 715/715/715
f 707/707/707 718/718/718 714/714/714
f 718/718/718 707/707/707 706/706/706
f 714/714/714 719/719/719 717/717/717
f 719/719/719 714/714/714 718/718/718
f 720/720/720 718/718/718 706/706/706
f 720/720/720 706/706/706 682/682/682
f 680/680/680 720/720/720 682/682/682
f 720/720/720 680/680/680 721/721/721
f 722/722/722 720/720/720 721/721/721
f 723/723/723 718/718/718 720/720/720
f 723/723/723 720/720/720 722/722/722
f 719/719/719 718/718/718 723/723/723
f 724/724/724 723/723/723 722/722/722
f 723/723/723 725/725/725 719/719/719
f 725/725/725 717/717/717 719/719/719
f 726/726/726 723/723/723 724/724/724
f 725/725/725 723/723/723 726/726/726
f 724/724/724 727/727/727 726/726/726
f 727/727/727 724/724/724 728/728/728
f 729/729/729 717/717/717 725/725/725
f 717/717/717 729/729/729 715/715/715
f 728/728/728 730/730/730 727/727/727
f 730/730/730 728/728/728 731/731/731
f 732/732/732 715/715/715 729/729/729
f 732/732/732 716/716/716 715/715/715
f 716/716/716 732/732/732 733/733/733
f 731/731/731 734/734/734 730/730/730
f 734/734/734 731/731/731 735/735/735
f 732/732/732 736/736/736 733/733/733
f 737/737/737 733/733/733 736/736/736
f 738/738/738 732/732/732 729/729/729
f 736/736/736 732/732/732 738/738/738
f 739/739/739 737/737/737 736/736/736
f 740/740/740 737/737/737 739/739/739
f 741/741/741 736/736/736 738/738/738
f 736/736/736 741/741/741 739/739/739
f 738/738/738 729/729/729 742/742/742
f 725/725/725 742/742/742 729/729/729
f 743/743/743 738/738/738 742/742/742
f 741/741/741 738/738/738 743/743/743
f 742/742/742 725/725/725 744/744/744
f 744/744/744 743/743/743 742/742/742
f 725/725/725 726/726/726 744/744/744
f 743/743/743 745/745/745 741/741/741
f 746/746/746 744/744/744 726/726/726
f 727/727/727 746/746/746 726/726/726
f 744/744/744 747/747/747 743/743/743
f 747/747/747 744/744/744 746/746/746
f 747/747/747 745/745/745 743/743/743
f 727/727/727 748/748/748 746/746/746
f 746/746/746 748/748/748 747/747/747
f 748/748/748 727/727/727 730/730/730
f 749/749/749 747/747/747 748/748/748
f 730/730/730 749/749/749 748/748/748
f 747/747/747 749/749/749 745/745/745
f 749/749/749 730/730/730 734/734/734
f 750/750/750 741/741/741 745/745/745
f 741/741/741 750/750/750 739/739/739
f 745/745/745 749/749/749 751/751/751
f 751/751/751 750/750/750 745/745/745
f 752/752/752 739/739/739 750/750/750
f 752/752/752 740/740/740 739/739/739
f 753/753/753 740/740/740 752/752/752
f 750/750/750 751/751/751 754/754/754
f 754/754/754 752/752/752 750/750/750
f 755/755/755 753/753/753 752/752/752
f 752/752/752 754/754/754 755/755/755
f 753/753/753 755/755/755 756/756/756
f 755/755/755 757/757/757 756/756/756
f 751/751/751 758/758/758 754/754/754
f 749/749/749 758/758/758 751/751/751
f 754/754/754 759/759/759 755/755/755
f 758/758/758 759/759/759 754/754/754
f 757/757/757 755/755/755 760/760/760
f 759/759/759 760/760/760 755/755/755
f 760/760/760 761/761/761 757/757/757
f 762/762/762 761/761/761 760/760/760
f 749/749/749 763/763/763 758/758/758
f 758/758/758 763/763/763 759/759/759
f 734/734/734 763/763/763 749/749/749
f 764/764/764 760/760/760 759/759/759
f 760/760/760 764/764/764 762/762/762
f 764/764/764 759/759/759 763/763/763
f 764/764/764 765/765/765 762/762/762
f 763/763/763 734/734/734 766/766/766
f 735/735/735 766/766/766 734/734/734
f 766/766/766 735/735/735 767/767/767
f 768/768/768 764/764/764 763/763/763
f 765/765/765 764/764/764 768/768/768
f 768/768/768 763/763/763 766/766/766
f 765/765/765 768/768/768 769/769/769
f 768/768/768 770/770/770 769/769/769
f 770/770/770 768/768/768 766/766/766
f 770/770/770 766/766/766 767/767/767
f 771/771/771 770/770/770 767/767/767
f 772/772/772 773/773/773 774/774/774
f 775/775/775 774/774/774 773/773/773
f 774/774/774 775/775/775 776/776/776
f 775/775/775 777/777/777 776/776/776
f 778/778/778 776/776/776 777/777/777
f 777/777/777 779/779/779 778/778/778
f 779/779/779 780/780/780 778/778/778
f 779/779/779 781/781/781 780/780/780
f 781/781/781 782/782/782 780/780/780
f 782/782/782 781/781/781 783/783/783
f 783/783/783 784/784/784 782/782/782
f 785/785/785 784/784/784 783/783/783
f 782/782/782 784/784/784 786/786/786
f 782/782/782 786/786/786 787/787/787
f 784/784/784 785/785/785 788/788/788
f 789/789/789 788/788/788 785/785/785
f 790/790/790 786/786/786 784/784/784
f 788/788/788 790/790/790 784/784/784
f 791/791/791 787/787/787 786/786/786
f 787/787/787 791/791/791 792/792/792
f 791/791/791 793/793/793 792/792/792
f 794/794/794 791/791/791 786/786/786
f 786/786/786 790/790/790 794/794/794
f 791/791/791 795/795/795 793/793/793
f 796/796/796 793/793/793 795/795/795
f 791/791/791 794/794/794 797/797/797
f 797/797/797 795/795/795 791/791/791
f 796/796/796 795/795/795 798/798/798
f 796/796/796 798/798/798 799/799/799
f 798/798/798 800/800/800 799/799/799
f 795/795/795 797/797/797 801/801/801
f 802/802/802 800/800/800 798/798/798
f 800/800/800 802/802/802 803/803/803
f 802/802/802 804/804/804 803/803/803
f 795/795/795 805/805/805 798/798/798
f 805/805/805 795/795/795 801/801/801
f 798/798/798 806/806/806 802/802/802
f 806/806/806 798/798/798 805/805/805
f 804/804/804 802/802/802 807/807/807
f 807/807/807 808/808/808 804/804/804
f 802/802/802 806/806/806 809/809/809
f 802/802/802 809/809/809 807/807/807
f 810/810/810 808/808/808 807/807/807
f 808/808/808 810/810/810 811/811/811
f 810/810/810 812/812/812 811/811/811
f 813/813/813 814/814/814 812/812/812
f 812/812/812 810/810/810 813/813/813
f 810/810/810 815/815/815 813/813/813
f 807/807/807 816/816/816 810/810/810
f 816/816/816 815/815/815 810/810/810
f 816/816/816 807/807/807 809/809/809
f 816/816/816 817/817/817 815/815/815
f 817/817/817 816/816/816 818/818/818
f 809/809/809 818/818/818 816/816/816
f 817/817/817 818/818/818 819/819/819
f 818/818/818 820/820/820 819/819/819
f 818/818/818 809/809/809 821/821/821
f 820/820/820 818/818/818 821/821/821
f 806/806/806 821/821/821 809/809/809
f 821/821/821 822/822/822 820/820/820
f 821/821/821 806/806/806 823/823/823
f 822/822/822 821/821/821 823/823/823
f 806/806/806 805/805/805 823/823/823
f 823/823/823 824/824/824 822/822/822
f 825/825/825 823/823/823 805/805/805
f 824/824/824 823/823/823 825/825/825
f 801/801/801 825/825/825 805/805/805
f 825/825/825 826/826/826 824/824/824
f 825/825/825 801/801/801 827/827/827
f 826/826/826 825/825/825 827/827/827
f 797/797/797 827/827/827 801/801/801
f 828/828/828 826/826/826 827/827/827
f 829/829/829 828/828/828 827/827/827
f 827/827/827 797/797/797 829/829/829
f 829/829/829 830/830/830 828/828/828
f 797/797/797 831/831/831 829/829/829
f 830/830/830 829/829/829 831/831/831
f 831/831/831 797/797/797 794/794/794
f 832/832/832 830/830/830 831/831/831
f 794/794/794 832/832/832 831/831/831
f 830/830/830 832/832/832 833/833/833
f 832/832/832 794/794/794 790/790/790
f 832/832/832 834/834/834 833/833/833
f 834/834/834 832/832/832 835/835/835
f 790/790/790 835/835/835 832/832/832
f 835/835/835 836/836/836 834/834/834
f 835/835/835 790/790/790 837/837/837
f 837/837/837 790/790/790 788/788/788
f 835/835/835 838/838/838 836/836/836
f 837/837/837 838/838/838 835/835/835
f 838/838/838 839/839/839 836/836/836
f 194/194/194 837/837/837 788/788/788
f 788/788/788 789/789/789 194/194/194
f 837/837/837 194/194/194 192/192/192
f 188/188/188 837/837/837 192/192/192
f 838/838/838 837/837/837 188/188/188
f 840/840/840 194/194/194 789/789/789
f 203/203/203 840/840/840 789/789/789
f 191/191/191 194/194/194 840/840/840
f 203/203/203 198/198/198 840/840/840
f 198/198/198 191/191/191 840/840/840
f 841/841/841 838/838/838 188/188/188
f 839/839/839 838/838/838 841/841/841
f 188/188/188 842/842/842 841/841/841
f 843/843/843 839/839/839 841/841/841
f 842/842/842 844/844/844 841/841/841
f 841/841/841 844/844/844 843/843/843
f 844/844/844 842/842/842 845/845/845
f 843/843/843 844/844/844 846/846/846
f 845/845/845 846/846/846 844/844/844
f 846/846/846 845/845/845 847/847/847
f 843/843/843 846/846/846 848/848/848
f 849/849/849 846/846/846 847/847/847
f 849/849/849 848/848/848 846/846/846
f 849/849/849 850/850/850 848/848/848
f 850/850/850 849/849/849 851/851/851
f 850/850/850 852/852/852 848/848/848
f 853/853/853 854/854/854 855/855/855
f 854/854/854 856/856/856 855/855/855
f 856/856/856 854/854/854 857/857/857
f 856/856/856 857/857/857 858/858/858
f 857/857/857 859/859/859 858/858/858
f 859/859/859 860/860/860 858/858/858
f 859/859/859 861/861/861 860/860/860
f 860/860/860 861/861/861 862/862/862
f 863/863/863 862/862/862 861/861/861
f 863/863/863 864/864/864 865/865/865
f 863/863/863 866/866/866 864/864/864
f 863/863/863 867/867/867 866/866/866
f 859/859/859 868/868/868 861/861/861
f 868/868/868 859/859/859 857/857/857
f 861/861/861 869/869/869 863/863/863
f 867/867/867 863/863/863 870/870/870
f 869/869/869 870/870/870 863/863/863
f 870/870/870 871/871/871 867/867/867
f 872/872/872 871/871/871 870/870/870
f 861/861/861 873/873/873 869/869/869
f 868/868/868 873/873/873 861/861/861
f 873/873/873 870/870/870 869/869/869
f 874/874/874 872/872/872 870/870/870
f 868/868/868 875/875/875 873/873/873
f 876/876/876 874/874/874 870/870/870
f 874/874/874 876/876/876 877/877/877
f 877/877/877 876/876/876 878/878/878
f 876/876/876 879/879/879 878/878/878
f 880/880/880 879/879/879 876/876/876
f 879/879/879 880/880/880 881/881/881
f 882/882/882 880/880/880 876/876/876
f 870/870/870 882/882/882 876/876/876
f 883/883/883 881/881/881 880/880/880
f 883/883/883 880/880/880 882/882/882
f 884/884/884 881/881/881 883/883/883
f 885/885/885 882/882/882 870/870/870
f 886/886/886 884/884/884 883/883/883
f 884/884/884 886/886/886 887/887/887
f 888/888/888 883/883/883 882/882/882
f 883/883/883 888/888/888 886/886/886
f 882/882/882 885/885/885 888/888/888
f 886/886/886 889/889/889 887/887/887
f 888/888/888 889/889/889 886/886/886
f 887/887/887 889/889/889 890/890/890
f 891/891/891 892/892/892 890/890/890
f 893/893/893 891/891/891 890/890/890
f 894/894/894 893/893/893 890/890/890
f 895/895/895 894/894/894 890/890/890
f 889/889/889 895/895/895 890/890/890
f 894/894/894 895/895/895 896/896/896
f 889/889/889 888/888/888 897/897/897
f 895/895/895 889/889/889 897/897/897
f 888/888/888 898/898/898 897/897/897
f 898/898/898 888/888/888 885/885/885
f 897/897/897 899/899/899 895/895/895
f 898/898/898 899/899/899 897/897/897
f 895/895/895 900/900/900 896/896/896
f 899/899/899 900/900/900 895/895/895
f 901/901/901 898/898/898 885/885/885
f 900/900/900 899/899/899 902/902/902
f 885/885/885 903/903/903 901/901/901
f 903/903/903 885/885/885 870/870/870
f 870/870/870 873/873/873 903/903/903
f 875/875/875 903/903/903 873/873/873
f 904/904/904 901/901/901 903/903/903
f 903/903/903 875/875/875 904/904/904
f 898/898/898 901/901/901 905/905/905
f 901/901/901 904/904/904 905/905/905
f 906/906/906 899/899/899 898/898/898
f 905/905/905 906/906/906 898/898/898
f 905/905/905 904/904/904 907/907/907
f 907/907/907 908/908/908 905/905/905
f 908/908/908 906/906/906 905/905/905
f 904/904/904 909/909/909 907/907/907
f 909/909/909 904/904/904 875/875/875
f 906/906/906 908/908/908 910/910/910
f 911/911/911 906/906/906 910/910/910
f 912/912/912 909/909/909 875/875/875
f 875/875/875 868/868/868 912/912/912
f 909/909/909 912/912/912 913/913/913
f 857/857/857 912/912/912 868/868/868
f 913/913/913 912/912/912 857/857/857
f 857/857/857 914/914/914 913/913/913
f 914/914/914 857/857/857 915/915/915
f 915/915/915 916/916/916 914/914/914
f 916/916/916 915/915/915 917/917/917
f 917/917/917 918/918/918 916/916/916
f 918/918/918 917/917/917 919/919/919
f 920/920/920 918/918/918 919/919/919
f 918/918/918 920/920/920 921/921/921
f 922/922/922 921/921/921 920/920/920
f 921/921/921 922/922/922 923/923/923
f 924/924/924 923/923/923 922/922/922
f 923/923/923 925/925/925 921/921/921
f 926/926/926 925/925/925 923/923/923
f 926/926/926 927/927/927 925/925/925
f 927/927/927 926/926/926 928/928/928
f 927/927/927 928/928/928 929/929/929
f 930/930/930 927/927/927 929/929/929
f 930/930/930 929/929/929 931/931/931
f 932/932/932 930/930/930 931/931/931
f 930/930/930 932/932/932 933/933/933
f 933/933/933 932/932/932 934/934/934
f 935/935/935 933/933/933 934/934/934
f 935/935/935 936/936/936 933/933/933
f 936/936/936 935/935/935 937/937/937
f 937/937/937 938/938/938 936/936/936
f 937/937/937 939/939/939 938/938/938
f 938/938/938 939/939/939 940/940/940
f 940/940/940 939/939/939 941/941/941
f 942/942/942 940/940/940 941/941/941
f 940/940/940 942/942/942 943/943/943
f 944/944/944 940/940/940 943/943/943
f 945/945/945 946/946/946 947/947/947
f 947/947/947 948/948/948 945/945/945
f 948/948/948 947/947/947 949/949/949
f 950/950/950 948/948/948 949/949/949
f 951/951/951 950/950/950 949/949/949
f 950/950/950 951/951/951 952/952/952
f 953/953/953 952/952/952 951/951/951
f 952/952/952 953/953/953 954/954/954
f 955/955/955 954/954/954 953/953/953
f 954/954/954 955/955/955 956/956/956
f 956/956/956 955/955/955 957/957/957
f 957/957/957 958/958/958 956/956/956
f 959/959/959 957/957/957 955/955/955
f 955/955/955 960/960/960 959/959/959
f 958/958/958 957/957/957 961/961/961
f 961/961/961 962/962/962 958/958/958
f 959/959/959 963/963/963 957/957/957
f 961/961/961 957/957/957 963/963/963
f 960/960/960 964/964/964 959/959/959
f 964/964/964 960/960/960 965/965/965
f 965/965/965 966/966/966 964/964/964
f 964/964/964 967/967/967 959/959/959
f 963/963/963 959/959/959 967/967/967
f 968/968/968 964/964/964 966/966/966
f 969/969/969 968/968/968 966/966/966
f 967/967/967 964/964/964 970/970/970
f 968/968/968 970/970/970 964/964/964
f 971/971/971 968/968/968 969/969/969
f 971/971/971 969/969/969 972/972/972
f 971/971/971 972/972/972 973/973/973
f 970/970/970 968/968/968 974/974/974
f 973/973/973 975/975/975 971/971/971
f 975/975/975 973/973/973 976/976/976
f 977/977/977 975/975/975 976/976/976
f 978/978/978 968/968/968 971/971/971
f 968/968/968 978/978/978 974/974/974
f 979/979/979 971/971/971 975/975/975
f 971/971/971 979/979/979 978/978/978
f 975/975/975 977/977/977 980/980/980
f 980/980/980 977/977/977 981/981/981
f 975/975/975 982/982/982 979/979/979
f 982/982/982 975/975/975 980/980/980
f 981/981/981 983/983/983 980/980/980
f 983/983/983 981/981/981 984/984/984
f 985/985/985 983/983/983 984/984/984
f 986/986/986 985/985/985 987/987/987
f 983/983/983 985/985/985 986/986/986
f 983/983/983 986/986/986 988/988/988
f 989/989/989 980/980/980 983/983/983
f 983/983/983 988/988/988 989/989/989
f 980/980/980 989/989/989 982/982/982
f 990/990/990 989/989/989 988/988/988
f 989/989/989 990/990/990 991/991/991
f 991/991/991 982/982/982 989/989/989
f 990/990/990 992/992/992 991/991/991
f 993/993/993 991/991/991 992/992/992
f 982/982/982 991/991/991 994/994/994
f 991/991/991 993/993/993 994/994/994
f 994/994/994 979/979/979 982/982/982
f 995/995/995 994/994/994 993/993/993
f 979/979/979 994/994/994 996/996/996
f 994/994/994 995/995/995 996/996/996
f 978/978/978 979/979/979 996/996/996
f 997/997/997 996/996/996 995/995/995
f 998/998/998 978/978/978 996/996/996
f 996/996/996 997/997/997 998/998/998
f 998/998/998 974/974/974 978/978/978
f 999/999/999 998/998/998 997/997/997
f 974/974/974 998/998/998 1000/1000/1000
f 998/998/998 999/999/999 1000/1000/1000
f 1000/1000/1000 970/970/970 974/974/974
f 1001/1001/1001 1000/1000/1000 999/999/999
f 1002/1002/1002 1000/1000/1000 1001/1001/1001
f 970/970/970 1000/1000/1000 1002/1002/1002
f 1003/1003/1003 1002/1002/1002 1001/1001/1001
f 1004/1004/1004 970/970/970 1002/1002/1002
f 1002/1002/1002 1003/1003/1003 1004/1004/1004
f 970/970/970 1004/1004/1004 967/967/967
f 1003/1003/1003 1005/1005/1005 1004/1004/1004
f 1005/1005/1005 967/967/967 1004/1004/1004
f 1005/1005/1005 1003/1003/1003 1006/1006/1006
f 967/967/967 1005/1005/1005 963/963/963
f 1007/1007/1007 1005/1005/1005 1006/1006/1006
f 1005/1005/1005 1007/1007/1007 1008/1008/1008
f 1008/1008/1008 963/963/963 1005/1005/1005
f 1009/1009/1009 1008/1008/1008 1007/1007/1007
f 963/963/963 1008/1008/1008 1010/1010/1010
f 963/963/963 1010/1010/1010 961/961/961
f 1011/1011/1011 1008/1008/1008 1009/1009/1009
f 1011/1011/1011 1010/1010/1010 1008/1008/1008
f 1012/1012/1012 1011/1011/1011 1009/1009/1009
f 1010/1010/1010 902/902/902 961/961/961
f 962/962/962 961/961/961 902/902/902
f 902/902/902 1010/1010/1010 900/900/900
f 896/896/896 900/900/900 1010/1010/1010
f 1010/1010/1010 1011/1011/1011 896/896/896
f 1013/1013/1013 962/962/962 902/902/902
f 911/911/911 962/962/962 1013/1013/1013
f 899/899/899 1013/1013/1013 902/902/902
f 906/906/906 911/911/911 1013/1013/1013
f 899/899/899 906/906/906 1013/1013/1013
f 1014/1014/1014 896/896/896 1011/1011/1011
f 1011/1011/1011 1012/1012/1012 1014/1014/1014
f 896/896/896 1014/1014/1014 1015/1015/1015
f 1012/1012/1012 1016/1016/1016 1014/1014/1014
f 1014/1014/1014 1017/1017/1017 1015/1015/1015
f 1014/1014/1014 1016/1016/1016 1017/1017/1017
f 1017/1017/1017 1018/1018/1018 1015/1015/1015
f 1016/1016/1016 1019/1019/1019 1017/1017/1017
f 1019/1019/1019 1018/1018/1018 1017/1017/1017
f 1018/1018/1018 1019/1019/1019 1020/1020/1020
f 1019/1019/1019 1016/1016/1016 1021/1021/1021
f 1022/1022/1022 1020/1020/1020 1019/1019/1019
f 1019/1019/1019 1021/1021/1021 1022/1022/1022
f 1023/1023/1023 1022/1022/1022 1021/1021/1021
f 1022/1022/1022 1023/1023/1023 1024/1024/1024
f 1023/1023/1023 1021/1021/1021 1025/1025/1025
f 1026/1026/1026 1027/1027/1027 1028/1028/1028
f 1029/1029/1029 1027/1027/1027 1026/1026/1026
f 1030/1030/1030 1031/1031/1031 1032/1032/1032
f 1033/1033/1033 1030/1030/1030 1032/1032/1032
f 1034/1034/1034 1035/1035/1035 1036/1036/1036
f 1035/1035/1035 1034/1034/1034 1037/1037/1037
f 1038/1038/1038 1035/1035/1035 1037/1037/1037
f 1039/1039/1039 1038/1038/1038 1037/1037/1037
f 1040/1040/1040 1038/1038/1038 1039/1039/1039
f 1041/1041/1041 1038/1038/1038 1040/1040/1040
f 1038/1038/1038 1041/1041/1041 1042/1042/1042
f 1042/1042/1042 1041/1041/1041 1043/1043/1043
f 1042/1042/1042 1043/1043/1043 1044/1044/1044
f 1045/1045/1045 1042/1042/1042 1044/1044/1044
f 1045/1045/1045 1046/1046/1046 1042/1042/1042
f 1047/1047/1047 1046/1046/1046 1045/1045/1045
f 1047/1047/1047 1048/1048/1048 1046/1046/1046
f 1049/1049/1049 1050/1050/1050 1051/1051/1051
f 1050/1050/1050 1049/1049/1049 1052/1052/1052
f 1053/1053/1053 1052/1052/1052 1049/1049/1049
f 1052/1052/1052 1053/1053/1053 1054/1054/1054
f 1053/1053/1053 1055/1055/1055 1054/1054/1054
f 1055/1055/1055 1053/1053/1053 1056/1056/1056
f 1056/1056/1056 1057/1057/1057 1055/1055/1055
f 1057/1057/1057 1056/1056/1056 1058/1058/1058
f 1059/1059/1059 1060/1060/1060 1061/1061/1061
f 1059/1059/1059 1062/1062/1062 1060/1060/1060
f 1059/1059/1059 1063/1063/1063 1062/1062/1062
f 1062/1062/1062 1063/1063/1063 1064/1064/1064
f 1063/1063/1063 1065/1065/1065 1064/1064/1064
f 1064/1064/1064 1065/1065/1065 1066/1066/1066
f 1067/1067/1067 1066/1066/1066 1065/1065/1065
f 1066/1066/1066 1067/1067/1067 1068/1068/1068
f 1069/1069/1069 1068/1068/1068 1067/1067/1067
f 1068/1068/1068 1069/1069/1069 1070/1070/1070
f 1071/1071/1071 1070/1070/1070 1069/1069/1069
f 1070/1070/1070 1071/1071/1071 1072/1072/1072
f 1073/1073/1073 1072/1072/1072 1071/1071/1071
f 1072/1072/1072 1073/1073/1073 1074/1074/1074
f 1075/1075/1075 1074/1074/1074 1073/1073/1073
f 1076/1076/1076 1075/1075/1075 1073/1073/1073
f 1077/1077/1077 1075/1075/1075 1076/1076/1076
f 1078/1078/1078 1077/1077/1077 1076/1076/1076
f 1079/1079/1079 1077/1077/1077 1078/1078/1078
f 1077/1077/1077 1079/1079/1079 1080/1080/1080
f 1081/1081/1081 1080/1080/1080 1079/1079/1079
f 1081/1081/1081 1082/1082/1082 1080/1080/1080
f 1083/1083/1083 1082/1082/1082 1081/1081/1081
f 1083/1083/1083 1084/1084/1084 1082/1082/1082
f 1085/1085/1085 1084/1084/1084 1083/1083/1083
f 1085/1085/1085 1086/1086/1086 1084/1084/1084
f 1087/1087/1087 1086/1086/1086 1085/1085/1085
f 1088/1088/1088 1087/1087/1087 1085/1085/1085
f 1088/1088/1088 1089/1089/1089 1087/1087/1087
f 1089/1089/1089 1088/1088/1088 1090/1090/1090
f 1090/1090/1090 1091/1091/1091 1089/1089/1089
f 1091/1091/1091 1090/1090/1090 1092/1092/1092
f 1093/1093/1093 1091/1091/1091 1092/1092/1092
f 1094/1094/1094 1095/1095/1095 1096/1096/1096
f 1095/1095/1095 1094/1094/1094 1097/1097/1097
f 1098/1098/1098 1097/1097/1097 1094/1094/1094
f 1097/1097/1097 1098/1098/1098 1099/1099/1099
f 1098/1098/1098 1100/1100/1100 1099/1099/1099
f 1101/1101/1101 1100/1100/1100 1098/1098/1098
f 1101/1101/1101 1102/1102/1102 1100/1100/1100
f 1102/1102/1102 1101/1101/1101 1103/1103/1103
f 1104/1104/1104 1105/1105/1105 1106/1106/1106
f 1106/1106/1106 1107/1107/1107 1108/1108/1108
f 1109/1109/1109 1110/1110/1110 1111/1111/1111
f 1112/1112/1112 1111/1111/1111 1110/1110/1110
f 1110/1110/1110 1113/1113/1113 1112/1112/1112
f 1112/1112/1112 1114/1114/1114 1111/1111/1111
f 1115/1115/1115 1112/1112/1112 1113/1113/1113
f 1112/1112/1112 1115/1115/1115 1116/1116/1116
f 1117/1117/1117 1116/1116/1116 1115/1115/1115
f 1118/1118/1118 1114/1114/1114 1112/1112/1112
f 1116/1116/1116 1118/1118/1118 1112/1112/1112
f 1116/1116/1116 1117/1117/1117 1119/1119/1119
f 1120/1120/1120 1119/1119/1119 1117/1117/1117
f 1121/1121/1121 1118/1118/1118 1116/1116/1116
f 1121/1121/1121 1116/1116/1116 1119/1119/1119
f 1119/1119/1119 1120/1120/1120 1122/1122/1122
f 1123/1123/1123 1122/1122/1122 1120/1120/1120
f 1124/1124/1124 1121/1121/1121 1119/1119/1119
f 1119/1119/1119 1122/1122/1122 1124/1124/1124
f 1122/1122/1122 1123/1123/1123 1125/1125/1125
f 1126/1126/1126 1125/1125/1125 1123/1123/1123
f 1127/1127/1127 1124/1124/1124 1122/1122/1122
f 1125/1125/1125 1127/1127/1127 1122/1122/1122
f 1125/1125/1125 1128/1128/1128 1127/1127/1127
f 1125/1125/1125 1126/1126/1126 1129/1129/1129
f 1128/1128/1128 1125/1125/1125 1129/1129/1129
f 1130/1130/1130 1129/1129/1129 1126/1126/1126
f 1131/1131/1131 1128/1128/1128 1129/1129/1129
f 1129/1129/1129 1130/1130/1130 1132/1132/1132
f 1129/1129/1129 1132/1132/1132 1131/1131/1131
f 1133/1133/1133 1132/1132/1132 1130/1130/1130
f 1133/1133/1133 1131/1131/1131 1132/1132/1132
f 1134/1134/1134 1121/1121/1121 1124/1124/1124
f 1134/1134/1134 1124/1124/1124 1135/1135/1135
f 1136/1136/1136 1134/1134/1134 1135/1135/1135
f 1121/1121/1121 1134/1134/1134 1137/1137/1137
f 1136/1136/1136 1137/1137/1137 1134/1134/1134
f 1137/1137/1137 1118/1118/1118 1121/1121/1121
f 1137/1137/1137 1136/1136/1136 1138/1138/1138
f 1138/1138/1138 1139/1139/1139 1137/1137/1137
f 1118/1118/1118 1137/1137/1137 1139/1139/1139
f 1139/1139/1139 1138/1138/1138 1140/1140/1140
f 1141/1141/1141 1118/1118/1118 1139/1139/1139
f 1140/1140/1140 1141/1141/1141 1139/1139/1139
f 1141/1141/1141 1114/1114/1114 1118/1118/1118
f 1141/1141/1141 1140/1140/1140 1142/1142/1142
f 1141/1141/1141 1143/1143/1143 1114/1114/1114
f 1141/1141/1141 1142/1142/1142 1144/1144/1144
f 1145/1145/1145 1143/1143/1143 1141/1141/1141
f 1145/1145/1145 1141/1141/1141 1144/1144/1144
f 1146/1146/1146 1147/1147/1147 1148/1148/1148
f 1147/1147/1147 1146/1146/1146 1149/1149/1149
f 1150/1150/1150 1149/1149/1149 1146/1146/1146
f 1149/1149/1149 1150/1150/1150 1151/1151/1151
f 1150/1150/1150 1152/1152/1152 1151/1151/1151
f 1152/1152/1152 1150/1150/1150 1153/1153/1153
f 1153/1153/1153 1154/1154/1154 1152/1152/1152
f 1154/1154/1154 1153/1153/1153 1155/1155/1155
f 1155/1155/1155 1156/1156/1156 1154/1154/1154
f 1156/1156/1156 1155/1155/1155 1157/1157/1157
f 1158/1158/1158 1159/1159/1159 1160/1160/1160
f 1159/1159/1159 1161/1161/1161 1160/1160/1160
f 1161/1161/1161 1159/1159/1159 1162/1162/1162
f 1163/1163/1163 1161/1161/1161 1162/1162/1162
f 1161/1161/1161 1163/1163/1163 1164/1164/1164
f 1165/1165/1165 1166/1166/1166 1167/1167/1167
f 1166/1166/1166 1165/1165/1165 1168/1168/1168
f 1169/1169/1169 1168/1168/1168 1165/1165/1165
f 1170/1170/1170 1168/1168/1168 1169/1169/1169
f 1171/1171/1171 1172/1172/1172 1173/1173/1173
f 1174/1174/1174 1173/1173/1173 1172/1172/1172
f 1174/1174/1174 1172/1172/1172 1175/1175/1175
f 1176/1176/1176 1174/1174/1174 1175/1175/1175
f 1176/1176/1176 1177/1177/1177 1174/1174/1174
f 1177/1177/1177 1178/1178/1178 1174/1174/1174
f 1178/1178/1178 1177/1177/1177 1179/1179/1179
f 1179/1179/1179 1180/1180/1180 1178/1178/1178
f 1180/1180/1180 1179/1179/1179 1181/1181/1181
f 1181/1181/1181 1182/1182/1182 1180/1180/1180
f 1182/1182/1182 1181/1181/1181 1183/1183/1183
f 1180/1180/1180 1182/1182/1182 1184/1184/1184
f 1183/1183/1183 1185/1185/1185 1182/1182/1182
f 1185/1185/1185 1184/1184/1184 1182/1182/1182
f 1184/1184/1184 1185/1185/1185 1186/1186/1186
f 1185/1185/1185 1183/1183/1183 1187/1187/1187
f 1185/1185/1185 1188/1188/1188 1186/1186/1186
f 1187/1187/1187 1189/1189/1189 1185/1185/1185
f 1188/1188/1188 1185/1185/1185 1189/1189/1189
f 1189/1189/1189 1187/1187/1187 1190/1190/1190
f 1191/1191/1191 1189/1189/1189 1190/1190/1190
f 1192/1192/1192 1188/1188/1188 1189/1189/1189
f 1191/1191/1191 1192/1192/1192 1189/1189/1189
f 1188/1188/1188 1192/1192/1192 1193/1193/1193
f 1194/1194/1194 1192/1192/1192 1191/1191/1191
f 1192/1192/1192 1195/1195/1195 1193/1193/1193
f 1195/1195/1195 1196/1196/1196 1193/1193/1193
f 1196/1196/1196 1195/1195/1195 1197/1197/1197
f 1194/1194/1194 1198/1198/1198 1192/1192/1192
f 1198/1198/1198 1195/1195/1195 1192/1192/1192
f 1199/1199/1199 1198/1198/1198 1194/1194/1194
f 1200/1200/1200 1197/1197/1197 1195/1195/1195
f 1195/1195/1195 1198/1198/1198 1200/1200/1200
f 1200/1200/1200 1201/1201/1201 1197/1197/1197
f 1200/1200/1200 1202/1202/1202 1201/1201/1201
f 1198/1198/1198 1202/1202/1202 1200/1200/1200
f 1202/1202/1202 1203/1203/1203 1201/1201/1201
f 1199/1199/1199 1204/1204/1204 1198/1198/1198
f 1202/1202/1202 1198/1198/1198 1204/1204/1204
f 1203/1203/1203 1202/1202/1202 1205/1205/1205
f 1202/1202/1202 1204/1204/1204 1205/1205/1205
f 1205/1205/1205 1206/1206/1206 1203/1203/1203
f 1199/1199/1199 1207/1207/1207 1204/1204/1204
f 1207/1207/1207 1199/1199/1199 1208/1208/1208
f 1205/1205/1205 1209/1209/1209 1206/1206/1206
f 1210/1210/1210 1206/1206/1206 1209/1209/1209
f 1205/1205/1205 1204/1204/1204 1211/1211/1211
f 1204/1204/1204 1207/1207/1207 1211/1211/1211
f 1205/1205/1205 1212/1212/1212 1209/1209/1209
f 1212/1212/1212 1210/1210/1210 1209/1209/1209
f 1212/1212/1212 1205/1205/1205 1211/1211/1211
f 1208/1208/1208 1213/1213/1213 1207/1207/1207
f 1213/1213/1213 1208/1208/1208 1214/1214/1214
f 1215/1215/1215 1211/1211/1211 1207/1207/1207
f 1207/1207/1207 1213/1213/1213 1215/1215/1215
f 1214/1214/1214 1216/1216/1216 1213/1213/1213
f 1216/1216/1216 1214/1214/1214 1217/1217/1217
f 1218/1218/1218 1217/1217/1217 1219/1219/1219
f 1217/1217/1217 1218/1218/1218 1216/1216/1216
f 1216/1216/1216 1218/1218/1218 1220/1220/1220
f 1221/1221/1221 1213/1213/1213 1216/1216/1216
f 1220/1220/1220 1221/1221/1221 1216/1216/1216
f 1213/1213/1213 1221/1221/1221 1215/1215/1215
f 1221/1221/1221 1220/1220/1220 1222/1222/1222
f 1222/1222/1222 1223/1223/1223 1221/1221/1221
f 1221/1221/1221 1223/1223/1223 1215/1215/1215
f 1223/1223/1223 1222/1222/1222 1224/1224/1224
f 1225/1225/1225 1223/1223/1223 1224/1224/1224
f 1223/1223/1223 1226/1226/1226 1215/1215/1215
f 1223/1223/1223 1225/1225/1225 1226/1226/1226
f 1226/1226/1226 1211/1211/1211 1215/1215/1215
f 1211/1211/1211 1226/1226/1226 1212/1212/1212
f 1226/1226/1226 1225/1225/1225 1227/1227/1227
f 1212/1212/1212 1226/1226/1226 1227/1227/1227
f 1212/1212/1212 1227/1227/1227 1228/1228/1228
f 1229/1229/1229 1228/1228/1228 1227/1227/1227
f 1212/1212/1212 1228/1228/1228 1230/1230/1230
f 1212/1212/1212 1230/1230/1230 1210/1210/1210
f 1210/1210/1210 1230/1230/1230 1231/1231/1231
f 1232/1232/1232 1228/1228/1228 1229/1229/1229
f 1233/1233/1233 1232/1232/1232 1229/1229/1229
f 1228/1228/1228 1234/1234/1234 1230/1230/1230
f 1232/1232/1232 1234/1234/1234 1228/1228/1228
f 1231/1231/1231 1230/1230/1230 1235/1235/1235
f 1234/1234/1234 1235/1235/1235 1230/1230/1230
f 1236/1236/1236 1231/1231/1231 1235/1235/1235
f 1232/1232/1232 1237/1237/1237 1234/1234/1234
f 1237/1237/1237 1232/1232/1232 1238/1238/1238
f 1239/1239/1239 1234/1234/1234 1237/1237/1237
f 1238/1238/1238 1232/1232/1232 1240/1240/1240
f 1232/1232/1232 1233/1233/1233 1240/1240/1240
f 1238/1238/1238 1240/1240/1240 1241/1241/1241
f 1233/1233/1233 1242/1242/1242 1240/1240/1240
f 1239/1239/1239 1243/1243/1243 1234/1234/1234
f 1235/1235/1235 1234/1234/1234 1243/1243/1243
f 1242/1242/1242 1244/1244/1244 1240/1240/1240
f 1242/1242/1242 1245/1245/1245 1244/1244/1244
f 1240/1240/1240 1246/1246/1246 1241/1241/1241
f 1246/1246/1246 1240/1240/1240 1244/1244/1244
f 1241/1241/1241 1246/1246/1246 1247/1247/1247
f 1245/1245/1245 1248/1248/1248 1244/1244/1244
f 1246/1246/1246 1244/1244/1244 1248/1248/1248
f 1248/1248/1248 1245/1245/1245 1249/1249/1249
f 1250/1250/1250 1248/1248/1248 1249/1249/1249
f 1251/1251/1251 1247/1247/1247 1246/1246/1246
f 1251/1251/1251 1246/1246/1246 1248/1248/1248
f 1248/1248/1248 1250/1250/1250 1251/1251/1251
f 1251/1251/1251 1252/1252/1252 1247/1247/1247
f 1250/1250/1250 1253/1253/1253 1251/1251/1251
f 1252/1252/1252 1251/1251/1251 1253/1253/1253
f 1254/1254/1254 1236/1236/1236 1235/1235/1235
f 1243/1243/1243 1254/1254/1254 1235/1235/1235
f 1236/1236/1236 1254/1254/1254 1255/1255/1255
f 1255/1255/1255 1254/1254/1254 1256/1256/1256
f 1254/1254/1254 1243/1243/1243 1257/1257/1257
f 1239/1239/1239 1257/1257/1257 1243/1243/1243
f 1257/1257/1257 1239/1239/1239 1258/1258/1258
f 1256/1256/1256 1254/1254/1254 1259/1259/1259
f 1259/1259/1259 1254/1254/1254 1257/1257/1257
f 1260/1260/1260 1256/1256/1256 1259/1259/1259
f 1261/1261/1261 1257/1257/1257 1258/1258/1258
f 1259/1259/1259 1257/1257/1257 1261/1261/1261
f 1262/1262/1262 1261/1261/1261 1258/1258/1258
f 1263/1263/1263 1260/1260/1260 1259/1259/1259
f 1263/1263/1263 1259/1259/1259 1261/1261/1261
f 1260/1260/1260 1263/1263/1263 1264/1264/1264
f 1263/1263/1263 1265/1265/1265 1264/1264/1264
f 1262/1262/1262 1266/1266/1266 1261/1261/1261
f 1261/1261/1261 1266/1266/1266 1263/1263/1263
f 1266/1266/1266 1265/1265/1265 1263/1263/1263
f 1266/1266/1266 1262/1262/1262 1267/1267/1267
f 1265/1265/1265 1266/1266/1266 1268/1268/1268
f 1267/1267/1267 1268/1268/1268 1266/1266/1266
f 1268/1268/1268 1267/1267/1267 1269/1269/1269
f 1270/1270/1270 1271/1271/1271 1272/1272/1272
f 1273/1273/1273 1271/1271/1271 1270/1270/1270
f 1271/1271/1271 1273/1273/1273 1274/1274/1274
f 1275/1275/1275 1276/1276/1276 1277/1277/1277
f 1278/1278/1278 1277/1277/1277 1276/1276/1276
f 1276/1276/1276 1279/1279/1279 1278/1278/1278
f 1280/1280/1280 1278/1278/1278 1279/1279/1279
f 1279/1279/1279 1281/1281/1281 1280/1280/1280
f 1282/1282/1282 1280/1280/1280 1281/1281/1281
f 1280/1280/1280 1282/1282/1282 1283/1283/1283
f 1284/1284/1284 1280/1280/1280 1283/1283/1283
f 1285/1285/1285 1278/1278/1278 1280/1280/1280
f 1280/1280/1280 1284/1284/1284 1285/1285/1285
f 1278/1278/1278 1285/1285/1285 1286/1286/1286
f 1285/1285/1285 1284/1284/1284 1287/1287/1287
f 1288/1288/1288 1286/1286/1286 1285/1285/1285
f 1287/1287/1287 1289/1289/1289 1285/1285/1285
f 1288/1288/1288 1285/1285/1285 1289/1289/1289
f 1289/1289/1289 1290/1290/1290 1288/1288/1288
f 1291/1291/1291 1292/1292/1292 1293/1293/1293
f 1291/1291/1291 1293/1293/1293 1294/1294/1294
f 1294/1294/1294 1295/1295/1295 1291/1291/1291
f 1295/1295/1295 1294/1294/1294 1296/1296/1296
f 1296/1296/1296 1297/1297/1297 1295/1295/1295
f 1297/1297/1297 1296/1296/1296 1298/1298/1298
f 1297/1297/1297 1298/1298/1298 1299/1299/1299
f 1298/1298/1298 1300/1300/1300 1299/1299/1299
f 1300/1300/1300 1301/1301/1301 1299/1299/1299
f 1301/1301/1301 1300/1300/1300 1302/1302/1302
f 1301/1301/1301 1302/1302/1302 1303/1303/1303
f 1304/1304/1304 1303/1303/1303 1302/1302/1302
f 1303/1303/1303 1304/1304/1304 1305/1305/1305
f 1305/1305/1305 1304/1304/1304 1306/1306/1306
f 1307/1307/1307 1308/1308/1308 1309/1309/1309
f 1309/1309/1309 1310/1310/1310 1307/1307/1307
f 1307/1307/1307 1310/1310/1310 1311/1311/1311
f 1310/1310/1310 1309/1309/1309 1312/1312/1312
f 1310/1310/1310 1313/1313/1313 1311/1311/1311
f 1313/1313/1313 1310/1310/1310 1314/1314/1314
f 1314/1314/1314 1315/1315/1315 1313/1313/1313
f 1312/1312/1312 1316/1316/1316 1310/1310/1310
f 1314/1314/1314 1310/1310/1310 1316/1316/1316
f 1315/1315/1315 1314/1314/1314 1317/1317/1317
f 1317/1317/1317 1318/1318/1318 1315/1315/1315
f 1316/1316/1316 1319/1319/1319 1314/1314/1314
f 1319/1319/1319 1317/1317/1317 1314/1314/1314
f 1318/1318/1318 1317/1317/1317 1320/1320/1320
f 1320/1320/1320 1321/1321/1321 1318/1318/1318
f 1322/1322/1322 1317/1317/1317 1319/1319/1319
f 1317/1317/1317 1322/1322/1322 1320/1320/1320
f 1321/1321/1321 1320/1320/1320 1323/1323/1323
f 1323/1323/1323 1324/1324/1324 1321/1321/1321
f 1325/1325/1325 1320/1320/1320 1322/1322/1322
f 1323/1323/1323 1320/1320/1320 1325/1325/1325
f 1326/1326/1326 1323/1323/1323 1325/1325/1325
f 1324/1324/1324 1323/1323/1323 1327/1327/1327
f 1323/1323/1323 1326/1326/1326 1327/1327/1327
f 1327/1327/1327 1328/1328/1328 1324/1324/1324
f 1327/1327/1327 1326/1326/1326 1329/1329/1329
f 1328/1328/1328 1327/1327/1327 1330/1330/1330
f 1327/1327/1327 1329/1329/1329 1330/1330/1330
f 1331/1331/1331 1328/1328/1328 1330/1330/1330
f 1331/1331/1331 1330/1330/1330 1329/1329/1329
f 1322/1322/1322 1319/1319/1319 1332/1332/1332
f 1332/1332/1332 1333/1333/1333 1322/1322/1322
f 1334/1334/1334 1333/1333/1333 1332/1332/1332
f 1319/1319/1319 1335/1335/1335 1332/1332/1332
f 1332/1332/1332 1335/1335/1335 1334/1334/1334
f 1319/1319/1319 1316/1316/1316 1335/1335/1335
f 1336/1336/1336 1334/1334/1334 1335/1335/1335
f 1335/1335/1335 1337/1337/1337 1336/1336/1336
f 1316/1316/1316 1337/1337/1337 1335/1335/1335
f 1337/1337/1337 1338/1338/1338 1336/1336/1336
f 1316/1316/1316 1339/1339/1339 1337/1337/1337
f 1338/1338/1338 1337/1337/1337 1339/1339/1339
f 1339/1339/1339 1316/1316/1316 1312/1312/1312
f 1339/1339/1339 1340/1340/1340 1338/1338/1338
f 1339/1339/1339 1312/1312/1312 1341/1341/1341
f 1339/1339/1339 1342/1342/1342 1340/1340/1340
f 1343/1343/1343 1339/1339/1339 1341/1341/1341
f 1343/1343/1343 1342/1342/1342 1339/1339/1339
f 1344/1344/1344 1345/1345/1345 1346/1346/1346
f 1345/1345/1345 1344/1344/1344 1347/1347/1347
f 1347/1347/1347 1348/1348/1348 1345/1345/1345
f 1348/1348/1348 1347/1347/1347 1349/1349/1349
f 1348/1348/1348 1349/1349/1349 1350/1350/1350
f 1348/1348/1348 1350/1350/1350 1351/1351/1351
f 1351/1351/1351 1350/1350/1350 1352/1352/1352
f 1351/1351/1351 1352/1352/1352 1353/1353/1353
f 1353/1353/1353 1352/1352/1352 1354/1354/1354
f 1353/1353/1353 1354/1354/1354 1355/1355/1355
f 1356/1356/1356 1357/1357/1357 1358/1358/1358
f 1359/1359/1359 1356/1356/1356 1358/1358/1358
f 1360/1360/1360 1356/1356/1356 1359/1359/1359
f 1361/1361/1361 1360/1360/1360 1359/1359/1359
f 1362/1362/1362 1360/1360/1360 1361/1361/1361
f 1360/1360/1360 1362/1362/1362 1363/1363/1363
f 1362/1362/1362 1364/1364/1364 1363/1363/1363
f 1365/1365/1365 1363/1363/1363 1364/1364/1364
f 1366/1366/1366 1365/1365/1365 1364/1364/1364
f 1365/1365/1365 1366/1366/1366 1367/1367/1367
f 1366/1366/1366 1368/1368/1368 1367/1367/1367
f 1368/1368/1368 1366/1366/1366 1369/1369/1369
f 1370/1370/1370 1368/1368/1368 1369/1369/1369
f 1369/1369/1369 1371/1371/1371 1370/1370/1370
f 1371/1371/1371 1372/1372/1372 1370/1370/1370
f 1372/1372/1372 1371/1371/1371 1373/1373/1373
f 1374/1374/1374 1372/1372/1372 1373/1373/1373
f 1373/1373/1373 1375/1375/1375 1374/1374/1374
f 1376/1376/1376 1374/1374/1374 1375/1375/1375
f 1375/1375/1375 1377/1377/1377 1376/1376/1376
f 1378/1378/1378 1377/1377/1377 1375/1375/1375
f 1377/1377/1377 1378/1378/1378 1379/1379/1379
f 1380/1380/1380 1381/1381/1381 1382/1382/1382
f 1383/1383/1383 1382/1382/1382 1381/1381/1381
f 1381/1381/1381 1384/1384/1384 1383/1383/1383
f 1383/1383/1383 1384/1384/1384 1385/1385/1385
f 1384/1384/1384 1386/1386/1386 1385/1385/1385
f 1386/1386/1386 1384/1384/1384 1387/1387/1387
f 1388/1388/1388 1386/1386/1386 1387/1387/1387
f 1389/1389/1389 1388/1388/1388 1387/1387/1387
f 1389/1389/1389 1390/1390/1390 1388/1388/1388
f 1390/1390/1390 1389/1389/1389 1391/1391/1391
f 1392/1392/1392 1390/1390/1390 1391/1391/1391
f 1390/1390/1390 1392/1392/1392 1393/1393/1393
f 1392/1392/1392 1394/1394/1394 1393/1393/1393
f 1393/1393/1393 1394/1394/1394 1395/1395/1395
f 1394/1394/1394 1396/1396/1396 1395/1395/1395
f 1395/1395/1395 1396/1396/1396 1397/1397/1397
f 1397/1397/1397 1396/1396/1396 1398/1398/1398
f 1397/1397/1397 1398/1398/1398 1399/1399/1399
f 1400/1400/1400 1399/1399/1399 1398/1398/1398
f 1399/1399/1399 1400/1400/1400 1401/1401/1401
f 1401/1401/1401 1402/1402/1402 1399/1399/1399
f 1402/1402/1402 1401/1401/1401 1403/1403/1403
f 1404/1404/1404 1405/1405/1405 1406/1406/1406
f 1405/1405/1405 1404/1404/1404 1407/1407/1407
f 1405/1405/1405 1407/1407/1407 1408/1408/1408
f 1409/1409/1409 1408/1408/1408 1407/1407/1407
f 1410/1410/1410 1408/1408/1408 1409/1409/1409
f 1408/1408/1408 1410/1410/1410 1411/1411/1411
f 1412/1412/1412 1411/1411/1411 1410/1410/1410
f 1411/1411/1411 1412/1412/1412 1413/1413/1413
f 1414/1414/1414 1415/1415/1415 1416/1416/1416
f 1414/1414/1414 1417/1417/1417 1415/1415/1415
f 1414/1414/1414 1418/1418/1418 1417/1417/1417
f 1418/1418/1418 1414/1414/1414 1419/1419/1419
f 1420/1420/1420 1421/1421/1421 1422/1422/1422
f 1421/1421/1421 1420/1420/1420 1423/1423/1423
f 1420/1420/1420 1424/1424/1424 1423/1423/1423
f 1424/1424/1424 1420/1420/1420 1425/1425/1425
f 1426/1426/1426 1427/1427/1427 1428/1428/1428
f 1429/1429/1429 1428/1428/1428 1427/1427/1427
f 1429/1429/1429 1427/1427/1427 1430/1430/1430
f 1427/1427/1427 1431/1431/1431 1430/1430/1430
f 1432/1432/1432 1433/1433/1433 1434/1434/1434
f 1435/1435/1435 1434/1434/1434 1433/1433/1433
f 1435/1435/1435 1436/1436/1436 1434/1434/1434
f 1434/1434/1434 1436/1436/1436 1437/1437/1437
f 1438/1438/1438 1439/1439/1439 1440/1440/1440
f 1438/1438/1438 1440/1440/1440 1441/1441/1441
f 1441/1441/1441 1442/1442/1442 1438/1438/1438
f 1442/1442/1442 1441/1441/1441 1443/1443/1443
f 1444/1444/1444 1442/1442/1442 1443/1443/1443
f 1442/1442/1442 1444/1444/1444 1445/1445/1445
f 1446/1446/1446 1445/1445/1445 1444/1444/1444
f 1445/1445/1445 1446/1446/1446 1447/1447/1447
f 1446/1446/1446 1448/1448/1448 1447/1447/1447
f 1446/1446/1446 1449/1449/1449 1448/1448/1448
f 1448/1448/1448 1449/1449/1449 1450/1450/1450
f 1449/1449/1449 1451/1451/1451 1450/1450/1450
f 1449/1449/1449 1452/1452/1452 1451/1451/1451
f 1451/1451/1451 1452/1452/1452 1453/1453/1453
f 1452/1452/1452 1454/1454/1454 1453/1453/1453
f 1454/1454/1454 1452/1452/1452 1455/1455/1455
f 1456/1456/1456 1454/1454/1454 1455/1455/1455
f 1454/1454/1454 1457/1457/1457 1453/1453/1453
f 1458/1458/1458 1453/1453/1453 1457/1457/1457
f 1454/1454/1454 1456/1456/1456 1459/1459/1459
f 1456/1456/1456 1460/1460/1460 1459/1459/1459
f 1461/1461/1461 1459/1459/1459 1460/1460/1460
f 1459/1459/1459 1462/1462/1462 1454/1454/1454
f 1462/1462/1462 1457/1457/1457 1454/1454/1454
f 1461/1461/1461 1463/1463/1463 1459/1459/1459
f 1462/1462/1462 1459/1459/1459 1463/1463/1463
f 1464/1464/1464 1457/1457/1457 1462/1462/1462
f 1463/1463/1463 1464/1464/1464 1462/1462/1462
f 1457/1457/1457 1464/1464/1464 1465/1465/1465
f 1464/1464/1464 1463/1463/1463 1466/1466/1466
f 1465/1465/1465 1467/1467/1467 1457/1457/1457
f 1463/1463/1463 1468/1468/1468 1466/1466/1466
f 1469/1469/1469 1457/1457/1457 1467/1467/1467
f 1457/1457/1457 1469/1469/1469 1458/1458/1458
f 1469/1469/1469 1467/1467/1467 1470/1470/1470
f 1469/1469/1469 1471/1471/1471 1458/1458/1458
f 1470/1470/1470 1472/1472/1472 1469/1469/1469
f 1471/1471/1471 1469/1469/1469 1472/1472/1472
f 1470/1470/1470 1473/1473/1473 1472/1472/1472
f 1472/1472/1472 1474/1474/1474 1471/1471/1471
f 1472/1472/1472 1473/1473/1473 1474/1474/1474
f 1468/1468/1468 1463/1463/1463 1475/1475/1475
f 1463/1463/1463 1461/1461/1461 1475/1475/1475
f 1475/1475/1475 1476/1476/1476 1468/1468/1468
f 1461/1461/1461 1477/1477/1477 1475/1475/1475
f 1476/1476/1476 1475/1475/1475 1477/1477/1477
f 1477/1477/1477 1478/1478/1478 1476/1476/1476
f 1479/1479/1479 1480/1480/1480 1481/1481/1481
f 1480/1480/1480 1482/1482/1482 1481/1481/1481
f 1482/1482/1482 1483/1483/1483 1481/1481/1481
f 1484/1484/1484 1481/1481/1481 1483/1483/1483
f 1485/1485/1485 1484/1484/1484 1483/1483/1483
f 1484/1484/1484 1485/1485/1485 1486/1486/1486
f 1482/1482/1482 1487/1487/1487 1483/1483/1483
f 1488/1488/1488 1486/1486/1486 1485/1485/1485
f 1486/1486/1486 1488/1488/1488 1489/1489/1489
f 1483/1483/1483 1490/1490/1490 1485/1485/1485
f 1490/1490/1490 1483/1483/1483 1487/1487/1487
f 1488/1488/1488 1485/1485/1485 1491/1491/1491
f 1485/1485/1485 1490/1490/1490 1491/1491/1491
f 1492/1492/1492 1489/1489/1489 1488/1488/1488
f 1489/1489/1489 1492/1492/1492 1493/1493/1493
f 1494/1494/1494 1488/1488/1488 1491/1491/1491
f 1488/1488/1488 1494/1494/1494 1492/1492/1492
f 1495/1495/1495 1493/1493/1493 1492/1492/1492
f 1493/1493/1493 1495/1495/1495 1496/1496/1496
f 1492/1492/1492 1494/1494/1494 1497/1497/1497
f 1497/1497/1497 1495/1495/1495 1492/1492/1492
f 1498/1498/1498 1496/1496/1496 1495/1495/1495
f 1496/1496/1496 1498/1498/1498 1499/1499/1499
f 1500/1500/1500 1495/1495/1495 1497/1497/1497
f 1495/1495/1495 1500/1500/1500 1498/1498/1498
f 1501/1501/1501 1499/1499/1499 1498/1498/1498
f 1500/1500/1500 1501/1501/1501 1498/1498/1498
f 1499/1499/1499 1501/1501/1501 1502/1502/1502
f 1503/1503/1503 1502/1502/1502 1501/1501/1501
f 1503/1503/1503 1501/1501/1501 1500/1500/1500
f 1502/1502/1502 1503/1503/1503 1504/1504/1504
f 1504/1504/1504 1503/1503/1503 1505/1505/1505
f 1505/1505/1505 1503/1503/1503 1506/1506/1506
f 1500/1500/1500 1506/1506/1506 1503/1503/1503
f 1506/1506/1506 1507/1507/1507 1505/1505/1505
f 1508/1508/1508 1506/1506/1506 1500/1500/1500
f 1507/1507/1507 1506/1506/1506 1508/1508/1508
f 1497/1497/1497 1508/1508/1508 1500/1500/1500
f 1508/1508/1508 1509/1509/1509 1507/1507/1507
f 1508/1508/1508 1497/1497/1497 1510/1510/1510
f 1509/1509/1509 1508/1508/1508 1510/1510/1510
f 1497/1497/1497 1494/1494/1494 1510/1510/1510
f 1510/1510/1510 1511/1511/1511 1509/1509/1509
f 1512/1512/1512 1510/1510/1510 1494/1494/1494
f 1511/1511/1511 1510/1510/1510 1512/1512/1512
f 1491/1491/1491 1512/1512/1512 1494/1494/1494
f 1512/1512/1512 1513/1513/1513 1511/1511/1511
f 1512/1512/1512 1491/1491/1491 1514/1514/1514
f 1513/1513/1513 1512/1512/1512 1514/1514/1514
f 1490/1490/1490 1514/1514/1514 1491/1491/1491
f 1514/1514/1514 1515/1515/1515 1513/1513/1513
f 1514/1514/1514 1490/1490/1490 1516/1516/1516
f 1515/1515/1515 1514/1514/1514 1516/1516/1516
f 1487/1487/1487 1516/1516/1516 1490/1490/1490
f 1516/1516/1516 1517/1517/1517 1515/1515/1515
f 1517/1517/1517 1516/1516/1516 1518/1518/1518
f 1516/1516/1516 1487/1487/1487 1518/1518/1518
f 1518/1518/1518 1519/1519/1519 1517/1517/1517
f 1520/1520/1520 1518/1518/1518 1487/1487/1487
f 1487/1487/1487 1482/1482/1482 1520/1520/1520
f 1520/1520/1520 1482/1482/1482 1521/1521/1521
f 1521/1521/1521 1522/1522/1522 1520/1520/1520
f 1519/1519/1519 1518/1518/1518 1523/1523/1523
f 1518/1518/1518 1520/1520/1520 1523/1523/1523
f 1523/1523/1523 1524/1524/1524 1519/1519/1519
f 1525/1525/1525 1524/1524/1524 1523/1523/1523
f 1526/1526/1526 1520/1520/1520 1522/1522/1522
f 1520/1520/1520 1526/1526/1526 1523/1523/1523
f 1526/1526/1526 1525/1525/1525 1523/1523/1523
f 1527/1527/1527 1526/1526/1526 1522/1522/1522
f 1526/1526/1526 1528/1528/1528 1525/1525/1525
f 1526/1526/1526 1527/1527/1527 1529/1529/1529
f 1528/1528/1528 1526/1526/1526 1529/1529/1529
f 1530/1530/1530 1529/1529/1529 1527/1527/1527
f 1529/1529/1529 1531/1531/1531 1528/1528/1528
f 1531/1531/1531 1529/1529/1529 1532/1532/1532
f 1529/1529/1529 1530/1530/1530 1532/1532/1532
f 1533/1533/1533 1531/1531/1531 1532/1532/1532
f 1534/1534/1534 1532/1532/1532 1530/1530/1530
f 1532/1532/1532 1534/1534/1534 1533/1533/1533
f 1530/1530/1530 1535/1535/1535 1534/1534/1534
f 1536/1536/1536 1534/1534/1534 1535/1535/1535
f 1534/1534/1534 1536/1536/1536 1537/1537/1537
f 1537/1537/1537 1533/1533/1533 1534/1534/1534
f 1537/1537/1537 1536/1536/1536 1538/1538/1538
f 1539/1539/1539 1538/1538/1538 1540/1540/1540
f 1539/1539/1539 1537/1537/1537 1538/1538/1538
f 1541/1541/1541 1533/1533/1533 1537/1537/1537
f 1539/1539/1539 1541/1541/1541 1537/1537/1537
f 1541/1541/1541 1542/1542/1542 1533/1533/1533
f 1541/1541/1541 1539/1539/1539 1543/1543/1543
f 1541/1541/1541 1544/1544/1544 1542/1542/1542
f 1541/1541/1541 1543/1543/1543 1545/1545/1545
f 1541/1541/1541 1546/1546/1546 1544/1544/1544
f 1546/1546/1546 1541/1541/1541 1545/1545/1545
f 1547/1547/1547 1548/1548/1548 1549/1549/1549
f 1550/1550/1550 1549/1549/1549 1548/1548/1548
f 1551/1551/1551 1550/1550/1550 1548/1548/1548
f 1550/1550/1550 1551/1551/1551 1552/1552/1552
f 1551/1551/1551 1553/1553/1553 1552/1552/1552
f 1553/1553/1553 1551/1551/1551 1554/1554/1554
f 1554/1554/1554 1555/1555/1555 1553/1553/1553
f 1555/1555/1555 1554/1554/1554 1556/1556/1556
f 1557/1557/1557 1555/1555/1555 1556/1556/1556
f 1558/1558/1558 1555/1555/1555 1557/1557/1557
f 1557/1557/1557 1559/1559/1559 1558/1558/1558
f 1560/1560/1560 1558/1558/1558 1559/1559/1559
f 1561/1561/1561 1558/1558/1558 1560/1560/1560
f 1560/1560/1560 1562/1562/1562 1561/1561/1561
f 1563/1563/1563 1561/1561/1561 1562/1562/1562
f 1561/1561/1561 1563/1563/1563 1564/1564/1564
f 1563/1563/1563 1565/1565/1565 1564/1564/1564
f 1566/1566/1566 1563/1563/1563 1562/1562/1562
f 1567/1567/1567 1566/1566/1566 1562/1562/1562
f 1565/1565/1565 1563/1563/1563 1568/1568/1568
f 1568/1568/1568 1569/1569/1569 1565/1565/1565
f 1568/1568/1568 1570/1570/1570 1569/1569/1569
f 1571/1571/1571 1568/1568/1568 1563/1563/1563
f 1563/1563/1563 1566/1566/1566 1571/1571/1571
f 1572/1572/1572 1570/1570/1570 1568/1568/1568
f 1568/1568/1568 1571/1571/1571 1572/1572/1572
f 1566/1566/1566 1573/1573/1573 1571/1571/1571
f 1573/1573/1573 1572/1572/1572 1571/1571/1571
f 1573/1573/1573 1566/1566/1566 1574/1574/1574
f 1572/1572/1572 1573/1573/1573 1575/1575/1575
f 1574/1574/1574 1566/1566/1566 1576/1576/1576
f 1577/1577/1577 1572/1572/1572 1575/1575/1575
f 1566/1566/1566 1578/1578/1578 1576/1576/1576
f 1566/1566/1566 1567/1567/1567 1578/1578/1578
f 1578/1578/1578 1579/1579/1579 1576/1576/1576
f 1567/1567/1567 1580/1580/1580 1578/1578/1578
f 1579/1579/1579 1578/1578/1578 1581/1581/1581
f 1580/1580/1580 1581/1581/1581 1578/1578/1578
f 1579/1579/1579 1581/1581/1581 1582/1582/1582
f 1581/1581/1581 1580/1580/1580 1583/1583/1583
f 1581/1581/1581 1583/1583/1583 1582/1582/1582
f 1572/1572/1572 1577/1577/1577 1584/1584/1584
f 1570/1570/1570 1572/1572/1572 1584/1584/1584
f 1584/1584/1584 1577/1577/1577 1585/1585/1585
f 1570/1570/1570 1584/1584/1584 1586/1586/1586
f 1586/1586/1586 1584/1584/1584 1585/1585/1585
f 1586/1586/1586 1585/1585/1585 1587/1587/1587
f 1588/1588/1588 1589/1589/1589 1590/1590/1590
f 1590/1590/1590 1589/1589/1589 1591/1591/1591
f 1589/1589/1589 1592/1592/1592 1591/1591/1591
f 1589/1589/1589 1593/1593/1593 1592/1592/1592
f 1593/1593/1593 1594/1594/1594 1592/1592/1592
f 1594/1594/1594 1593/1593/1593 1595/1595/1595
f 1596/1596/1596 1591/1591/1591 1592/1592/1592
f 1595/1595/1595 1597/1597/1597 1594/1594/1594
f 1597/1597/1597 1595/1595/1595 1598/1598/1598
f 1599/1599/1599 1592/1592/1592 1594/1594/1594
f 1592/1592/1592 1599/1599/1599 1596/1596/1596
f 1597/1597/1597 1600/1600/1600 1594/1594/1594
f 1594/1594/1594 1600/1600/1600 1599/1599/1599
f 1598/1598/1598 1601/1601/1601 1597/1597/1597
f 1601/1601/1601 1598/1598/1598 1602/1602/1602
f 1597/1597/1597 1603/1603/1603 1600/1600/1600
f 1603/1603/1603 1597/1597/1597 1601/1601/1601
f 1602/1602/1602 1604/1604/1604 1601/1601/1601
f 1604/1604/1604 1602/1602/1602 1605/1605/1605
f 1601/1601/1601 1606/1606/1606 1603/1603/1603
f 1604/1604/1604 1606/1606/1606 1601/1601/1601
f 1605/1605/1605 1607/1607/1607 1604/1604/1604
f 1607/1607/1607 1605/1605/1605 1608/1608/1608
f 1604/1604/1604 1609/1609/1609 1606/1606/1606
f 1609/1609/1609 1604/1604/1604 1607/1607/1607
f 1607/1607/1607 1608/1608/1608 1610/1610/1610
f 1609/1609/1609 1607/1607/1607 1610/1610/1610
f 1611/1611/1611 1610/1610/1610 1608/1608/1608
f 1611/1611/1611 1612/1612/1612 1610/1610/1610
f 1612/1612/1612 1609/1609/1609 1610/1610/1610
f 1612/1612/1612 1611/1611/1611 1613/1613/1613
f 1612/1612/1612 1613/1613/1613 1614/1614/1614
f 1612/1612/1612 1614/1614/1614 1615/1615/1615
f 1609/1609/1609 1612/1612/1612 1615/1615/1615
f 1616/1616/1616 1615/1615/1615 1614/1614/1614
f 1617/1617/1617 1609/1609/1609 1615/1615/1615
f 1615/1615/1615 1616/1616/1616 1617/1617/1617
f 1617/1617/1617 1606/1606/1606 1609/1609/1609
f 1618/1618/1618 1617/1617/1617 1616/1616/1616
f 1606/1606/1606 1617/1617/1617 1619/1619/1619
f 1617/1617/1617 1618/1618/1618 1619/1619/1619
f 1603/1603/1603 1606/1606/1606 1619/1619/1619
f 1619/1619/1619 1618/1618/1618 1620/1620/1620
f 1603/1603/1603 1619/1619/1619 1621/1621/1621
f 1621/1621/1621 1619/1619/1619 1620/1620/1620
f 1621/1621/1621 1600/1600/1600 1603/1603/1603
f 1622/1622/1622 1621/1621/1621 1620/1620/1620
f 1600/1600/1600 1621/1621/1621 1623/1623/1623
f 1621/1621/1621 1622/1622/1622 1623/1623/1623
f 1599/1599/1599 1600/1600/1600 1623/1623/1623
f 1623/1623/1623 1622/1622/1622 1624/1624/1624
f 1623/1623/1623 1625/1625/1625 1599/1599/1599
f 1625/1625/1625 1623/1623/1623 1624/1624/1624
f 1596/1596/1596 1599/1599/1599 1625/1625/1625
f 1625/1625/1625 1624/1624/1624 1626/1626/1626
f 1627/1627/1627 1625/1625/1625 1626/1626/1626
f 1596/1596/1596 1625/1625/1625 1627/1627/1627
f 1628/1628/1628 1627/1627/1627 1626/1626/1626
f 1627/1627/1627 1629/1629/1629 1596/1596/1596
f 1591/1591/1591 1596/1596/1596 1629/1629/1629
f 1629/1629/1629 1630/1630/1630 1591/1591/1591
f 1630/1630/1630 1629/1629/1629 1631/1631/1631
f 1627/1627/1627 1628/1628/1628 1632/1632/1632
f 1629/1629/1629 1627/1627/1627 1632/1632/1632
f 1632/1632/1632 1628/1628/1628 1633/1633/1633
f 1634/1634/1634 1632/1632/1632 1633/1633/1633
f 1631/1631/1631 1629/1629/1629 1635/1635/1635
f 1629/1629/1629 1632/1632/1632 1635/1635/1635
f 1635/1635/1635 1632/1632/1632 1634/1634/1634
f 1635/1635/1635 1636/1636/1636 1631/1631/1631
f 1637/1637/1637 1635/1635/1635 1634/1634/1634
f 1636/1636/1636 1635/1635/1635 1638/1638/1638
f 1635/1635/1635 1637/1637/1637 1638/1638/1638
f 1638/1638/1638 1639/1639/1639 1636/1636/1636
f 1638/1638/1638 1637/1637/1637 1640/1640/1640
f 1640/1640/1640 1641/1641/1641 1638/1638/1638
f 1639/1639/1639 1638/1638/1638 1641/1641/1641
f 1642/1642/1642 1641/1641/1641 1640/1640/1640
f 1643/1643/1643 1639/1639/1639 1641/1641/1641
f 1641/1641/1641 1642/1642/1642 1643/1643/1643
f 1639/1639/1639 1643/1643/1643 1644/1644/1644
f 1643/1643/1643 1645/1645/1645 1644/1644/1644
f 1645/1645/1645 1643/1643/1643 1646/1646/1646
f 1646/1646/1646 1643/1643/1643 1642/1642/1642
f 1646/1646/1646 1647/1647/1647 1645/1645/1645
f 1648/1648/1648 1649/1649/1649 1647/1647/1647
f 1647/1647/1647 1646/1646/1646 1648/1648/1648
f 1646/1646/1646 1642/1642/1642 1650/1650/1650
f 1650/1650/1650 1648/1648/1648 1646/1646/1646
f 1650/1650/1650 1642/1642/1642 1651/1651/1651
f 1648/1648/1648 1650/1650/1650 1652/1652/1652
f 1650/1650/1650 1651/1651/1651 1653/1653/1653
f 1650/1650/1650 1654/1654/1654 1652/1652/1652
f 1655/1655/1655 1650/1650/1650 1653/1653/1653
f 1654/1654/1654 1650/1650/1650 1655/1655/1655
f 1656/1656/1656 1657/1657/1657 1658/1658/1658
f 1658/1658/1658 1657/1657/1657 1659/1659/1659
f 1659/1659/1659 1660/1660/1660 1658/1658/1658
f 1657/1657/1657 1661/1661/1661 1659/1659/1659
f 1660/1660/1660 1659/1659/1659 1662/1662/1662
f 1662/1662/1662 1663/1663/1663 1660/1660/1660
f 1662/1662/1662 1664/1664/1664 1663/1663/1663
f 1659/1659/1659 1661/1661/1661 1665/1665/1665
f 1665/1665/1665 1662/1662/1662 1659/1659/1659
f 1661/1661/1661 1666/1666/1666 1665/1665/1665
f 1667/1667/1667 1664/1664/1664 1662/1662/1662
f 1662/1662/1662 1665/1665/1665 1667/1667/1667
f 1664/1664/1664 1667/1667/1667 1668/1668/1668
f 1665/1665/1665 1666/1666/1666 1669/1669/1669
f 1669/1669/1669 1667/1667/1667 1665/1665/1665
f 1666/1666/1666 1670/1670/1670 1669/1669/1669
f 1671/1671/1671 1668/1668/1668 1667/1667/1667
f 1667/1667/1667 1669/1669/1669 1671/1671/1671
f 1671/1671/1671 1672/1672/1672 1668/1668/1668
f 1673/1673/1673 1672/1672/1672 1671/1671/1671
f 1671/1671/1671 1669/1669/1669 1673/1673/1673
f 1674/1674/1674 1672/1672/1672 1673/1673/1673
f 1669/1669/1669 1670/1670/1670 1675/1675/1675
f 1673/1673/1673 1669/1669/1669 1675/1675/1675
f 1676/1676/1676 1674/1674/1674 1673/1673/1673
f 1673/1673/1673 1675/1675/1675 1676/1676/1676
f 1677/1677/1677 1674/1674/1674 1676/1676/1676
f 1676/1676/1676 1678/1678/1678 1677/1677/1677
f 1670/1670/1670 1679/1679/1679 1675/1675/1675
f 1675/1675/1675 1679/1679/1679 1676/1676/1676
f 1679/1679/1679 1670/1670/1670 1680/1680/1680
f 1678/1678/1678 1676/1676/1676 1681/1681/1681
f 1681/1681/1681 1676/1676/1676 1679/1679/1679
f 1680/1680/1680 1682/1682/1682 1679/1679/1679
f 1679/1679/1679 1682/1682/1682 1681/1681/1681
f 1682/1682/1682 1680/1680/1680 1683/1683/1683
f 1684/1684/1684 1678/1678/1678 1681/1681/1681
f 1684/1684/1684 1681/1681/1681 1682/1682/1682
f 1678/1678/1678 1684/1684/1684 1685/1685/1685
f 1684/1684/1684 1686/1686/1686 1685/1685/1685
f 1683/1683/1683 1687/1687/1687 1682/1682/1682
f 1682/1682/1682 1687/1687/1687 1684/1684/1684
f 1686/1686/1686 1684/1684/1684 1687/1687/1687
f 1687/1687/1687 1683/1683/1683 1688/1688/1688
f 1686/1686/1686 1687/1687/1687 1688/1688/1688
f 1689/1689/1689 1690/1690/1690 1691/1691/1691
f 1690/1690/1690 1692/1692/1692 1691/1691/1691
f 1693/1693/1693 1692/1692/1692 1690/1690/1690
f 1691/1691/1691 1692/1692/1692 1694/1694/1694
f 1692/1692/1692 1693/1693/1693 1695/1695/1695
f 1693/1693/1693 1696/1696/1696 1695/1695/1695
f 1697/1697/1697 1695/1695/1695 1696/1696/1696
f 1692/1692/1692 1698/1698/1698 1694/1694/1694
f 1695/1695/1695 1698/1698/1698 1692/1692/1692
f 1694/1694/1694 1698/1698/1698 1699/1699/1699
f 1697/1697/1697 1700/1700/1700 1695/1695/1695
f 1698/1698/1698 1695/1695/1695 1700/1700/1700
f 1700/1700/1700 1697/1697/1697 1701/1701/1701
f 1698/1698/1698 1702/1702/1702 1699/1699/1699
f 1700/1700/1700 1702/1702/1702 1698/1698/1698
f 1699/1699/1699 1702/1702/1702 1703/1703/1703
f 1700/1700/1700 1701/1701/1701 1704/1704/1704
f 1702/1702/1702 1700/1700/1700 1704/1704/1704
f 1705/1705/1705 1704/1704/1704 1701/1701/1701
f 1706/1706/1706 1704/1704/1704 1705/1705/1705
f 1702/1702/1702 1704/1704/1704 1706/1706/1706
f 1707/1707/1707 1706/1706/1706 1705/1705/1705
f 1702/1702/1702 1708/1708/1708 1703/1703/1703
f 1708/1708/1708 1702/1702/1702 1706/1706/1706
f 1709/1709/1709 1706/1706/1706 1707/1707/1707
f 1706/1706/1706 1709/1709/1709 1708/1708/1708
f 1710/1710/1710 1709/1709/1709 1707/1707/1707
f 1711/1711/1711 1709/1709/1709 1710/1710/1710
f 1712/1712/1712 1703/1703/1703 1708/1708/1708
f 1712/1712/1712 1708/1708/1708 1709/1709/1709
f 1703/1703/1703 1712/1712/1712 1713/1713/1713
f 1709/1709/1709 1711/1711/1711 1714/1714/1714
f 1709/1709/1709 1714/1714/1714 1712/1712/1712
f 1715/1715/1715 1713/1713/1713 1712/1712/1712
f 1712/1712/1712 1714/1714/1714 1715/1715/1715
f 1713/1713/1713 1715/1715/1715 1716/1716/1716
f 1711/1711/1711 1717/1717/1717 1714/1714/1714
f 1714/1714/1714 1717/1717/1717 1715/1715/1715
f 1711/1711/1711 1718/1718/1718 1717/1717/1717
f 1717/1717/1717 1718/1718/1718 1719/1719/1719
f 1715/1715/1715 1720/1720/1720 1716/1716/1716
f 1715/1715/1715 1717/1717/1717 1720/1720/1720
f 1719/1719/1719 1720/1720/1720 1717/1717/1717
f 1721/1721/1721 1716/1716/1716 1720/1720/1720
f 1719/1719/1719 1721/1721/1721 1720/1720/1720
f 1722/1722/1722 1723/1723/1723 1724/1724/1724
f 1725/1725/1725 1723/1723/1723 1722/1722/1722
f 1722/1722/1722 1726/1726/1726 1725/1725/1725
f 1723/1723/1723 1725/1725/1725 1727/1727/1727
f 1726/1726/1726 1728/1728/1728 1725/1725/1725
f 1729/1729/1729 1730/1730/1730 1731/1731/1731
f 1731/1731/1731 1732/1732/1732 1729/1729/1729
f 1729/1729/1729 1732/1732/1732 1733/1733/1733
f 1732/1732/1732 1731/1731/1731 1734/1734/1734
f 1733/1733/1733 1732/1732/1732 1735/1735/1735
f 1736/1736/1736 1737/1737/1737 1738/1738/1738
f 1736/1736/1736 1738/1738/1738 1739/1739/1739
f 1740/1740/1740 1739/1739/1739 1741/1741/1741
f 1740/1740/1740 1736/1736/1736 1739/1739/1739
f 1742/1742/1742 1740/1740/1740 1741/1741/1741
f 1743/1743/1743 1737/1737/1737 1736/1736/1736
f 1737/1737/1737 1743/1743/1743 1744/1744/1744
f 1736/1736/1736 1740/1740/1740 1745/1745/1745
f 1743/1743/1743 1736/1736/1736 1745/1745/1745
f 1742/1742/1742 1746/1746/1746 1740/1740/1740
f 1746/1746/1746 1742/1742/1742 1747/1747/1747
f 1748/1748/1748 1746/1746/1746 1747/1747/1747
f 1745/1745/1745 1740/1740/1740 1749/1749/1749
f 1746/1746/1746 1749/1749/1749 1740/1740/1740
f 1750/1750/1750 1746/1746/1746 1751/1751/1751
f 1749/1749/1749 1746/1746/1746 1752/1752/1752
f 1750/1750/1750 1752/1752/1752 1746/1746/1746
f 1752/1752/1752 1753/1753/1753 1749/1749/1749
f 1754/1754/1754 1749/1749/1749 1753/1753/1753
f 1754/1754/1754 1745/1745/1745 1749/1749/1749
f 1753/1753/1753 1752/1752/1752 1755/1755/1755
f 1756/1756/1756 1745/1745/1745 1754/1754/1754
f 1757/1757/1757 1756/1756/1756 1754/1754/1754
f 1752/1752/1752 1758/1758/1758 1755/1755/1755
f 1758/1758/1758 1752/1752/1752 1750/1750/1750
f 1759/1759/1759 1755/1755/1755 1758/1758/1758
f 1756/1756/1756 1757/1757/1757 1760/1760/1760
f 1761/1761/1761 1760/1760/1760 1757/1757/1757
f 1762/1762/1762 1759/1759/1759 1758/1758/1758
f 1750/1750/1750 1762/1762/1762 1758/1758/1758
f 1759/1759/1759 1762/1762/1762 1763/1763/1763
f 1762/1762/1762 1764/1764/1764 1763/1763/1763
f 1762/1762/1762 1750/1750/1750 1765/1765/1765
f 1764/1764/1764 1762/1762/1762 1766/1766/1766
f 1767/1767/1767 1764/1764/1764 1766/1766/1766
f 1768/1768/1768 1762/1762/1762 1765/1765/1765
f 1762/1762/1762 1768/1768/1768 1766/1766/1766
f 1768/1768/1768 1767/1767/1767 1766/1766/1766
f 1767/1767/1767 1768/1768/1768 1769/1769/1769
f 1770/1770/1770 1767/1767/1767 1769/1769/1769
f 1770/1770/1770 1769/1769/1769 1771/1771/1771
f 1772/1772/1772 1771/1771/1771 1769/1769/1769
f 1773/1773/1773 1770/1770/1770 1771/1771/1771
f 1774/1774/1774 1771/1771/1771 1775/1775/1775
f 1771/1771/1771 1774/1774/1774 1773/1773/1773
f 1775/1775/1775 1776/1776/1776 1774/1774/1774
f 1777/1777/1777 1773/1773/1773 1774/1774/1774
f 1777/1777/1777 1774/1774/1774 1776/1776/1776
f 1773/1773/1773 1777/1777/1777 1778/1778/1778
f 1776/1776/1776 1779/1779/1779 1777/1777/1777
f 1780/1780/1780 1778/1778/1778 1777/1777/1777
f 1780/1780/1780 1777/1777/1777 1779/1779/1779
f 1781/1781/1781 1745/1745/1745 1756/1756/1756
f 1781/1781/1781 1756/1756/1756 1760/1760/1760
f 1745/1745/1745 1781/1781/1781 1743/1743/1743
f 1782/1782/1782 1781/1781/1781 1760/1760/1760
f 1783/1783/1783 1743/1743/1743 1781/1781/1781
f 1783/1783/1783 1781/1781/1781 1782/1782/1782
f 1782/1782/1782 1760/1760/1760 1784/1784/1784
f 1785/1785/1785 1783/1783/1783 1782/1782/1782
f 1784/1784/1784 1785/1785/1785 1782/1782/1782
f 1786/1786/1786 1743/1743/1743 1783/1783/1783
f 1784/1784/1784 1760/1760/1760 1787/1787/1787
f 1760/1760/1760 1761/1761/1761 1787/1787/1787
f 1787/1787/1787 1761/1761/1761 1788/1788/1788
f 1789/1789/1789 1787/1787/1787 1788/1788/1788
f 1790/1790/1790 1789/1789/1789 1788/1788/1788
f 1791/1791/1791 1784/1784/1784 1787/1787/1787
f 1791/1791/1791 1787/1787/1787 1789/1789/1789
f 1790/1790/1790 1792/1792/1792 1789/1789/1789
f 1792/1792/1792 1790/1790/1790 1793/1793/1793
f 1789/1789/1789 1794/1794/1794 1791/1791/1791
f 1794/1794/1794 1789/1789/1789 1792/1792/1792
f 1795/1795/1795 1792/1792/1792 1793/1793/1793
f 1795/1795/1795 1794/1794/1794 1792/1792/1792
f 1793/1793/1793 1796/1796/1796 1795/1795/1795
f 1796/1796/1796 1797/1797/1797 1795/1795/1795
f 1797/1797/1797 1798/1798/1798 1795/1795/1795
f 1798/1798/1798 1794/1794/1794 1795/1795/1795
f 1798/1798/1798 1797/1797/1797 1799/1799/1799
f 1800/1800/1800 1799/1799/1799 1797/1797/1797
f 1798/1798/1798 1801/1801/1801 1794/1794/1794
f 1801/1801/1801 1798/1798/1798 1802/1802/1802
f 1799/1799/1799 1802/1802/1802 1798/1798/1798
f 1803/1803/1803 1794/1794/1794 1801/1801/1801
f 1802/1802/1802 1799/1799/1799 1804/1804/1804
f 1794/1794/1794 1803/1803/1803 1805/1805/1805
f 1791/1791/1791 1794/1794/1794 1805/1805/1805
f 1806/1806/1806 1805/1805/1805 1803/1803/1803
f 1805/1805/1805 1807/1807/1807 1791/1791/1791
f 1805/1805/1805 1806/1806/1806 1807/1807/1807
f 1784/1784/1784 1791/1791/1791 1807/1807/1807
f 1808/1808/1808 1807/1807/1807 1806/1806/1806
f 1809/1809/1809 1784/1784/1784 1807/1807/1807
f 1807/1807/1807 1808/1808/1808 1809/1809/1809
f 1784/1784/1784 1809/1809/1809 1785/1785/1785
f 1810/1810/1810 1809/1809/1809 1808/1808/1808
f 1809/1809/1809 1810/1810/1810 1811/1811/1811
f 1809/1809/1809 1811/1811/1811 1785/1785/1785
f 1812/1812/1812 1811/1811/1811 1810/1810/1810
f 1813/1813/1813 1785/1785/1785 1811/1811/1811
f 1811/1811/1811 1812/1812/1812 1814/1814/1814
f 1811/1811/1811 1814/1814/1814 1813/1813/1813
f 1813/1813/1813 1815/1815/1815 1785/1785/1785
f 1785/1785/1785 1815/1815/1815 1783/1783/1783
f 1815/1815/1815 1786/1786/1786 1783/1783/1783
f 1815/1815/1815 1813/1813/1813 1816/1816/1816
f 1813/1813/1813 1814/1814/1814 1816/1816/1816
f 1815/1815/1815 1817/1817/1817 1786/1786/1786
f 1816/1816/1816 1817/1817/1817 1815/1815/1815
f 1814/1814/1814 1818/1818/1818 1816/1816/1816
f 1818/1818/1818 1817/1817/1817 1816/1816/1816
f 1812/1812/1812 1819/1819/1819 1814/1814/1814
f 1818/1818/1818 1814/1814/1814 1819/1819/1819
f 1819/1819/1819 1812/1812/1812 1820/1820/1820
f 1817/1817/1817 1818/1818/1818 1821/1821/1821
f 1819/1819/1819 1820/1820/1820 1822/1822/1822
f 1820/1820/1820 1823/1823/1823 1822/1822/1822
f 1818/1818/1818 1819/1819/1819 1824/1824/1824
f 1819/1819/1819 1822/1822/1822 1824/1824/1824
f 1821/1821/1821 1818/1818/1818 1824/1824/1824
f 1825/1825/1825 1822/1822/1822 1823/1823/1823
f 1823/1823/1823 1826/1826/1826 1825/1825/1825
f 1827/1827/1827 1825/1825/1825 1826/1826/1826
f 1828/1828/1828 1824/1824/1824 1822/1822/1822
f 1822/1822/1822 1825/1825/1825 1828/1828/1828
f 1824/1824/1824 1829/1829/1829 1821/1821/1821
f 1824/1824/1824 1828/1828/1828 1829/1829/1829
f 1817/1817/1817 1821/1821/1821 1830/1830/1830
f 1817/1817/1817 1830/1830/1830 1786/1786/1786
f 1821/1821/1821 1829/1829/1829 1831/1831/1831
f 1821/1821/1821 1831/1831/1831 1830/1830/1830
f 1832/1832/1832 1786/1786/1786 1830/1830/1830
f 1786/1786/1786 1832/1832/1832 1743/1743/1743
f 1744/1744/1744 1743/1743/1743 1832/1832/1832
f 1830/1830/1830 1833/1833/1833 1832/1832/1832
f 1831/1831/1831 1833/1833/1833 1830/1830/1830
f 1832/1832/1832 1834/1834/1834 1744/1744/1744
f 1834/1834/1834 1832/1832/1832 1833/1833/1833
f 1833/1833/1833 1831/1831/1831 1835/1835/1835
f 1835/1835/1835 1836/1836/1836 1833/1833/1833
f 1833/1833/1833 1836/1836/1836 1837/1837/1837
f 1838/1838/1838 1835/1835/1835 1831/1831/1831
f 1829/1829/1829 1838/1838/1838 1831/1831/1831
f 1839/1839/1839 1836/1836/1836 1835/1835/1835
f 1829/1829/1829 1840/1840/1840 1838/1838/1838
f 1828/1828/1828 1840/1840/1840 1829/1829/1829
f 1835/1835/1835 1838/1838/1838 1841/1841/1841
f 1841/1841/1841 1838/1838/1838 1840/1840/1840
f 1841/1841/1841 1839/1839/1839 1835/1835/1835
f 1840/1840/1840 1828/1828/1828 1842/1842/1842
f 1825/1825/1825 1842/1842/1842 1828/1828/1828
f 1840/1840/1840 1843/1843/1843 1841/1841/1841
f 1842/1842/1842 1825/1825/1825 1844/1844/1844
f 1825/1825/1825 1827/1827/1827 1844/1844/1844
f 1842/1842/1842 1845/1845/1845 1840/1840/1840
f 1840/1840/1840 1845/1845/1845 1843/1843/1843
f 1844/1844/1844 1846/1846/1846 1842/1842/1842
f 1845/1845/1845 1842/1842/1842 1846/1846/1846
f 1827/1827/1827 1847/1847/1847 1844/1844/1844
f 1846/1846/1846 1844/1844/1844 1847/1847/1847
f 1847/1847/1847 1827/1827/1827 1848/1848/1848
f 1847/1847/1847 1849/1849/1849 1846/1846/1846
f 1848/1848/1848 1850/1850/1850 1847/1847/1847
f 1849/1849/1849 1847/1847/1847 1850/1850/1850
f 1848/1848/1848 1851/1851/1851 1850/1850/1850
f 1852/1852/1852 1850/1850/1850 1851/1851/1851
f 1850/1850/1850 1852/1852/1852 1853/1853/1853
f 1853/1853/1853 1849/1849/1849 1850/1850/1850
f 1852/1852/1852 1854/1854/1854 1853/1853/1853
f 1846/1846/1846 1849/1849/1849 1855/1855/1855
f 1849/1849/1849 1853/1853/1853 1855/1855/1855
f 1845/1845/1845 1846/1846/1846 1855/1855/1855
f 1853/1853/1853 1854/1854/1854 1856/1856/1856
f 1853/1853/1853 1856/1856/1856 1855/1855/1855
f 1857/1857/1857 1856/1856/1856 1854/1854/1854
f 1845/1845/1845 1855/1855/1855 1858/1858/1858
f 1856/1856/1856 1859/1859/1859 1855/1855/1855
f 1859/1859/1859 1858/1858/1858 1855/1855/1855
f 1856/1856/1856 1857/1857/1857 1860/1860/1860
f 1860/1860/1860 1859/1859/1859 1856/1856/1856
f 1858/1858/1858 1859/1859/1859 1861/1861/1861
f 1859/1859/1859 1860/1860/1860 1861/1861/1861
f 1862/1862/1862 1845/1845/1845 1858/1858/1858
f 1845/1845/1845 1862/1862/1862 1843/1843/1843
f 1863/1863/1863 1858/1858/1858 1861/1861/1861
f 1863/1863/1863 1862/1862/1862 1858/1858/1858
f 1860/1860/1860 1864/1864/1864 1861/1861/1861
f 1863/1863/1863 1861/1861/1861 1864/1864/1864
f 1857/1857/1857 1865/1865/1865 1860/1860/1860
f 1864/1864/1864 1860/1860/1860 1865/1865/1865
f 1865/1865/1865 1857/1857/1857 1866/1866/1866
f 1865/1865/1865 1867/1867/1867 1864/1864/1864
f 1867/1867/1867 1863/1863/1863 1864/1864/1864
f 1866/1866/1866 1868/1868/1868 1865/1865/1865
f 1867/1867/1867 1865/1865/1865 1868/1868/1868
f 1868/1868/1868 1866/1866/1866 1869/1869/1869
f 1863/1863/1863 1867/1867/1867 1870/1870/1870
f 1863/1863/1863 1870/1870/1870 1871/1871/1871
f 1862/1862/1862 1863/1863/1863 1871/1871/1871
f 1871/1871/1871 1870/1870/1870 1872/1872/1872
f 1872/1872/1872 1873/1873/1873 1871/1871/1871
f 1862/1862/1862 1871/1871/1871 1873/1873/1873
f 1873/1873/1873 1872/1872/1872 1874/1874/1874
f 1873/1873/1873 1875/1875/1875 1862/1862/1862
f 1874/1874/1874 1876/1876/1876 1873/1873/1873
f 1876/1876/1876 1875/1875/1875 1873/1873/1873
f 1876/1876/1876 1874/1874/1874 1877/1877/1877
f 1878/1878/1878 1876/1876/1876 1877/1877/1877
f 1876/1876/1876 1878/1878/1878 1879/1879/1879
f 1880/1880/1880 1876/1876/1876 1879/1879/1879
f 1881/1881/1881 1876/1876/1876 1880/1880/1880
f 1875/1875/1875 1876/1876/1876 1881/1881/1881
f 1882/1882/1882 1881/1881/1881 1880/1880/1880
f 1881/1881/1881 1882/1882/1882 1883/1883/1883
f 1883/1883/1883 1875/1875/1875 1881/1881/1881
f 1884/1884/1884 1883/1883/1883 1882/1882/1882
f 1885/1885/1885 1862/1862/1862 1875/1875/1875
f 1875/1875/1875 1883/1883/1883 1885/1885/1885
f 1862/1862/1862 1885/1885/1885 1843/1843/1843
f 1884/1884/1884 1886/1886/1886 1883/1883/1883
f 1886/1886/1886 1885/1885/1885 1883/1883/1883
f 1886/1886/1886 1884/1884/1884 1887/1887/1887
f 1843/1843/1843 1885/1885/1885 1888/1888/1888
f 1885/1885/1885 1886/1886/1886 1888/1888/1888
f 1887/1887/1887 1888/1888/1888 1886/1886/1886
f 1888/1888/1888 1841/1841/1841 1843/1843/1843
f 1839/1839/1839 1841/1841/1841 1888/1888/1888
f 1888/1888/1888 1887/1887/1887 1839/1839/1839
f 1889/1889/1889 1839/1839/1839 1887/1887/1887
f 1839/1839/1839 1889/1889/1889 1836/1836/1836
f 1836/1836/1836 1889/1889/1889 1837/1837/1837
f 1890/1890/1890 1891/1891/1891 1892/1892/1892
f 1892/1892/1892 1891/1891/1891 1893/1893/1893
f 1894/1894/1894 1895/1895/1895 1893/1893/1893
f 1891/1891/1891 1894/1894/1894 1893/1893/1893
f 1896/1896/1896 1895/1895/1895 1894/1894/1894
f 1890/1890/1890 1897/1897/1897 1891/1891/1891
f 1897/1897/1897 1890/1890/1890 1898/1898/1898
f 1894/1894/1894 1891/1891/1891 1899/1899/1899
f 1897/1897/1897 1899/1899/1899 1891/1891/1891
f 1900/1900/1900 1896/1896/1896 1894/1894/1894
f 1896/1896/1896 1900/1900/1900 1901/1901/1901
f 1900/1900/1900 1902/1902/1902 1901/1901/1901
f 1899/1899/1899 1903/1903/1903 1894/1894/1894
f 1903/1903/1903 1900/1900/1900 1894/1894/1894
f 1904/1904/1904 1905/1905/1905 1900/1900/1900
f 1900/1900/1900 1903/1903/1903 1906/1906/1906
f 1904/1904/1904 1900/1900/1900 1906/1906/1906
f 1907/1907/1907 1906/1906/1906 1903/1903/1903
f 1903/1903/1903 1908/1908/1908 1907/1907/1907
f 1908/1908/1908 1903/1903/1903 1899/1899/1899
f 1906/1906/1906 1907/1907/1907 1909/1909/1909
f 1910/1910/1910 1908/1908/1908 1899/1899/1899
f 1908/1908/1908 1910/1910/1910 1911/1911/1911
f 1912/1912/1912 1906/1906/1906 1909/1909/1909
f 1904/1904/1904 1906/1906/1906 1912/1912/1912
f 1912/1912/1912 1909/1909/1909 1913/1913/1913
f 1913/1913/1913 1914/1914/1914 1912/1912/1912
f 1914/1914/1914 1904/1904/1904 1912/1912/1912
f 1914/1914/1914 1913/1913/1913 1915/1915/1915
f 1916/1916/1916 1914/1914/1914 1915/1915/1915
f 1917/1917/1917 1904/1904/1904 1914/1914/1914
f 1914/1914/1914 1916/1916/1916 1918/1918/1918
f 1919/1919/1919 1918/1918/1918 1916/1916/1916
f 1914/1914/1914 1920/1920/1920 1917/1917/1917
f 1920/1920/1920 1914/1914/1914 1918/1918/1918
f 1919/1919/1919 1920/1920/1920 1918/1918/1918
f 1920/1920/1920 1919/1919/1919 1921/1921/1921
f 1922/1922/1922 1921/1921/1921 1919/1919/1919
f 1921/1921/1921 1922/1922/1922 1923/1923/1923
f 1923/1923/1923 1924/1924/1924 1921/1921/1921
f 1922/1922/1922 1925/1925/1925 1923/1923/1923
f 1926/1926/1926 1927/1927/1927 1923/1923/1923
f 1926/1926/1926 1923/1923/1923 1925/1925/1925
f 1928/1928/1928 1927/1927/1927 1926/1926/1926
f 1925/1925/1925 1929/1929/1929 1926/1926/1926
f 1929/1929/1929 1928/1928/1928 1926/1926/1926
f 1929/1929/1929 1925/1925/1925 1930/1930/1930
f 1931/1931/1931 1928/1928/1928 1929/1929/1929
f 1932/1932/1932 1929/1929/1929 1930/1930/1930
f 1932/1932/1932 1931/1931/1931 1929/1929/1929
f 1899/1899/1899 1933/1933/1933 1910/1910/1910
f 1933/1933/1933 1899/1899/1899 1897/1897/1897
f 1933/1933/1933 1934/1934/1934 1910/1910/1910
f 1911/1911/1911 1910/1910/1910 1934/1934/1934
f 1934/1934/1934 1935/1935/1935 1911/1911/1911
f 1936/1936/1936 1933/1933/1933 1897/1897/1897
f 1935/1935/1935 1934/1934/1934 1937/1937/1937
f 1937/1937/1937 1938/1938/1938 1935/1935/1935
f 1939/1939/1939 1934/1934/1934 1933/1933/1933
f 1936/1936/1936 1939/1939/1939 1933/1933/1933
f 1940/1940/1940 1937/1937/1937 1934/1934/1934
f 1939/1939/1939 1940/1940/1940 1934/1934/1934
f 1937/1937/1937 1941/1941/1941 1938/1938/1938
f 1942/1942/1942 1938/1938/1938 1941/1941/1941
f 1940/1940/1940 1943/1943/1943 1937/1937/1937
f 1941/1941/1941 1937/1937/1937 1943/1943/1943
f 1944/1944/1944 1942/1942/1942 1941/1941/1941
f 1942/1942/1942 1944/1944/1944 1945/1945/1945
f 1941/1941/1941 1946/1946/1946 1944/1944/1944
f 1946/1946/1946 1941/1941/1941 1943/1943/1943
f 1947/1947/1947 1945/1945/1945 1944/1944/1944
f 1947/1947/1947 1944/1944/1944 1946/1946/1946
f 1945/1945/1945 1947/1947/1947 1948/1948/1948
f 1948/1948/1948 1947/1947/1947 1949/1949/1949
f 1950/1950/1950 1949/1949/1949 1947/1947/1947
f 1950/1950/1950 1947/1947/1947 1946/1946/1946
f 1949/1949/1949 1950/1950/1950 1951/1951/1951
f 1951/1951/1951 1952/1952/1952 1949/1949/1949
f 1953/1953/1953 1950/1950/1950 1946/1946/1946
f 1950/1950/1950 1953/1953/1953 1954/1954/1954
f 1954/1954/1954 1951/1951/1951 1950/1950/1950
f 1946/1946/1946 1955/1955/1955 1953/1953/1953
f 1951/1951/1951 1954/1954/1954 1956/1956/1956
f 1955/1955/1955 1946/1946/1946 1957/1957/1957
f 1943/1943/1943 1957/1957/1957 1946/1946/1946
f 1957/1957/1957 1958/1958/1958 1955/1955/1955
f 1956/1956/1956 1959/1959/1959 1951/1951/1951
f 1952/1952/1952 1951/1951/1951 1959/1959/1959
f 1959/1959/1959 1956/1956/1956 1960/1960/1960
f 1961/1961/1961 1952/1952/1952 1959/1959/1959
f 1961/1961/1961 1959/1959/1959 1960/1960/1960
f 1958/1958/1958 1957/1957/1957 1962/1962/1962
f 1962/1962/1962 1957/1957/1957 1943/1943/1943
f 1962/1962/1962 1963/1963/1963 1958/1958/1958
f 1943/1943/1943 1940/1940/1940 1962/1962/1962
f 1963/1963/1963 1962/1962/1962 1964/1964/1964
f 1940/1940/1940 1964/1964/1964 1962/1962/1962
f 1964/1964/1964 1965/1965/1965 1963/1963/1963
f 1964/1964/1964 1940/1940/1940 1966/1966/1966
f 1940/1940/1940 1939/1939/1939 1966/1966/1966
f 1965/1965/1965 1964/1964/1964 1967/1967/1967
f 1964/1964/1964 1966/1966/1966 1967/1967/1967
f 1967/1967/1967 1968/1968/1968 1965/1965/1965
f 1936/1936/1936 1966/1966/1966 1939/1939/1939
f 1968/1968/1968 1967/1967/1967 1969/1969/1969
f 1966/1966/1966 1970/1970/1970 1967/1967/1967
f 1969/1969/1969 1967/1967/1967 1970/1970/1970
f 1966/1966/1966 1936/1936/1936 1971/1971/1971
f 1971/1971/1971 1970/1970/1970 1966/1966/1966
f 1972/1972/1972 1968/1968/1968 1969/1969/1969
f 1968/1968/1968 1972/1972/1972 1973/1973/1973
f 1970/1970/1970 1974/1974/1974 1969/1969/1969
f 1970/1970/1970 1971/1971/1971 1974/1974/1974
f 1969/1969/1969 1974/1974/1974 1975/1975/1975
f 1969/1969/1969 1975/1975/1975 1972/1972/1972
f 1974/1974/1974 1971/1971/1971 1976/1976/1976
f 1976/1976/1976 1975/1975/1975 1974/1974/1974
f 1936/1936/1936 1977/1977/1977 1971/1971/1971
f 1976/1976/1976 1971/1971/1971 1977/1977/1977
f 1977/1977/1977 1936/1936/1936 1897/1897/1897
f 1975/1975/1975 1976/1976/1976 1978/1978/1978
f 1979/1979/1979 1977/1977/1977 1897/1897/1897
f 1898/1898/1898 1979/1979/1979 1897/1897/1897
f 1977/1977/1977 1980/1980/1980 1976/1976/1976
f 1977/1977/1977 1979/1979/1979 1980/1980/1980
f 1976/1976/1976 1980/1980/1980 1978/1978/1978
f 1981/1981/1981 1979/1979/1979 1898/1898/1898
f 1980/1980/1980 1979/1979/1979 1982/1982/1982
f 1979/1979/1979 1981/1981/1981 1982/1982/1982
f 1980/1980/1980 1983/1983/1983 1978/1978/1978
f 1982/1982/1982 1983/1983/1983 1980/1980/1980
f 1978/1978/1978 1984/1984/1984 1975/1975/1975
f 1975/1975/1975 1984/1984/1984 1972/1972/1972
f 1985/1985/1985 1978/1978/1978 1983/1983/1983
f 1978/1978/1978 1985/1985/1985 1984/1984/1984
f 1972/1972/1972 1984/1984/1984 1986/1986/1986
f 1972/1972/1972 1986/1986/1986 1973/1973/1973
f 1973/1973/1973 1986/1986/1986 1987/1987/1987
f 1984/1984/1984 1988/1988/1988 1986/1986/1986
f 1984/1984/1984 1985/1985/1985 1988/1988/1988
f 1986/1986/1986 1989/1989/1989 1987/1987/1987
f 1986/1986/1986 1988/1988/1988 1989/1989/1989
f 1987/1987/1987 1989/1989/1989 1990/1990/1990
f 1989/1989/1989 1991/1991/1991 1990/1990/1990
f 1988/1988/1988 1992/1992/1992 1989/1989/1989
f 1991/1991/1991 1989/1989/1989 1993/1993/1993
f 1989/1989/1989 1992/1992/1992 1993/1993/1993
f 1994/1994/1994 1991/1991/1991 1993/1993/1993
f 1991/1991/1991 1994/1994/1994 1995/1995/1995
f 1996/1996/1996 1993/1993/1993 1992/1992/1992
f 1993/1993/1993 1996/1996/1996 1994/1994/1994
f 1997/1997/1997 1992/1992/1992 1988/1988/1988
f 1988/1988/1988 1985/1985/1985 1997/1997/1997
f 1992/1992/1992 1998/1998/1998 1996/1996/1996
f 1998/1998/1998 1992/1992/1992 1997/1997/1997
f 1996/1996/1996 1999/1999/1999 1994/1994/1994
f 1995/1995/1995 1994/1994/1994 2000/2000/2000
f 2000/2000/2000 1994/1994/1994 1999/1999/1999
f 2001/2001/2001 1995/1995/1995 2000/2000/2000
f 2000/2000/2000 2002/2002/2002 2001/2001/2001
f 2002/2002/2002 2000/2000/2000 2003/2003/2003
f 1999/1999/1999 2003/2003/2003 2000/2000/2000
f 2003/2003/2003 2004/2004/2004 2002/2002/2002
f 1996/1996/1996 2005/2005/2005 1999/1999/1999
f 2003/2003/2003 1999/1999/1999 2005/2005/2005
f 1998/1998/1998 2005/2005/2005 1996/1996/1996
f 2004/2004/2004 2003/2003/2003 2006/2006/2006
f 2005/2005/2005 2006/2006/2006 2003/2003/2003
f 2006/2006/2006 2007/2007/2007 2004/2004/2004
f 2006/2006/2006 2005/2005/2005 2008/2008/2008
f 2007/2007/2007 2006/2006/2006 2009/2009/2009
f 2008/2008/2008 2009/2009/2009 2006/2006/2006
f 2008/2008/2008 2005/2005/2005 2010/2010/2010
f 1998/1998/1998 2010/2010/2010 2005/2005/2005
f 2009/2009/2009 2008/2008/2008 2011/2011/2011
f 2010/2010/2010 2011/2011/2011 2008/2008/2008
f 2012/2012/2012 2007/2007/2007 2009/2009/2009
f 2007/2007/2007 2012/2012/2012 2013/2013/2013
f 2014/2014/2014 2009/2009/2009 2011/2011/2011
f 2009/2009/2009 2014/2014/2014 2012/2012/2012
f 2013/2013/2013 2015/2015/2015 2016/2016/2016
f 2015/2015/2015 2013/2013/2013 2012/2012/2012
f 2012/2012/2012 2017/2017/2017 2015/2015/2015
f 2017/2017/2017 2012/2012/2012 2014/2014/2014
f 2011/2011/2011 2018/2018/2018 2014/2014/2014
f 2018/2018/2018 2017/2017/2017 2014/2014/2014
f 2010/2010/2010 2018/2018/2018 2011/2011/2011
f 2017/2017/2017 2018/2018/2018 2019/2019/2019
f 2020/2020/2020 2018/2018/2018 2010/2010/2010
f 1998/1998/1998 2020/2020/2020 2010/2010/2010
f 2019/2019/2019 2018/2018/2018 2021/2021/2021
f 2018/2018/2018 2020/2020/2020 2021/2021/2021
f 2021/2021/2021 2022/2022/2022 2019/2019/2019
f 2022/2022/2022 2021/2021/2021 2023/2023/2023
f 2020/2020/2020 2023/2023/2023 2021/2021/2021
f 2023/2023/2023 2024/2024/2024 2022/2022/2022
f 2020/2020/2020 1998/1998/1998 2025/2025/2025
f 1997/1997/1997 2025/2025/2025 1998/1998/1998
f 2026/2026/2026 2024/2024/2024 2023/2023/2023
f 2024/2024/2024 2026/2026/2026 2027/2027/2027
f 2026/2026/2026 2028/2028/2028 2027/2027/2027
f 2029/2029/2029 2028/2028/2028 2026/2026/2026
f 2030/2030/2030 2026/2026/2026 2023/2023/2023
f 2030/2030/2030 2023/2023/2023 2020/2020/2020
f 2031/2031/2031 2029/2029/2029 2026/2026/2026
f 2031/2031/2031 2026/2026/2026 2030/2030/2030
f 2029/2029/2029 2031/2031/2031 2032/2032/2032
f 2031/2031/2031 2033/2033/2033 2032/2032/2032
f 2033/2033/2033 2031/2031/2031 2034/2034/2034
f 2030/2030/2030 2034/2034/2034 2031/2031/2031
f 2034/2034/2034 2035/2035/2035 2033/2033/2033
f 2036/2036/2036 2030/2030/2030 2020/2020/2020
f 2034/2034/2034 2030/2030/2030 2036/2036/2036
f 2020/2020/2020 2025/2025/2025 2036/2036/2036
f 2037/2037/2037 2035/2035/2035 2034/2034/2034
f 2036/2036/2036 2037/2037/2037 2034/2034/2034
f 2037/2037/2037 2038/2038/2038 2035/2035/2035
f 2037/2037/2037 2036/2036/2036 2039/2039/2039
f 2039/2039/2039 2038/2038/2038 2037/2037/2037
f 2025/2025/2025 2039/2039/2039 2036/2036/2036
f 2038/2038/2038 2039/2039/2039 2040/2040/2040
f 2039/2039/2039 2025/2025/2025 2041/2041/2041
f 2041/2041/2041 2040/2040/2040 2039/2039/2039
f 1997/1997/1997 2041/2041/2041 2025/2025/2025
f 2040/2040/2040 2042/2042/2042 2038/2038/2038
f 2041/2041/2041 1997/1997/1997 2043/2043/2043
f 1985/1985/1985 2043/2043/2043 1997/1997/1997
f 2043/2043/2043 1985/1985/1985 1983/1983/1983
f 2044/2044/2044 2041/2041/2041 2043/2043/2043
f 2043/2043/2043 1983/1983/1983 2044/2044/2044
f 2040/2040/2040 2041/2041/2041 2044/2044/2044
f 1983/1983/1983 1982/1982/1982 2044/2044/2044
f 2045/2045/2045 2040/2040/2040 2044/2044/2044
f 2044/2044/2044 1982/1982/1982 2045/2045/2045
f 2042/2042/2042 2040/2040/2040 2045/2045/2045
f 2045/2045/2045 1982/1982/1982 2046/2046/2046
f 2045/2045/2045 2046/2046/2046 2042/2042/2042
f 2047/2047/2047 2048/2048/2048 2049/2049/2049
f 2050/2050/2050 2051/2051/2051 2049/2049/2049
f 2051/2051/2051 2050/2050/2050 2052/2052/2052
f 2053/2053/2053 2052/2052/2052 2050/2050/2050
f 2052/2052/2052 2053/2053/2053 2054/2054/2054
f 2053/2053/2053 2055/2055/2055 2054/2054/2054
f 2055/2055/2055 2053/2053/2053 2056/2056/2056
f 2056/2056/2056 2057/2057/2057 2055/2055/2055
f 2055/2055/2055 2057/2057/2057 2058/2058/2058
f 2057/2057/2057 2056/2056/2056 2059/2059/2059
f 2060/2060/2060 2057/2057/2057 2059/2059/2059
f 2057/2057/2057 2060/2060/2060 2061/2061/2061
f 2062/2062/2062 2061/2061/2061 2060/2060/2060
f 2063/2063/2063 2057/2057/2057 2061/2061/2061
f 2061/2061/2061 2062/2062/2062 2064/2064/2064
f 2065/2065/2065 2064/2064/2064 2062/2062/2062
f 2065/2065/2065 2066/2066/2066 2064/2064/2064
f 2066/2066/2066 2065/2065/2065 2067/2067/2067
f 2067/2067/2067 2068/2068/2068 2066/2066/2066
f 2069/2069/2069 2070/2070/2070 2071/2071/2071
f 2070/2070/2070 2072/2072/2072 2073/2073/2073
f 2072/2072/2072 2070/2070/2070 2069/2069/2069
f 2074/2074/2074 2072/2072/2072 2075/2075/2075
f 2069/2069/2069 2075/2075/2075 2072/2072/2072
f 2075/2075/2075 2069/2069/2069 2076/2076/2076
f 2077/2077/2077 2078/2078/2078 2079/2079/2079
f 2080/2080/2080 2079/2079/2079 2078/2078/2078
f 2079/2079/2079 2080/2080/2080 2081/2081/2081
f 2082/2082/2082 2080/2080/2080 2078/2078/2078
f 2080/2080/2080 2083/2083/2083 2081/2081/2081
f 2080/2080/2080 2082/2082/2082 2083/2083/2083
f 2081/2081/2081 2083/2083/2083 2084/2084/2084
f 2085/2085/2085 2083/2083/2083 2082/2082/2082
f 2083/2083/2083 2086/2086/2086 2084/2084/2084
f 2083/2083/2083 2085/2085/2085 2087/2087/2087
f 2086/2086/2086 2083/2083/2083 2087/2087/2087
f 2085/2085/2085 2088/2088/2088 2087/2087/2087
f 2087/2087/2087 2088/2088/2088 2086/2086/2086
f 2088/2088/2088 2085/2085/2085 2089/2089/2089
f 2086/2086/2086 2088/2088/2088 2090/2090/2090
f 2089/2089/2089 2091/2091/2091 2088/2088/2088
f 2088/2088/2088 2091/2091/2091 2090/2090/2090
f 2091/2091/2091 2089/2089/2089 2092/2092/2092
f 2093/2093/2093 2090/2090/2090 2091/2091/2091
f 2092/2092/2092 2094/2094/2094 2091/2091/2091
f 2094/2094/2094 2093/2093/2093 2091/2091/2091
f 2093/2093/2093 2094/2094/2094 2095/2095/2095
f 2096/2096/2096 2094/2094/2094 2092/2092/2092
f 2094/2094/2094 2097/2097/2097 2095/2095/2095
f 2094/2094/2094 2098/2098/2098 2097/2097/2097
f 2098/2098/2098 2094/2094/2094 2096/2096/2096
f 2098/2098/2098 2099/2099/2099 2097/2097/2097
f 2100/2100/2100 2098/2098/2098 2096/2096/2096
f 2101/2101/2101 2100/2100/2100 2096/2096/2096
f 2098/2098/2098 2100/2100/2100 2102/2102/2102
f 2103/2103/2103 2100/2100/2100 2101/2101/2101
f 2103/2103/2103 2102/2102/2102 2100/2100/2100
f 2101/2101/2101 2104/2104/2104 2103/2103/2103
f 2105/2105/2105 2103/2103/2103 2104/2104/2104
f 2106/2106/2106 2098/2098/2098 2102/2102/2102
f 2098/2098/2098 2106/2106/2106 2099/2099/2099
f 2107/2107/2107 2103/2103/2103 2105/2105/2105
f 2108/2108/2108 2107/2107/2107 2105/2105/2105
f 2102/2102/2102 2103/2103/2103 2109/2109/2109
f 2107/2107/2107 2109/2109/2109 2103/2103/2103
f 2109/2109/2109 2110/2110/2110 2102/2102/2102
f 2102/2102/2102 2110/2110/2110 2106/2106/2106
f 2111/2111/2111 2110/2110/2110 2109/2109/2109
f 2110/2110/2110 2111/2111/2111 2112/2112/2112
f 2112/2112/2112 2106/2106/2106 2110/2110/2110
f 2113/2113/2113 2106/2106/2106 2112/2112/2112
f 2114/2114/2114 2111/2111/2111 2109/2109/2109
f 2109/2109/2109 2107/2107/2107 2114/2114/2114
f 2115/2115/2115 2111/2111/2111 2114/2114/2114
f 2116/2116/2116 2115/2115/2115 2114/2114/2114
f 2117/2117/2117 2106/2106/2106 2113/2113/2113
f 2117/2117/2117 2113/2113/2113 2118/2118/2118
f 2117/2117/2117 2118/2118/2118 2119/2119/2119
f 2120/2120/2120 2117/2117/2117 2119/2119/2119
f 2121/2121/2121 2106/2106/2106 2117/2117/2117
f 2117/2117/2117 2120/2120/2120 2121/2121/2121
f 2121/2121/2121 2099/2099/2099 2106/2106/2106
f 2122/2122/2122 2099/2099/2099 2121/2121/2121
f 2122/2122/2122 2121/2121/2121 2120/2120/2120
f 2122/2122/2122 2123/2123/2123 2099/2099/2099
f 2120/2120/2120 2124/2124/2124 2122/2122/2122
f 2124/2124/2124 2123/2123/2123 2122/2122/2122
f 2124/2124/2124 2120/2120/2120 2125/2125/2125
f 2123/2123/2123 2124/2124/2124 2126/2126/2126
f 2125/2125/2125 2127/2127/2127 2124/2124/2124
f 2126/2126/2126 2124/2124/2124 2127/2127/2127
f 2127/2127/2127 2125/2125/2125 2128/2128/2128
f 2129/2129/2129 2126/2126/2126 2127/2127/2127
f 2130/2130/2130 2127/2127/2127 2128/2128/2128
f 2127/2127/2127 2130/2130/2130 2129/2129/2129
f 2130/2130/2130 2128/2128/2128 2131/2131/2131
f 2132/2132/2132 2129/2129/2129 2130/2130/2130
f 2130/2130/2130 2131/2131/2131 2132/2132/2132
f 2133/2133/2133 2129/2129/2129 2132/2132/2132
f 2134/2134/2134 2132/2132/2132 2131/2131/2131
f 2114/2114/2114 2135/2135/2135 2116/2116/2116
f 2135/2135/2135 2136/2136/2136 2116/2116/2116
f 2114/2114/2114 2137/2137/2137 2135/2135/2135
f 2137/2137/2137 2114/2114/2114 2107/2107/2107
f 2107/2107/2107 2108/2108/2108 2137/2137/2137
f 2136/2136/2136 2135/2135/2135 2138/2138/2138
f 2138/2138/2138 2135/2135/2135 2137/2137/2137
f 2108/2108/2108 2139/2139/2139 2137/2137/2137
f 2139/2139/2139 2138/2138/2138 2137/2137/2137
f 2139/2139/2139 2108/2108/2108 2140/2140/2140
f 2140/2140/2140 2141/2141/2141 2139/2139/2139
f 2141/2141/2141 2140/2140/2140 2142/2142/2142
f 2142/2142/2142 2143/2143/2143 2144/2144/2144
f 2145/2145/2145 2144/2144/2144 2143/2143/2143
f 2146/2146/2146 2144/2144/2144 2145/2145/2145
f 2147/2147/2147 2146/2146/2146 2145/2145/2145
f 2146/2146/2146 2148/2148/2148 2149/2149/2149
f 2148/2148/2148 2146/2146/2146 2147/2147/2147
f 2150/2150/2150 2149/2149/2149 2148/2148/2148
f 2151/2151/2151 2148/2148/2148 2147/2147/2147
f 2148/2148/2148 2152/2152/2152 2150/2150/2150
f 2148/2148/2148 2151/2151/2151 2152/2152/2152
f 2153/2153/2153 2152/2152/2152 2151/2151/2151
f 2154/2154/2154 2150/2150/2150 2152/2152/2152
f 2152/2152/2152 2153/2153/2153 2155/2155/2155
f 2154/2154/2154 2152/2152/2152 2155/2155/2155
f 2156/2156/2156 2155/2155/2155 2153/2153/2153
f 2157/2157/2157 2155/2155/2155 2156/2156/2156
f 2158/2158/2158 2157/2157/2157 2156/2156/2156
f 2154/2154/2154 2155/2155/2155 2159/2159/2159
f 2157/2157/2157 2158/2158/2158 2160/2160/2160
f 2161/2161/2161 2155/2155/2155 2157/2157/2157
f 2161/2161/2161 2157/2157/2157 2160/2160/2160
f 2155/2155/2155 2162/2162/2162 2159/2159/2159
f 2155/2155/2155 2161/2161/2161 2162/2162/2162
f 2162/2162/2162 2163/2163/2163 2159/2159/2159
f 2163/2163/2163 2162/2162/2162 2164/2164/2164
f 2161/2161/2161 2164/2164/2164 2162/2162/2162
f 2161/2161/2161 2165/2165/2165 2164/2164/2164
f 2166/2166/2166 2165/2165/2165 2161/2161/2161
f 2166/2166/2166 2161/2161/2161 2160/2160/2160
f 2165/2165/2165 2166/2166/2166 2167/2167/2167
f 2168/2168/2168 2167/2167/2167 2166/2166/2166
f 2160/2160/2160 2168/2168/2168 2166/2166/2166
f 2167/2167/2167 2168/2168/2168 2169/2169/2169
f 2160/2160/2160 2170/2170/2170 2168/2168/2168
f 2170/2170/2170 2169/2169/2169 2168/2168/2168
f 2158/2158/2158 2170/2170/2170 2160/2160/2160
f 2170/2170/2170 2158/2158/2158 2171/2171/2171
f 2169/2169/2169 2170/2170/2170 2172/2172/2172
f 2170/2170/2170 2171/2171/2171 2172/2172/2172
f 2172/2172/2172 2173/2173/2173 2169/2169/2169
f 2174/2174/2174 2172/2172/2172 2171/2171/2171
f 2174/2174/2174 2173/2173/2173 2172/2172/2172
f 2173/2173/2173 2174/2174/2174 2175/2175/2175
f 2176/2176/2176 2177/2177/2177 2178/2178/2178
f 2179/2179/2179 2176/2176/2176 2180/2180/2180
f 2181/2181/2181 2179/2179/2179 2180/2180/2180
f 2181/2181/2181 2182/2182/2182 2179/2179/2179
f 2182/2182/2182 2181/2181/2181 2183/2183/2183
f 2184/2184/2184 2185/2185/2185 2183/2183/2183
f 2186/2186/2186 2183/2183/2183 2185/2185/2185
f 2187/2187/2187 2182/2182/2182 2183/2183/2183
f 2188/2188/2188 2182/2182/2182 2187/2187/2187
f 2189/2189/2189 2187/2187/2187 2186/2186/2186
f 2190/2190/2190 2188/2188/2188 2187/2187/2187
f 2188/2188/2188 2190/2190/2190 2191/2191/2191
f 2192/2192/2192 2191/2191/2191 2190/2190/2190
f 2191/2191/2191 2192/2192/2192 2193/2193/2193
f 2194/2194/2194 2195/2195/2195 2196/2196/2196
f 2193/2193/2193 2197/2197/2197 2198/2198/2198
f 2197/2197/2197 2196/2196/2196 2198/2198/2198
f 2198/2198/2198 2199/2199/2199 2193/2193/2193
f 2198/2198/2198 2196/2196/2196 2200/2200/2200
f 2199/2199/2199 2198/2198/2198 2200/2200/2200
f 2199/2199/2199 2200/2200/2200 2201/2201/2201
f 2202/2202/2202 2203/2203/2203 2204/2204/2204
f 2203/2203/2203 2202/2202/2202 2205/2205/2205
f 2205/2205/2205 2206/2206/2206 2203/2203/2203
f 2207/2207/2207 2205/2205/2205 2202/2202/2202
f 2206/2206/2206 2205/2205/2205 2208/2208/2208
f 2209/2209/2209 2206/2206/2206 2208/2208/2208
f 2205/2205/2205 2207/2207/2207 2210/2210/2210
f 2210/2210/2210 2208/2208/2208 2205/2205/2205
f 2211/2211/2211 2210/2210/2210 2207/2207/2207
f 2210/2210/2210 2211/2211/2211 2212/2212/2212
f 2208/2208/2208 2210/2210/2210 2213/2213/2213
f 2208/2208/2208 2214/2214/2214 2209/2209/2209
f 2214/2214/2214 2208/2208/2208 2213/2213/2213
f 2215/2215/2215 2209/2209/2209 2214/2214/2214
f 2213/2213/2213 2216/2216/2216 2214/2214/2214
f 2217/2217/2217 2215/2215/2215 2214/2214/2214
f 2216/2216/2216 2217/2217/2217 2214/2214/2214
f 2217/2217/2217 2218/2218/2218 2215/2215/2215
f 2217/2217/2217 2216/2216/2216 2219/2219/2219
f 2218/2218/2218 2217/2217/2217 2220/2220/2220
f 2219/2219/2219 2220/2220/2220 2217/2217/2217
f 2220/2220/2220 2221/2221/2221 2218/2218/2218
f 2220/2220/2220 2219/2219/2219 2222/2222/2222
f 2222/2222/2222 2223/2223/2223 2220/2220/2220
f 2224/2224/2224 2225/2225/2225 2226/2226/2226
f 2224/2224/2224 2227/2227/2227 2225/2225/2225
f 2227/2227/2227 2228/2228/2228 2225/2225/2225
f 2224/2224/2224 2229/2229/2229 2227/2227/2227
f 2230/2230/2230 2231/2231/2231 2232/2232/2232
f 2231/2231/2231 2230/2230/2230 2233/2233/2233
f 2234/2234/2234 2232/2232/2232 2231/2231/2231
f 2232/2232/2232 2234/2234/2234 2229/2229/2229
f 2233/2233/2233 2235/2235/2235 2231/2231/2231
f 2235/2235/2235 2234/2234/2234 2231/2231/2231
f 2235/2235/2235 2233/2233/2233 2236/2236/2236
f 2234/2234/2234 2237/2237/2237 2229/2229/2229
f 2236/2236/2236 2238/2238/2238 2235/2235/2235
f 2238/2238/2238 2236/2236/2236 2239/2239/2239
f 2234/2234/2234 2235/2235/2235 2240/2240/2240
f 2234/2234/2234 2240/2240/2240 2237/2237/2237
f 2241/2241/2241 2235/2235/2235 2238/2238/2238
f 2235/2235/2235 2241/2241/2241 2240/2240/2240
f 2240/2240/2240 2241/2241/2241 2242/2242/2242
f 2243/2243/2243 2240/2240/2240 2242/2242/2242
f 2237/2237/2237 2240/2240/2240 2243/2243/2243
f 2242/2242/2242 2241/2241/2241 2244/2244/2244
f 2245/2245/2245 2237/2237/2237 2243/2243/2243
f 2246/2246/2246 2244/2244/2244 2241/2241/2241
f 2244/2244/2244 2246/2246/2246 2247/2247/2247
f 2237/2237/2237 2245/2245/2245 2248/2248/2248
f 2248/2248/2248 2249/2249/2249 2237/2237/2237
f 2237/2237/2237 2249/2249/2249 2229/2229/2229
f 2229/2229/2229 2249/2249/2249 2227/2227/2227
f 2245/2245/2245 2250/2250/2250 2248/2248/2248
f 2250/2250/2250 2245/2245/2245 2251/2251/2251
f 2248/2248/2248 2252/2252/2252 2249/2249/2249
f 2248/2248/2248 2250/2250/2250 2252/2252/2252
f 2249/2249/2249 2253/2253/2253 2227/2227/2227
f 2249/2249/2249 2252/2252/2252 2253/2253/2253
f 2228/2228/2228 2227/2227/2227 2253/2253/2253
f 2254/2254/2254 2228/2228/2228 2253/2253/2253
f 2252/2252/2252 2254/2254/2254 2253/2253/2253
f 2228/2228/2228 2254/2254/2254 2255/2255/2255
f 2250/2250/2250 2256/2256/2256 2252/2252/2252
f 2252/2252/2252 2256/2256/2256 2254/2254/2254
f 2257/2257/2257 2255/2255/2255 2254/2254/2254
f 2256/2256/2256 2257/2257/2257 2254/2254/2254
f 2258/2258/2258 2255/2255/2255 2257/2257/2257
f 2250/2250/2250 2259/2259/2259 2256/2256/2256
f 2251/2251/2251 2259/2259/2259 2250/2250/2250
f 2251/2251/2251 2260/2260/2260 2259/2259/2259
f 2257/2257/2257 2256/2256/2256 2261/2261/2261
f 2259/2259/2259 2261/2261/2261 2256/2256/2256
f 2262/2262/2262 2258/2258/2258 2257/2257/2257
f 2261/2261/2261 2262/2262/2262 2257/2257/2257
f 2258/2258/2258 2262/2262/2262 2263/2263/2263
f 2260/2260/2260 2264/2264/2264 2259/2259/2259
f 2261/2261/2261 2259/2259/2259 2264/2264/2264
f 2264/2264/2264 2260/2260/2260 2265/2265/2265
f 2264/2264/2264 2266/2266/2266 2261/2261/2261
f 2262/2262/2262 2261/2261/2261 2266/2266/2266
f 2265/2265/2265 2267/2267/2267 2264/2264/2264
f 2266/2266/2266 2264/2264/2264 2267/2267/2267
f 2267/2267/2267 2265/2265/2265 2268/2268/2268
f 2268/2268/2268 2269/2269/2269 2267/2267/2267
f 2269/2269/2269 2266/2266/2266 2267/2267/2267
f 2269/2269/2269 2268/2268/2268 2270/2270/2270
f 2271/2271/2271 2262/2262/2262 2266/2266/2266
f 2266/2266/2266 2269/2269/2269 2271/2271/2271
f 2270/2270/2270 2272/2272/2272 2269/2269/2269
f 2272/2272/2272 2271/2271/2271 2269/2269/2269
f 2272/2272/2272 2270/2270/2270 2273/2273/2273
f 2262/2262/2262 2271/2271/2271 2274/2274/2274
f 2274/2274/2274 2263/2263/2263 2262/2262/2262
f 2263/2263/2263 2274/2274/2274 2275/2275/2275
f 2276/2276/2276 2274/2274/2274 2271/2271/2271
f 2271/2271/2271 2272/2272/2272 2276/2276/2276
f 2277/2277/2277 2275/2275/2275 2274/2274/2274
f 2274/2274/2274 2276/2276/2276 2277/2277/2277
f 2278/2278/2278 2275/2275/2275 2277/2277/2277
f 2279/2279/2279 2277/2277/2277 2276/2276/2276
f 2276/2276/2276 2272/2272/2272 2279/2279/2279
f 2280/2280/2280 2278/2278/2278 2277/2277/2277
f 2277/2277/2277 2279/2279/2279 2280/2280/2280
f 2278/2278/2278 2280/2280/2280 2281/2281/2281
f 2282/2282/2282 2281/2281/2281 2280/2280/2280
f 2281/2281/2281 2282/2282/2282 2283/2283/2283
f 2284/2284/2284 2280/2280/2280 2279/2279/2279
f 2280/2280/2280 2284/2284/2284 2282/2282/2282
f 2285/2285/2285 2283/2283/2283 2282/2282/2282
f 2284/2284/2284 2285/2285/2285 2282/2282/2282
f 2286/2286/2286 2283/2283/2283 2285/2285/2285
f 2279/2279/2279 2287/2287/2287 2284/2284/2284
f 2287/2287/2287 2279/2279/2279 2272/2272/2272
f 2288/2288/2288 2286/2286/2286 2285/2285/2285
f 2286/2286/2286 2288/2288/2288 2289/2289/2289
f 2285/2285/2285 2284/2284/2284 2290/2290/2290
f 2288/2288/2288 2285/2285/2285 2290/2290/2290
f 2287/2287/2287 2291/2291/2291 2284/2284/2284
f 2290/2290/2290 2284/2284/2284 2291/2291/2291
f 2287/2287/2287 2272/2272/2272 2292/2292/2292
f 2273/2273/2273 2292/2292/2292 2272/2272/2272
f 2292/2292/2292 2273/2273/2273 2293/2293/2293
f 2294/2294/2294 2287/2287/2287 2292/2292/2292
f 2293/2293/2293 2294/2294/2294 2292/2292/2292
f 2287/2287/2287 2294/2294/2294 2291/2291/2291
f 2294/2294/2294 2293/2293/2293 2295/2295/2295
f 2294/2294/2294 2295/2295/2295 2296/2296/2296
f 2291/2291/2291 2294/2294/2294 2296/2296/2296
f 2295/2295/2295 2297/2297/2297 2296/2296/2296
f 2296/2296/2296 2298/2298/2298 2291/2291/2291
f 2298/2298/2298 2290/2290/2290 2291/2291/2291
f 2296/2296/2296 2297/2297/2297 2299/2299/2299
f 2299/2299/2299 2298/2298/2298 2296/2296/2296
f 2297/2297/2297 2300/2300/2300 2301/2301/2301
f 2297/2297/2297 2301/2301/2301 2299/2299/2299
f 2290/2290/2290 2298/2298/2298 2302/2302/2302
f 2288/2288/2288 2290/2290/2290 2302/2302/2302
f 2298/2298/2298 2299/2299/2299 2303/2303/2303
f 2301/2301/2301 2303/2303/2303 2299/2299/2299
f 2303/2303/2303 2302/2302/2302 2298/2298/2298
f 2303/2303/2303 2301/2301/2301 2304/2304/2304
f 2302/2302/2302 2305/2305/2305 2288/2288/2288
f 2305/2305/2305 2289/2289/2289 2288/2288/2288
f 2289/2289/2289 2305/2305/2305 2306/2306/2306
f 2307/2307/2307 2306/2306/2306 2305/2305/2305
f 2305/2305/2305 2308/2308/2308 2307/2307/2307
f 2302/2302/2302 2303/2303/2303 2309/2309/2309
f 2305/2305/2305 2302/2302/2302 2309/2309/2309
f 2309/2309/2309 2308/2308/2308 2305/2305/2305
f 2304/2304/2304 2309/2309/2309 2303/2303/2303
f 2308/2308/2308 2309/2309/2309 2310/2310/2310
f 2309/2309/2309 2304/2304/2304 2310/2310/2310
f 2311/2311/2311 2312/2312/2312 2313/2313/2313
f 2312/2312/2312 2311/2311/2311 2314/2314/2314
f 2314/2314/2314 2315/2315/2315 2312/2312/2312
f 2311/2311/2311 2316/2316/2316 2314/2314/2314
f 2315/2315/2315 2314/2314/2314 2317/2317/2317
f 2314/2314/2314 2316/2316/2316 2317/2317/2317
f 2317/2317/2317 2318/2318/2318 2315/2315/2315
f 2319/2319/2319 2317/2317/2317 2316/2316/2316
f 2317/2317/2317 2320/2320/2320 2318/2318/2318
f 2317/2317/2317 2319/2319/2319 2321/2321/2321
f 2320/2320/2320 2317/2317/2317 2321/2321/2321
f 2321/2321/2321 2322/2322/2322 2320/2320/2320
f 2323/2323/2323 2321/2321/2321 2319/2319/2319
f 2321/2321/2321 2324/2324/2324 2322/2322/2322
f 2321/2321/2321 2323/2323/2323 2325/2325/2325
f 2324/2324/2324 2321/2321/2321 2325/2325/2325
f 2326/2326/2326 2325/2325/2325 2323/2323/2323
f 2327/2327/2327 2324/2324/2324 2325/2325/2325
f 2325/2325/2325 2326/2326/2326 2328/2328/2328
f 2325/2325/2325 2328/2328/2328 2327/2327/2327
f 2327/2327/2327 2328/2328/2328 2329/2329/2329
f 2330/2330/2330 2328/2328/2328 2326/2326/2326
f 2328/2328/2328 2331/2331/2331 2329/2329/2329
f 2328/2328/2328 2332/2332/2332 2331/2331/2331
f 2328/2328/2328 2330/2330/2330 2332/2332/2332
f 2332/2332/2332 2333/2333/2333 2331/2331/2331
f 2330/2330/2330 2334/2334/2334 2332/2332/2332
f 2334/2334/2334 2333/2333/2333 2332/2332/2332
f 2333/2333/2333 2334/2334/2334 2335/2335/2335
f 2334/2334/2334 2330/2330/2330 2336/2336/2336
f 2337/2337/2337 2335/2335/2335 2334/2334/2334
f 2338/2338/2338 2337/2337/2337 2334/2334/2334
f 2334/2334/2334 2336/2336/2336 2338/2338/2338
f 2337/2337/2337 2338/2338/2338 2339/2339/2339
f 2338/2338/2338 2336/2336/2336 2340/2340/2340
f 2340/2340/2340 2339/2339/2339 2338/2338/2338
f 2340/2340/2340 2336/2336/2336 2341/2341/2341
f 2339/2339/2339 2340/2340/2340 2342/2342/2342
f 2340/2340/2340 2341/2341/2341 2342/2342/2342
f 2341/2341/2341 2343/2343/2343 2342/2342/2342
f 2344/2344/2344 2345/2345/2345 2346/2346/2346
f 2347/2347/2347 2348/2348/2348 2346/2346/2346
f 2348/2348/2348 2347/2347/2347 2349/2349/2349
f 2350/2350/2350 2348/2348/2348 2349/2349/2349
f 2350/2350/2350 2349/2349/2349 2351/2351/2351
f 2352/2352/2352 2350/2350/2350 2351/2351/2351
f 2350/2350/2350 2352/2352/2352 2353/2353/2353
f 2354/2354/2354 2353/2353/2353 2352/2352/2352
f 2352/2352/2352 2355/2355/2355 2354/2354/2354
f 2354/2354/2354 2356/2356/2356 2353/2353/2353
f 2357/2357/2357 2356/2356/2356 2354/2354/2354
f 2358/2358/2358 2357/2357/2357 2354/2354/2354
f 2359/2359/2359 2358/2358/2358 2354/2354/2354
f 2358/2358/2358 2360/2360/2360 2357/2357/2357
f 2360/2360/2360 2358/2358/2358 2361/2361/2361
f 2362/2362/2362 2360/2360/2360 2361/2361/2361
f 2363/2363/2363 2362/2362/2362 2361/2361/2361
f 2362/2362/2362 2363/2363/2363 2364/2364/2364
f 2364/2364/2364 2363/2363/2363 2365/2365/2365
f 2366/2366/2366 2367/2367/2367 2368/2368/2368
f 2368/2368/2368 2369/2369/2369 2366/2366/2366
f 2369/2369/2369 2368/2368/2368 2370/2370/2370
f 2366/2366/2366 2371/2371/2371 2372/2372/2372
f 2371/2371/2371 2366/2366/2366 2369/2369/2369
f 2369/2369/2369 2373/2373/2373 2371/2371/2371
f 2374/2374/2374 2375/2375/2375 2376/2376/2376
f 2374/2374/2374 2377/2377/2377 2378/2378/2378
f 2374/2374/2374 2376/2376/2376 2379/2379/2379
f 2374/2374/2374 2379/2379/2379 2377/2377/2377
f 2379/2379/2379 2376/2376/2376 2380/2380/2380
f 2379/2379/2379 2381/2381/2381 2377/2377/2377
f 2379/2379/2379 2380/2380/2380 2381/2381/2381
f 2377/2377/2377 2381/2381/2381 2382/2382/2382
f 2381/2381/2381 2380/2380/2380 2383/2383/2383
f 2382/2382/2382 2381/2381/2381 2384/2384/2384
f 2383/2383/2383 2384/2384/2384 2381/2381/2381
f 2385/2385/2385 2382/2382/2382 2384/2384/2384
f 2386/2386/2386 2384/2384/2384 2383/2383/2383
f 2384/2384/2384 2387/2387/2387 2385/2385/2385
f 2384/2384/2384 2386/2386/2386 2387/2387/2387
f 2387/2387/2387 2388/2388/2388 2385/2385/2385
f 2387/2387/2387 2386/2386/2386 2389/2389/2389
f 2389/2389/2389 2388/2388/2388 2387/2387/2387
f 2389/2389/2389 2386/2386/2386 2390/2390/2390
f 2391/2391/2391 2390/2390/2390 2386/2386/2386
f 2390/2390/2390 2391/2391/2391 2392/2392/2392
f 2390/2390/2390 2392/2392/2392 2393/2393/2393
f 2389/2389/2389 2390/2390/2390 2394/2394/2394
f 2390/2390/2390 2393/2393/2393 2394/2394/2394
f 2389/2389/2389 2394/2394/2394 2388/2388/2388
f 2394/2394/2394 2393/2393/2393 2395/2395/2395
f 2396/2396/2396 2388/2388/2388 2394/2394/2394
f 2388/2388/2388 2396/2396/2396 2397/2397/2397
f 2394/2394/2394 2395/2395/2395 2398/2398/2398
f 2398/2398/2398 2395/2395/2395 2399/2399/2399
f 2400/2400/2400 2394/2394/2394 2398/2398/2398
f 2394/2394/2394 2400/2400/2400 2396/2396/2396
f 2399/2399/2399 2401/2401/2401 2398/2398/2398
f 2401/2401/2401 2400/2400/2400 2398/2398/2398
f 2402/2402/2402 2401/2401/2401 2399/2399/2399
f 2402/2402/2402 2399/2399/2399 2403/2403/2403
f 2404/2404/2404 2402/2402/2402 2403/2403/2403
f 2401/2401/2401 2405/2405/2405 2400/2400/2400
f 2406/2406/2406 2402/2402/2402 2404/2404/2404
f 2407/2407/2407 2406/2406/2406 2404/2404/2404
f 2408/2408/2408 2401/2401/2401 2402/2402/2402
f 2401/2401/2401 2408/2408/2408 2405/2405/2405
f 2409/2409/2409 2402/2402/2402 2406/2406/2406
f 2402/2402/2402 2409/2409/2409 2408/2408/2408
f 2406/2406/2406 2407/2407/2407 2410/2410/2410
f 2410/2410/2410 2409/2409/2409 2406/2406/2406
f 2411/2411/2411 2408/2408/2408 2409/2409/2409
f 2408/2408/2408 2411/2411/2411 2412/2412/2412
f 2405/2405/2405 2408/2408/2408 2412/2412/2412
f 2405/2405/2405 2412/2412/2412 2413/2413/2413
f 2414/2414/2414 2405/2405/2405 2413/2413/2413
f 2415/2415/2415 2411/2411/2411 2409/2409/2409
f 2410/2410/2410 2415/2415/2415 2409/2409/2409
f 2411/2411/2411 2415/2415/2415 2416/2416/2416
f 2405/2405/2405 2414/2414/2414 2417/2417/2417
f 2405/2405/2405 2417/2417/2417 2400/2400/2400
f 2414/2414/2414 2418/2418/2418 2417/2417/2417
f 2417/2417/2417 2396/2396/2396 2400/2400/2400
f 2396/2396/2396 2417/2417/2417 2418/2418/2418
f 2419/2419/2419 2396/2396/2396 2418/2418/2418
f 2397/2397/2397 2396/2396/2396 2419/2419/2419
f 2420/2420/2420 2397/2397/2397 2419/2419/2419
f 2418/2418/2418 2421/2421/2421 2419/2419/2419
f 2419/2419/2419 2422/2422/2422 2420/2420/2420
f 2421/2421/2421 2423/2423/2423 2419/2419/2419
f 2422/2422/2422 2419/2419/2419 2423/2423/2423
f 2424/2424/2424 2423/2423/2423 2421/2421/2421
f 2425/2425/2425 2422/2422/2422 2423/2423/2423
f 2423/2423/2423 2424/2424/2424 2426/2426/2426
f 2425/2425/2425 2423/2423/2423 2426/2426/2426
f 2427/2427/2427 2426/2426/2426 2424/2424/2424
f 2428/2428/2428 2425/2425/2425 2426/2426/2426
f 2426/2426/2426 2427/2427/2427 2429/2429/2429
f 2428/2428/2428 2426/2426/2426 2429/2429/2429
f 2427/2427/2427 2430/2430/2430 2429/2429/2429
f 2428/2428/2428 2429/2429/2429 2430/2430/2430
f 2430/2430/2430 2431/2431/2431 2428/2428/2428
f 2430/2430/2430 2427/2427/2427 2432/2432/2432
f 2430/2430/2430 2433/2433/2433 2431/2431/2431
f 2432/2432/2432 2434/2434/2434 2430/2430/2430
f 2430/2430/2430 2434/2434/2434 2433/2433/2433
f 2434/2434/2434 2432/2432/2432 2435/2435/2435
f 2436/2436/2436 2433/2433/2433 2434/2434/2434
f 2436/2436/2436 2434/2434/2434 2435/2435/2435
f 2435/2435/2435 2437/2437/2437 2436/2436/2436
f 2438/2438/2438 2416/2416/2416 2415/2415/2415
f 2416/2416/2416 2438/2438/2438 2439/2439/2439
f 2439/2439/2439 2440/2440/2440 2441/2441/2441
f 2440/2440/2440 2442/2442/2442 2441/2441/2441
f 2442/2442/2442 2440/2440/2440 2443/2443/2443
f 2443/2443/2443 2444/2444/2444 2442/2442/2442
f 2445/2445/2445 2443/2443/2443 2446/2446/2446
f 2444/2444/2444 2443/2443/2443 2445/2445/2445
f 2447/2447/2447 2445/2445/2445 2446/2446/2446
f 2445/2445/2445 2448/2448/2448 2444/2444/2444
f 2449/2449/2449 2445/2445/2445 2447/2447/2447
f 2448/2448/2448 2445/2445/2445 2449/2449/2449
f 2449/2449/2449 2450/2450/2450 2448/2448/2448
f 2451/2451/2451 2449/2449/2449 2447/2447/2447
f 2450/2450/2450 2449/2449/2449 2452/2452/2452
f 2451/2451/2451 2452/2452/2452 2449/2449/2449
f 2453/2453/2453 2450/2450/2450 2452/2452/2452
f 2453/2453/2453 2452/2452/2452 2454/2454/2454
f 2454/2454/2454 2455/2455/2455 2453/2453/2453
f 2456/2456/2456 2452/2452/2452 2451/2451/2451
f 2455/2455/2455 2454/2454/2454 2457/2457/2457
f 2452/2452/2452 2458/2458/2458 2454/2454/2454
f 2458/2458/2458 2457/2457/2457 2454/2454/2454
f 2452/2452/2452 2456/2456/2456 2459/2459/2459
f 2458/2458/2458 2452/2452/2452 2459/2459/2459
f 2460/2460/2460 2459/2459/2459 2456/2456/2456
f 2459/2459/2459 2460/2460/2460 2461/2461/2461
f 2458/2458/2458 2459/2459/2459 2461/2461/2461
f 2458/2458/2458 2461/2461/2461 2462/2462/2462
f 2462/2462/2462 2463/2463/2463 2458/2458/2458
f 2457/2457/2457 2458/2458/2458 2463/2463/2463
f 2463/2463/2463 2462/2462/2462 2464/2464/2464
f 2464/2464/2464 2465/2465/2465 2463/2463/2463
f 2465/2465/2465 2457/2457/2457 2463/2463/2463
f 2465/2465/2465 2464/2464/2464 2466/2466/2466
f 2457/2457/2457 2465/2465/2465 2467/2467/2467
f 2466/2466/2466 2467/2467/2467 2465/2465/2465
f 2467/2467/2467 2455/2455/2455 2457/2457/2457
f 2455/2455/2455 2467/2467/2467 2468/2468/2468
f 2467/2467/2467 2466/2466/2466 2469/2469/2469
f 2467/2467/2467 2469/2469/2469 2468/2468/2468
f 2469/2469/2469 2466/2466/2466 2470/2470/2470
f 2469/2469/2469 2471/2471/2471 2468/2468/2468
f 2470/2470/2470 2471/2471/2471 2469/2469/2469
f 2471/2471/2471 2470/2470/2470 2472/2472/2472
f 2473/2473/2473 2474/2474/2474 2475/2475/2475
f 2473/2473/2473 2475/2475/2475 2476/2476/2476
f 2476/2476/2476 2477/2477/2477 2473/2473/2473
f 2476/2476/2476 2475/2475/2475 2478/2478/2478
f 2479/2479/2479 2477/2477/2477 2476/2476/2476
f 2478/2478/2478 2479/2479/2479 2476/2476/2476
f 2480/2480/2480 2481/2481/2481 2477/2477/2477
f 2482/2482/2482 2478/2478/2478 2483/2483/2483
f 2481/2481/2481 2480/2480/2480 2484/2484/2484
f 2484/2484/2484 2485/2485/2485 2481/2481/2481
f 2485/2485/2485 2484/2484/2484 2486/2486/2486
f 2486/2486/2486 2487/2487/2487 2488/2488/2488
f 2489/2489/2489 2485/2485/2485 2486/2486/2486
f 2489/2489/2489 2486/2486/2486 2490/2490/2490
f 2490/2490/2490 2488/2488/2488 2491/2491/2491
f 2491/2491/2491 2492/2492/2492 2490/2490/2490
f 2493/2493/2493 2489/2489/2489 2490/2490/2490
f 2489/2489/2489 2493/2493/2493 2494/2494/2494
f 2493/2493/2493 2495/2495/2495 2494/2494/2494
f 2496/2496/2496 2494/2494/2494 2495/2495/2495
f 2496/2496/2496 2497/2497/2497 2498/2498/2498
f 2499/2499/2499 2500/2500/2500 2501/2501/2501
f 2500/2500/2500 2499/2499/2499 2502/2502/2502
f 2502/2502/2502 2503/2503/2503 2500/2500/2500
f 2504/2504/2504 2502/2502/2502 2499/2499/2499
f 2505/2505/2505 2503/2503/2503 2502/2502/2502
f 2505/2505/2505 2506/2506/2506 2503/2503/2503
f 2506/2506/2506 2505/2505/2505 2507/2507/2507
f 2502/2502/2502 2504/2504/2504 2508/2508/2508
f 2508/2508/2508 2505/2505/2505 2502/2502/2502
f 2509/2509/2509 2508/2508/2508 2504/2504/2504
f 2510/2510/2510 2505/2505/2505 2508/2508/2508
f 2511/2511/2511 2508/2508/2508 2509/2509/2509
f 2511/2511/2511 2510/2510/2510 2508/2508/2508
f 2512/2512/2512 2511/2511/2511 2509/2509/2509
f 2513/2513/2513 2510/2510/2510 2511/2511/2511
f 2511/2511/2511 2512/2512/2512 2514/2514/2514
f 2514/2514/2514 2513/2513/2513 2511/2511/2511
f 2515/2515/2515 2514/2514/2514 2512/2512/2512
f 2513/2513/2513 2514/2514/2514 2516/2516/2516
f 2515/2515/2515 2517/2517/2517 2514/2514/2514
f 2517/2517/2517 2516/2516/2516 2514/2514/2514
f 2518/2518/2518 2517/2517/2517 2515/2515/2515
f 2516/2516/2516 2517/2517/2517 2519/2519/2519
f 2520/2520/2520 2519/2519/2519 2517/2517/2517
f 2521/2521/2521 2522/2522/2522 2523/2523/2523
f 2524/2524/2524 2525/2525/2525 2526/2526/2526
f 2525/2525/2525 2524/2524/2524 2527/2527/2527
f 2528/2528/2528 2523/2523/2523 2522/2522/2522
f 2522/2522/2522 2529/2529/2529 2528/2528/2528
f 2523/2523/2523 2528/2528/2528 2530/2530/2530
f 2531/2531/2531 2524/2524/2524 2526/2526/2526
f 2530/2530/2530 2531/2531/2531 2526/2526/2526
f 2532/2532/2532 2527/2527/2527 2524/2524/2524
f 2531/2531/2531 2532/2532/2532 2524/2524/2524
f 2527/2527/2527 2532/2532/2532 2533/2533/2533
f 2531/2531/2531 2530/2530/2530 2534/2534/2534
f 2535/2535/2535 2533/2533/2533 2532/2532/2532
f 2533/2533/2533 2535/2535/2535 2536/2536/2536
f 2532/2532/2532 2531/2531/2531 2537/2537/2537
f 2534/2534/2534 2537/2537/2537 2531/2531/2531
f 2532/2532/2532 2538/2538/2538 2535/2535/2535
f 2538/2538/2538 2532/2532/2532 2537/2537/2537
f 2537/2537/2537 2539/2539/2539 2538/2538/2538
f 2540/2540/2540 2539/2539/2539 2537/2537/2537
f 2534/2534/2534 2540/2540/2540 2537/2537/2537
f 2539/2539/2539 2541/2541/2541 2538/2538/2538
f 2534/2534/2534 2542/2542/2542 2540/2540/2540
f 2541/2541/2541 2543/2543/2543 2538/2538/2538
f 2541/2541/2541 2544/2544/2544 2543/2543/2543
f 2542/2542/2542 2534/2534/2534 2545/2545/2545
f 2546/2546/2546 2542/2542/2542 2545/2545/2545
f 2542/2542/2542 2546/2546/2546 2547/2547/2547
f 2548/2548/2548 2545/2545/2545 2534/2534/2534
f 2534/2534/2534 2530/2530/2530 2548/2548/2548
f 2548/2548/2548 2530/2530/2530 2528/2528/2528
f 2548/2548/2548 2549/2549/2549 2545/2545/2545
f 2546/2546/2546 2545/2545/2545 2549/2549/2549
f 2528/2528/2528 2550/2550/2550 2548/2548/2548
f 2549/2549/2549 2548/2548/2548 2550/2550/2550
f 2550/2550/2550 2528/2528/2528 2529/2529/2529
f 2529/2529/2529 2551/2551/2551 2550/2550/2550
f 2550/2550/2550 2551/2551/2551 2549/2549/2549
f 2551/2551/2551 2529/2529/2529 2552/2552/2552
f 2549/2549/2549 2553/2553/2553 2546/2546/2546
f 2553/2553/2553 2549/2549/2549 2551/2551/2551
f 2552/2552/2552 2554/2554/2554 2551/2551/2551
f 2554/2554/2554 2553/2553/2553 2551/2551/2551
f 2554/2554/2554 2552/2552/2552 2555/2555/2555
f 2556/2556/2556 2546/2546/2546 2553/2553/2553
f 2546/2546/2546 2556/2556/2556 2547/2547/2547
f 2557/2557/2557 2547/2547/2547 2556/2556/2556
f 2553/2553/2553 2554/2554/2554 2558/2558/2558
f 2556/2556/2556 2553/2553/2553 2558/2558/2558
f 2559/2559/2559 2557/2557/2557 2556/2556/2556
f 2559/2559/2559 2556/2556/2556 2558/2558/2558
f 2557/2557/2557 2559/2559/2559 2560/2560/2560
f 2558/2558/2558 2554/2554/2554 2561/2561/2561
f 2555/2555/2555 2561/2561/2561 2554/2554/2554
f 2561/2561/2561 2555/2555/2555 2562/2562/2562
f 2559/2559/2559 2558/2558/2558 2563/2563/2563
f 2563/2563/2563 2558/2558/2558 2561/2561/2561
f 2560/2560/2560 2559/2559/2559 2564/2564/2564
f 2564/2564/2564 2559/2559/2559 2563/2563/2563
f 2565/2565/2565 2560/2560/2560 2564/2564/2564
f 2566/2566/2566 2565/2565/2565 2564/2564/2564
f 2563/2563/2563 2566/2566/2566 2564/2564/2564
f 2565/2565/2565 2566/2566/2566 2567/2567/2567
f 2561/2561/2561 2568/2568/2568 2563/2563/2563
f 2566/2566/2566 2563/2563/2563 2568/2568/2568
f 2562/2562/2562 2569/2569/2569 2561/2561/2561
f 2568/2568/2568 2561/2561/2561 2569/2569/2569
f 2569/2569/2569 2562/2562/2562 2570/2570/2570
f 2571/2571/2571 2567/2567/2567 2566/2566/2566
f 2568/2568/2568 2571/2571/2571 2566/2566/2566
f 2567/2567/2567 2571/2571/2571 2572/2572/2572
f 2569/2569/2569 2573/2573/2573 2568/2568/2568
f 2571/2571/2571 2568/2568/2568 2573/2573/2573
f 2570/2570/2570 2574/2574/2574 2569/2569/2569
f 2573/2573/2573 2569/2569/2569 2574/2574/2574
f 2574/2574/2574 2570/2570/2570 2575/2575/2575
f 2574/2574/2574 2576/2576/2576 2573/2573/2573
f 2573/2573/2573 2576/2576/2576 2571/2571/2571
f 2575/2575/2575 2577/2577/2577 2574/2574/2574
f 2576/2576/2576 2574/2574/2574 2577/2577/2577
f 2577/2577/2577 2575/2575/2575 2578/2578/2578
f 2579/2579/2579 2571/2571/2571 2576/2576/2576
f 2578/2578/2578 2580/2580/2580 2577/2577/2577
f 2580/2580/2580 2578/2578/2578 2581/2581/2581
f 2577/2577/2577 2582/2582/2582 2576/2576/2576
f 2582/2582/2582 2577/2577/2577 2580/2580/2580
f 2576/2576/2576 2582/2582/2582 2579/2579/2579
f 2581/2581/2581 2583/2583/2583 2580/2580/2580
f 2583/2583/2583 2582/2582/2582 2580/2580/2580
f 2583/2583/2583 2581/2581/2581 2584/2584/2584
f 2584/2584/2584 2585/2585/2585 2583/2583/2583
f 2585/2585/2585 2584/2584/2584 2586/2586/2586
f 2582/2582/2582 2583/2583/2583 2587/2587/2587
f 2585/2585/2585 2587/2587/2587 2583/2583/2583
f 2588/2588/2588 2582/2582/2582 2587/2587/2587
f 2588/2588/2588 2579/2579/2579 2582/2582/2582
f 2587/2587/2587 2585/2585/2585 2589/2589/2589
f 2586/2586/2586 2590/2590/2590 2585/2585/2585
f 2590/2590/2590 2589/2589/2589 2585/2585/2585
f 2590/2590/2590 2586/2586/2586 2591/2591/2591
f 2592/2592/2592 2590/2590/2590 2591/2591/2591
f 2593/2593/2593 2590/2590/2590 2592/2592/2592
f 2593/2593/2593 2594/2594/2594 2590/2590/2590
f 2589/2589/2589 2590/2590/2590 2594/2594/2594
f 2594/2594/2594 2593/2593/2593 2595/2595/2595
f 2596/2596/2596 2594/2594/2594 2595/2595/2595
f 2596/2596/2596 2597/2597/2597 2594/2594/2594
f 2597/2597/2597 2589/2589/2589 2594/2594/2594
f 2598/2598/2598 2597/2597/2597 2596/2596/2596
f 2599/2599/2599 2587/2587/2587 2589/2589/2589
f 2589/2589/2589 2597/2597/2597 2599/2599/2599
f 2587/2587/2587 2599/2599/2599 2588/2588/2588
f 2597/2597/2597 2598/2598/2598 2600/2600/2600
f 2600/2600/2600 2599/2599/2599 2597/2597/2597
f 2601/2601/2601 2602/2602/2602 2598/2598/2598
f 2598/2598/2598 2602/2602/2602 2600/2600/2600
f 2600/2600/2600 2603/2603/2603 2599/2599/2599
f 2603/2603/2603 2600/2600/2600 2602/2602/2602
f 2603/2603/2603 2588/2588/2588 2599/2599/2599
f 2602/2602/2602 2604/2604/2604 2603/2603/2603
f 2588/2588/2588 2603/2603/2603 2605/2605/2605
f 2603/2603/2603 2604/2604/2604 2605/2605/2605
f 2605/2605/2605 2579/2579/2579 2588/2588/2588
f 2605/2605/2605 2604/2604/2604 2606/2606/2606
f 2579/2579/2579 2605/2605/2605 2607/2607/2607
f 2605/2605/2605 2606/2606/2606 2607/2607/2607
f 2579/2579/2579 2607/2607/2607 2571/2571/2571
f 2607/2607/2607 2606/2606/2606 2572/2572/2572
f 2607/2607/2607 2572/2572/2572 2571/2571/2571
f 2608/2608/2608 2609/2609/2609 2610/2610/2610
f 2611/2611/2611 2609/2609/2609 2608/2608/2608
f 2611/2611/2611 2612/2612/2612 2609/2609/2609
f 2611/2611/2611 2608/2608/2608 2613/2613/2613
f 2612/2612/2612 2611/2611/2611 2614/2614/2614
f 2614/2614/2614 2611/2611/2611 2613/2613/2613
f 2614/2614/2614 2615/2615/2615 2612/2612/2612
f 2616/2616/2616 2614/2614/2614 2613/2613/2613
f 2615/2615/2615 2614/2614/2614 2616/2616/2616
f 2615/2615/2615 2616/2616/2616 2617/2617/2617
f 2618/2618/2618 2616/2616/2616 2613/2613/2613
f 2616/2616/2616 2619/2619/2619 2617/2617/2617
f 2619/2619/2619 2616/2616/2616 2620/2620/2620
f 2618/2618/2618 2620/2620/2620 2616/2616/2616
f 2620/2620/2620 2621/2621/2621 2619/2619/2619
f 2618/2618/2618 2622/2622/2622 2620/2620/2620
f 2622/2622/2622 2621/2621/2621 2620/2620/2620
f 2621/2621/2621 2622/2622/2622 2623/2623/2623
f 2622/2622/2622 2618/2618/2618 2624/2624/2624
f 2622/2622/2622 2625/2625/2625 2623/2623/2623
f 2624/2624/2624 2626/2626/2626 2622/2622/2622
f 2625/2625/2625 2622/2622/2622 2626/2626/2626
f 2626/2626/2626 2624/2624/2624 2627/2627/2627
f 2625/2625/2625 2626/2626/2626 2628/2628/2628
f 2627/2627/2627 2629/2629/2629 2626/2626/2626
f 2629/2629/2629 2628/2628/2628 2626/2626/2626
f 2628/2628/2628 2629/2629/2629 2630/2630/2630
f 2629/2629/2629 2627/2627/2627 2631/2631/2631
f 2629/2629/2629 2632/2632/2632 2630/2630/2630
f 2631/2631/2631 2633/2633/2633 2629/2629/2629
f 2632/2632/2632 2629/2629/2629 2633/2633/2633
f 2633/2633/2633 2634/2634/2634 2632/2632/2632
f 2633/2633/2633 2631/2631/2631 2635/2635/2635
f 2633/2633/2633 2636/2636/2636 2634/2634/2634
f 2637/2637/2637 2633/2633/2633 2635/2635/2635
f 2637/2637/2637 2636/2636/2636 2633/2633/2633
f 2638/2638/2638 2637/2637/2637 2635/2635/2635
f 2636/2636/2636 2637/2637/2637 2639/2639/2639
f 2638/2638/2638 2639/2639/2639 2637/2637/2637
f 2639/2639/2639 2638/2638/2638 2640/2640/2640
f 2641/2641/2641 2642/2642/2642 2643/2643/2643
f 2642/2642/2642 2641/2641/2641 2644/2644/2644
f 2641/2641/2641 2645/2645/2645 2644/2644/2644
f 2644/2644/2644 2646/2646/2646 2642/2642/2642
f 2645/2645/2645 2647/2647/2647 2644/2644/2644
f 2648/2648/2648 2647/2647/2647 2645/2645/2645
f 2646/2646/2646 2644/2644/2644 2649/2649/2649
f 2644/2644/2644 2647/2647/2647 2649/2649/2649
f 2646/2646/2646 2649/2649/2649 2650/2650/2650
f 2650/2650/2650 2651/2651/2651 2646/2646/2646
f 2650/2650/2650 2652/2652/2652 2651/2651/2651
f 2647/2647/2647 2653/2653/2653 2649/2649/2649
f 2649/2649/2649 2653/2653/2653 2650/2650/2650
f 2647/2647/2647 2648/2648/2648 2654/2654/2654
f 2654/2654/2654 2653/2653/2653 2647/2647/2647
f 2655/2655/2655 2654/2654/2654 2648/2648/2648
f 2650/2650/2650 2656/2656/2656 2652/2652/2652
f 2650/2650/2650 2653/2653/2653 2656/2656/2656
f 2653/2653/2653 2654/2654/2654 2657/2657/2657
f 2657/2657/2657 2656/2656/2656 2653/2653/2653
f 2654/2654/2654 2655/2655/2655 2658/2658/2658
f 2658/2658/2658 2657/2657/2657 2654/2654/2654
f 2655/2655/2655 2659/2659/2659 2658/2658/2658
f 2656/2656/2656 2657/2657/2657 2660/2660/2660
f 2657/2657/2657 2658/2658/2658 2661/2661/2661
f 2661/2661/2661 2660/2660/2660 2657/2657/2657
f 2658/2658/2658 2659/2659/2659 2662/2662/2662
f 2658/2658/2658 2662/2662/2662 2661/2661/2661
f 2663/2663/2663 2662/2662/2662 2659/2659/2659
f 2661/2661/2661 2662/2662/2662 2664/2664/2664
f 2661/2661/2661 2664/2664/2664 2665/2665/2665
f 2662/2662/2662 2663/2663/2663 2666/2666/2666
f 2662/2662/2662 2666/2666/2666 2664/2664/2664
f 2663/2663/2663 2667/2667/2667 2666/2666/2666
f 2664/2664/2664 2666/2666/2666 2668/2668/2668
f 2666/2666/2666 2669/2669/2669 2668/2668/2668
f 2669/2669/2669 2666/2666/2666 2670/2670/2670
f 2666/2666/2666 2667/2667/2667 2670/2670/2670
f 2667/2667/2667 2671/2671/2671 2670/2670/2670
f 2670/2670/2670 2672/2672/2672 2669/2669/2669
f 2670/2670/2670 2671/2671/2671 2673/2673/2673
f 2672/2672/2672 2670/2670/2670 2673/2673/2673
f 2671/2671/2671 2674/2674/2674 2673/2673/2673
f 2673/2673/2673 2674/2674/2674 2675/2675/2675
f 2675/2675/2675 2672/2672/2672 2673/2673/2673
f 2674/2674/2674 2676/2676/2676 2675/2675/2675
f 2672/2672/2672 2675/2675/2675 2677/2677/2677
f 2675/2675/2675 2676/2676/2676 2678/2678/2678
f 2675/2675/2675 2678/2678/2678 2677/2677/2677
f 2676/2676/2676 2679/2679/2679 2678/2678/2678
f 2678/2678/2678 2679/2679/2679 2680/2680/2680
f 2681/2681/2681 2682/2682/2682 2683/2683/2683
f 2682/2682/2682 2684/2684/2684 2683/2683/2683
f 2682/2682/2682 2681/2681/2681 2685/2685/2685
f 2686/2686/2686 2682/2682/2682 2685/2685/2685
f 2687/2687/2687 2686/2686/2686 2685/2685/2685
f 2686/2686/2686 2687/2687/2687 2688/2688/2688
f 2682/2682/2682 2686/2686/2686 2689/2689/2689
f 2690/2690/2690 2688/2688/2688 2687/2687/2687
f 2688/2688/2688 2690/2690/2690 2691/2691/2691
f 2692/2692/2692 2682/2682/2682 2689/2689/2689
f 2684/2684/2684 2682/2682/2682 2692/2692/2692
f 2692/2692/2692 2693/2693/2693 2684/2684/2684
f 2689/2689/2689 2694/2694/2694 2692/2692/2692
f 2690/2690/2690 2695/2695/2695 2691/2691/2691
f 2696/2696/2696 2695/2695/2695 2690/2690/2690
f 2697/2697/2697 2691/2691/2691 2695/2695/2695
f 2698/2698/2698 2692/2692/2692 2694/2694/2694
f 2693/2693/2693 2692/2692/2692 2698/2698/2698
f 2694/2694/2694 2699/2699/2699 2698/2698/2698
f 2698/2698/2698 2700/2700/2700 2693/2693/2693
f 2699/2699/2699 2701/2701/2701 2698/2698/2698
f 2700/2700/2700 2698/2698/2698 2701/2701/2701
f 2701/2701/2701 2699/2699/2699 2702/2702/2702
f 2701/2701/2701 2703/2703/2703 2700/2700/2700
f 2704/2704/2704 2701/2701/2701 2702/2702/2702
f 2703/2703/2703 2701/2701/2701 2704/2704/2704
f 2702/2702/2702 2705/2705/2705 2704/2704/2704
f 2706/2706/2706 2703/2703/2703 2704/2704/2704
f 2706/2706/2706 2704/2704/2704 2705/2705/2705
f 2703/2703/2703 2706/2706/2706 2707/2707/2707
f 2705/2705/2705 2708/2708/2708 2706/2706/2706
f 2709/2709/2709 2707/2707/2707 2706/2706/2706
f 2709/2709/2709 2706/2706/2706 2708/2708/2708
f 2710/2710/2710 2707/2707/2707 2709/2709/2709
f 2708/2708/2708 2711/2711/2711 2709/2709/2709
f 2709/2709/2709 2712/2712/2712 2710/2710/2710
f 2711/2711/2711 2713/2713/2713 2709/2709/2709
f 2712/2712/2712 2709/2709/2709 2713/2713/2713
f 2713/2713/2713 2711/2711/2711 2714/2714/2714
f 2712/2712/2712 2715/2715/2715 2716/2716/2716
f 2713/2713/2713 2715/2715/2715 2712/2712/2712
f 2714/2714/2714 2717/2717/2717 2713/2713/2713
f 2715/2715/2715 2713/2713/2713 2717/2717/2717
f 2717/2717/2717 2714/2714/2714 2718/2718/2718
f 2719/2719/2719 2715/2715/2715 2720/2720/2720
f 2717/2717/2717 2720/2720/2720 2715/2715/2715
f 2720/2720/2720 2721/2721/2721 2719/2719/2719
f 2718/2718/2718 2722/2722/2722 2717/2717/2717
f 2720/2720/2720 2717/2717/2717 2722/2722/2722
f 2722/2722/2722 2718/2718/2718 2723/2723/2723
f 2721/2721/2721 2720/2720/2720 2724/2724/2724
f 2722/2722/2722 2724/2724/2724 2720/2720/2720
f 2723/2723/2723 2725/2725/2725 2722/2722/2722
f 2724/2724/2724 2722/2722/2722 2725/2725/2725
f 2725/2725/2725 2723/2723/2723 2726/2726/2726
f 2727/2727/2727 2721/2721/2721 2724/2724/2724
f 2728/2728/2728 2721/2721/2721 2727/2727/2727
f 2727/2727/2727 2729/2729/2729 2728/2728/2728
f 2727/2727/2727 2730/2730/2730 2729/2729/2729
f 2724/2724/2724 2731/2731/2731 2727/2727/2727
f 2730/2730/2730 2727/2727/2727 2731/2731/2731
f 2725/2725/2725 2731/2731/2731 2724/2724/2724
f 2732/2732/2732 2730/2730/2730 2731/2731/2731
f 2731/2731/2731 2725/2725/2725 2732/2732/2732
f 2726/2726/2726 2732/2732/2732 2725/2725/2725
f 2730/2730/2730 2732/2732/2732 2733/2733/2733
f 2732/2732/2732 2726/2726/2726 2734/2734/2734
f 2734/2734/2734 2733/2733/2733 2732/2732/2732
f 2733/2733/2733 2734/2734/2734 2735/2735/2735
f 2736/2736/2736 2737/2737/2737 2738/2738/2738
f 2737/2737/2737 2736/2736/2736 2739/2739/2739
f 2737/2737/2737 2739/2739/2739 2740/2740/2740
f 2739/2739/2739 2741/2741/2741 2740/2740/2740
f 2741/2741/2741 2742/2742/2742 2740/2740/2740
f 2742/2742/2742 2741/2741/2741 2743/2743/2743
f 2744/2744/2744 2741/2741/2741 2739/2739/2739
f 2739/2739/2739 2745/2745/2745 2744/2744/2744
f 2746/2746/2746 2743/2743/2743 2741/2741/2741
f 2741/2741/2741 2744/2744/2744 2746/2746/2746
f 2743/2743/2743 2746/2746/2746 2747/2747/2747
f 2748/2748/2748 2746/2746/2746 2744/2744/2744
f 2749/2749/2749 2747/2747/2747 2746/2746/2746
f 2746/2746/2746 2748/2748/2748 2749/2749/2749
f 2750/2750/2750 2749/2749/2749 2748/2748/2748
f 2751/2751/2751 2752/2752/2752 2753/2753/2753
f 2749/2749/2749 2750/2750/2750 2753/2753/2753
f 2754/2754/2754 2753/2753/2753 2752/2752/2752
f 2753/2753/2753 2755/2755/2755 2749/2749/2749
f 2747/2747/2747 2749/2749/2749 2755/2755/2755
f 2753/2753/2753 2754/2754/2754 2756/2756/2756
f 2755/2755/2755 2753/2753/2753 2756/2756/2756
f 2757/2757/2757 2756/2756/2756 2754/2754/2754
f 2755/2755/2755 2758/2758/2758 2747/2747/2747
f 2756/2756/2756 2757/2757/2757 2759/2759/2759
f 2759/2759/2759 2755/2755/2755 2756/2756/2756
f 2760/2760/2760 2759/2759/2759 2757/2757/2757
f 2758/2758/2758 2755/2755/2755 2761/2761/2761
f 2755/2755/2755 2759/2759/2759 2761/2761/2761
f 2762/2762/2762 2758/2758/2758 2761/2761/2761
f 2762/2762/2762 2761/2761/2761 2763/2763/2763
f 2759/2759/2759 2760/2760/2760 2764/2764/2764
f 2764/2764/2764 2761/2761/2761 2759/2759/2759
f 2765/2765/2765 2764/2764/2764 2760/2760/2760
f 2766/2766/2766 2764/2764/2764 2765/2765/2765
f 2761/2761/2761 2767/2767/2767 2763/2763/2763
f 2767/2767/2767 2766/2766/2766 2763/2763/2763
f 2761/2761/2761 2764/2764/2764 2767/2767/2767
f 2767/2767/2767 2764/2764/2764 2766/2766/2766
f 2768/2768/2768 2769/2769/2769 2770/2770/2770
f 2769/2769/2769 2768/2768/2768 2771/2771/2771
f 2768/2768/2768 2772/2772/2772 2771/2771/2771
f 2773/2773/2773 2771/2771/2771 2772/2772/2772
f 2773/2773/2773 2772/2772/2772 2774/2774/2774
f 2774/2774/2774 2775/2775/2775 2773/2773/2773
f 2773/2773/2773 2776/2776/2776 2771/2771/2771
f 2776/2776/2776 2777/2777/2777 2771/2771/2771
f 2775/2775/2775 2778/2778/2778 2773/2773/2773
f 2776/2776/2776 2773/2773/2773 2778/2778/2778
f 2778/2778/2778 2775/2775/2775 2779/2779/2779
f 2776/2776/2776 2778/2778/2778 2780/2780/2780
f 2779/2779/2779 2781/2781/2781 2778/2778/2778
f 2778/2778/2778 2781/2781/2781 2780/2780/2780
f 2781/2781/2781 2782/2782/2782 2780/2780/2780
f 2783/2783/2783 2784/2784/2784 2785/2785/2785
f 2782/2782/2782 2781/2781/2781 2784/2784/2784
f 2784/2784/2784 2786/2786/2786 2785/2785/2785
f 2787/2787/2787 2784/2784/2784 2781/2781/2781
f 2779/2779/2779 2787/2787/2787 2781/2781/2781
f 2786/2786/2786 2784/2784/2784 2788/2788/2788
f 2784/2784/2784 2787/2787/2787 2788/2788/2788
f 2788/2788/2788 2789/2789/2789 2786/2786/2786
f 2790/2790/2790 2787/2787/2787 2779/2779/2779
f 2789/2789/2789 2788/2788/2788 2791/2791/2791
f 2787/2787/2787 2791/2791/2791 2788/2788/2788
f 2791/2791/2791 2792/2792/2792 2789/2789/2789
f 2787/2787/2787 2790/2790/2790 2793/2793/2793
f 2791/2791/2791 2787/2787/2787 2793/2793/2793
f 2794/2794/2794 2793/2793/2793 2790/2790/2790
f 2793/2793/2793 2794/2794/2794 2795/2795/2795
f 2792/2792/2792 2791/2791/2791 2796/2796/2796
f 2793/2793/2793 2796/2796/2796 2791/2791/2791
f 2797/2797/2797 2792/2792/2792 2796/2796/2796
f 2798/2798/2798 2797/2797/2797 2796/2796/2796
f 2793/2793/2793 2795/2795/2795 2799/2799/2799
f 2799/2799/2799 2795/2795/2795 2798/2798/2798
f 2796/2796/2796 2793/2793/2793 2799/2799/2799
f 2799/2799/2799 2798/2798/2798 2796/2796/2796
f 2800/2800/2800 2801/2801/2801 2802/2802/2802
f 2802/2802/2802 2803/2803/2803 2800/2800/2800
f 2804/2804/2804 2803/2803/2803 2802/2802/2802
f 2803/2803/2803 2804/2804/2804 2805/2805/2805
f 2806/2806/2806 2805/2805/2805 2804/2804/2804
f 2805/2805/2805 2806/2806/2806 2807/2807/2807
f 2806/2806/2806 2808/2808/2808 2807/2807/2807
f 2804/2804/2804 2809/2809/2809 2806/2806/2806
f 2808/2808/2808 2806/2806/2806 2810/2810/2810
f 2810/2810/2810 2811/2811/2811 2808/2808/2808
f 2806/2806/2806 2812/2812/2812 2810/2810/2810
f 2812/2812/2812 2806/2806/2806 2809/2809/2809
f 2811/2811/2811 2810/2810/2810 2813/2813/2813
f 2812/2812/2812 2813/2813/2813 2810/2810/2810
f 2813/2813/2813 2814/2814/2814 2811/2811/2811
f 2814/2814/2814 2813/2813/2813 2815/2815/2815
f 2815/2815/2815 2816/2816/2816 2814/2814/2814
f 2813/2813/2813 2812/2812/2812 2817/2817/2817
f 2817/2817/2817 2815/2815/2815 2813/2813/2813
f 2815/2815/2815 2817/2817/2817 2818/2818/2818
f 2819/2819/2819 2815/2815/2815 2818/2818/2818
f 2816/2816/2816 2815/2815/2815 2820/2820/2820
f 2820/2820/2820 2815/2815/2815 2819/2819/2819
f 2820/2820/2820 2821/2821/2821 2816/2816/2816
f 2819/2819/2819 2822/2822/2822 2820/2820/2820
f 2821/2821/2821 2820/2820/2820 2822/2822/2822
f 2822/2822/2822 2819/2819/2819 2823/2823/2823
f 2824/2824/2824 2822/2822/2822 2823/2823/2823
f 2825/2825/2825 2821/2821/2821 2822/2822/2822
f 2825/2825/2825 2822/2822/2822 2824/2824/2824
f 2826/2826/2826 2821/2821/2821 2825/2825/2825
f 2679/2679/2679 2826/2826/2826 2680/2680/2680
f 2680/2680/2680 2826/2826/2826 2825/2825/2825
f 2827/2827/2827 2825/2825/2825 2824/2824/2824
f 2825/2825/2825 2827/2827/2827 2680/2680/2680
f 2828/2828/2828 2680/2680/2680 2827/2827/2827
f 2680/2680/2680 2828/2828/2828 2678/2678/2678
f 2678/2678/2678 2828/2828/2828 2677/2677/2677
f 2829/2829/2829 2830/2830/2830 2831/2831/2831
f 2831/2831/2831 2830/2830/2830 2832/2832/2832
f 2833/2833/2833 2831/2831/2831 2832/2832/2832
f 2832/2832/2832 2834/2834/2834 2833/2833/2833
f 2834/2834/2834 2835/2835/2835 2833/2833/2833
f 2835/2835/2835 2834/2834/2834 2836/2836/2836
f 2837/2837/2837 2835/2835/2835 2836/2836/2836
f 2838/2838/2838 2833/2833/2833 2835/2835/2835
f 2835/2835/2835 2839/2839/2839 2838/2838/2838
f 2695/2695/2695 2696/2696/2696 2840/2840/2840
f 2841/2841/2841 2840/2840/2840 2839/2839/2839
f 2840/2840/2840 2841/2841/2841 2695/2695/2695
f 2839/2839/2839 2835/2835/2835 2841/2841/2841
f 2841/2841/2841 2697/2697/2697 2695/2695/2695
f 2841/2841/2841 2835/2835/2835 2837/2837/2837
f 2697/2697/2697 2841/2841/2841 2837/2837/2837
f 2842/2842/2842 2843/2843/2843 2844/2844/2844
f 2843/2843/2843 2842/2842/2842 2845/2845/2845
f 2845/2845/2845 2846/2846/2846 2843/2843/2843
f 2845/2845/2845 2847/2847/2847 2846/2846/2846
f 2842/2842/2842 2848/2848/2848 2845/2845/2845
f 2848/2848/2848 2847/2847/2847 2845/2845/2845
f 2848/2848/2848 2842/2842/2842 2849/2849/2849
f 2849/2849/2849 2850/2850/2850 2848/2848/2848
f 2848/2848/2848 2850/2850/2850 2851/2851/2851
f 2852/2852/2852 2851/2851/2851 2850/2850/2850
f 2853/2853/2853 2848/2848/2848 2851/2851/2851
f 2847/2847/2847 2848/2848/2848 2853/2853/2853
f 2851/2851/2851 2852/2852/2852 2854/2854/2854
f 2852/2852/2852 2855/2855/2855 2854/2854/2854
f 2854/2854/2854 2855/2855/2855 2856/2856/2856
f 2854/2854/2854 2857/2857/2857 2851/2851/2851
f 2851/2851/2851 2857/2857/2857 2853/2853/2853
f 2858/2858/2858 2854/2854/2854 2856/2856/2856
f 2857/2857/2857 2854/2854/2854 2858/2858/2858
f 2856/2856/2856 2859/2859/2859 2858/2858/2858
f 2859/2859/2859 2856/2856/2856 2860/2860/2860
f 2861/2861/2861 2859/2859/2859 2860/2860/2860
f 2858/2858/2858 2862/2862/2862 2857/2857/2857
f 2862/2862/2862 2858/2858/2858 2859/2859/2859
f 2861/2861/2861 2862/2862/2862 2859/2859/2859
f 2862/2862/2862 2853/2853/2853 2857/2857/2857
f 2862/2862/2862 2861/2861/2861 2863/2863/2863
f 2864/2864/2864 2853/2853/2853 2862/2862/2862
f 2864/2864/2864 2862/2862/2862 2863/2863/2863
f 2853/2853/2853 2864/2864/2864 2847/2847/2847
f 2863/2863/2863 2865/2865/2865 2864/2864/2864
f 2864/2864/2864 2866/2866/2866 2847/2847/2847
f 2867/2867/2867 2864/2864/2864 2865/2865/2865
f 2865/2865/2865 2868/2868/2868 2867/2867/2867
f 2869/2869/2869 2867/2867/2867 2868/2868/2868
f 2864/2864/2864 2870/2870/2870 2866/2866/2866
f 2867/2867/2867 2870/2870/2870 2864/2864/2864
f 2866/2866/2866 2871/2871/2871 2847/2847/2847
f 2872/2872/2872 2847/2847/2847 2871/2871/2871
f 2870/2870/2870 2873/2873/2873 2866/2866/2866
f 2871/2871/2871 2866/2866/2866 2873/2873/2873
f 2871/2871/2871 2874/2874/2874 2872/2872/2872
f 2872/2872/2872 2874/2874/2874 2875/2875/2875
f 2876/2876/2876 2875/2875/2875 2874/2874/2874
f 2875/2875/2875 2876/2876/2876 2877/2877/2877
f 2871/2871/2871 2876/2876/2876 2874/2874/2874
f 2876/2876/2876 2871/2871/2871 2878/2878/2878
f 2871/2871/2871 2879/2879/2879 2878/2878/2878
f 2879/2879/2879 2871/2871/2871 2873/2873/2873
f 2873/2873/2873 2880/2880/2880 2879/2879/2879
f 2880/2880/2880 2873/2873/2873 2881/2881/2881
f 2873/2873/2873 2870/2870/2870 2881/2881/2881
f 2881/2881/2881 2882/2882/2882 2880/2880/2880
f 2883/2883/2883 2881/2881/2881 2870/2870/2870
f 2870/2870/2870 2867/2867/2867 2883/2883/2883
f 2882/2882/2882 2881/2881/2881 2884/2884/2884
f 2881/2881/2881 2883/2883/2883 2884/2884/2884
f 2885/2885/2885 2882/2882/2882 2884/2884/2884
f 2885/2885/2885 2884/2884/2884 2883/2883/2883
f 2882/2882/2882 2885/2885/2885 2886/2886/2886
f 2867/2867/2867 2887/2887/2887 2883/2883/2883
f 2887/2887/2887 2885/2885/2885 2883/2883/2883
f 2887/2887/2887 2867/2867/2867 2888/2888/2888
f 2867/2867/2867 2869/2869/2869 2888/2888/2888
f 2887/2887/2887 2889/2889/2889 2885/2885/2885
f 2869/2869/2869 2890/2890/2890 2888/2888/2888
f 2890/2890/2890 2869/2869/2869 2891/2891/2891
f 2888/2888/2888 2892/2892/2892 2887/2887/2887
f 2892/2892/2892 2888/2888/2888 2890/2890/2890
f 2889/2889/2889 2887/2887/2887 2892/2892/2892
f 2893/2893/2893 2890/2890/2890 2891/2891/2891
f 2891/2891/2891 2894/2894/2894 2893/2893/2893
f 2895/2895/2895 2893/2893/2893 2894/2894/2894
f 2892/2892/2892 2890/2890/2890 2896/2896/2896
f 2896/2896/2896 2890/2890/2890 2893/2893/2893
f 2893/2893/2893 2895/2895/2895 2897/2897/2897
f 2897/2897/2897 2896/2896/2896 2893/2893/2893
f 2898/2898/2898 2897/2897/2897 2895/2895/2895
f 2897/2897/2897 2898/2898/2898 2899/2899/2899
f 2896/2896/2896 2897/2897/2897 2900/2900/2900
f 2897/2897/2897 2899/2899/2899 2900/2900/2900
f 2901/2901/2901 2892/2892/2892 2896/2896/2896
f 2892/2892/2892 2901/2901/2901 2889/2889/2889
f 2902/2902/2902 2896/2896/2896 2900/2900/2900
f 2902/2902/2902 2901/2901/2901 2896/2896/2896
f 2900/2900/2900 2899/2899/2899 2903/2903/2903
f 2903/2903/2903 2902/2902/2902 2900/2900/2900
f 2904/2904/2904 2903/2903/2903 2899/2899/2899
f 2903/2903/2903 2904/2904/2904 2905/2905/2905
f 2905/2905/2905 2906/2906/2906 2903/2903/2903
f 2906/2906/2906 2902/2902/2902 2903/2903/2903
f 2906/2906/2906 2905/2905/2905 2907/2907/2907
f 2908/2908/2908 2901/2901/2901 2902/2902/2902
f 2902/2902/2902 2906/2906/2906 2908/2908/2908
f 2907/2907/2907 2909/2909/2909 2906/2906/2906
f 2909/2909/2909 2907/2907/2907 2910/2910/2910
f 2908/2908/2908 2906/2906/2906 2909/2909/2909
f 2911/2911/2911 2909/2909/2909 2912/2912/2912
f 2909/2909/2909 2911/2911/2911 2913/2913/2913
f 2913/2913/2913 2908/2908/2908 2909/2909/2909
f 2914/2914/2914 2913/2913/2913 2911/2911/2911
f 2915/2915/2915 2908/2908/2908 2913/2913/2913
f 2913/2913/2913 2914/2914/2914 2915/2915/2915
f 2901/2901/2901 2908/2908/2908 2916/2916/2916
f 2908/2908/2908 2915/2915/2915 2916/2916/2916
f 2889/2889/2889 2901/2901/2901 2916/2916/2916
f 2914/2914/2914 2917/2917/2917 2915/2915/2915
f 2917/2917/2917 2916/2916/2916 2915/2915/2915
f 2917/2917/2917 2889/2889/2889 2916/2916/2916
f 2917/2917/2917 2914/2914/2914 2918/2918/2918
f 2889/2889/2889 2917/2917/2917 2885/2885/2885
f 2886/2886/2886 2917/2917/2917 2918/2918/2918
f 2917/2917/2917 2886/2886/2886 2885/2885/2885
f 2919/2919/2919 2920/2920/2920 2921/2921/2921
f 2920/2920/2920 2919/2919/2919 2922/2922/2922
f 2923/2923/2923 2920/2920/2920 2922/2922/2922
f 2919/2919/2919 2924/2924/2924 2922/2922/2922
f 2924/2924/2924 2923/2923/2923 2922/2922/2922
f 2924/2924/2924 2919/2919/2919 2925/2925/2925
f 2926/2926/2926 2924/2924/2924 2925/2925/2925
f 2923/2923/2923 2924/2924/2924 2927/2927/2927
f 2926/2926/2926 2928/2928/2928 2924/2924/2924
f 2929/2929/2929 2928/2928/2928 2926/2926/2926
f 2930/2930/2930 2924/2924/2924 2928/2928/2928
f 2924/2924/2924 2930/2930/2930 2927/2927/2927
f 2929/2929/2929 2931/2931/2931 2928/2928/2928
f 2932/2932/2932 2931/2931/2931 2929/2929/2929
f 2928/2928/2928 2933/2933/2933 2930/2930/2930
f 2933/2933/2933 2928/2928/2928 2931/2931/2931
f 2931/2931/2931 2932/2932/2932 2934/2934/2934
f 2935/2935/2935 2930/2930/2930 2933/2933/2933
f 2935/2935/2935 2927/2927/2927 2930/2930/2930
f 2931/2931/2931 2936/2936/2936 2933/2933/2933
f 2936/2936/2936 2931/2931/2931 2934/2934/2934
f 2932/2932/2932 2937/2937/2937 2934/2934/2934
f 2937/2937/2937 2936/2936/2936 2934/2934/2934
f 2937/2937/2937 2932/2932/2932 2938/2938/2938
f 2939/2939/2939 2933/2933/2933 2936/2936/2936
f 2933/2933/2933 2939/2939/2939 2935/2935/2935
f 2940/2940/2940 2936/2936/2936 2937/2937/2937
f 2940/2940/2940 2939/2939/2939 2936/2936/2936
f 2938/2938/2938 2941/2941/2941 2937/2937/2937
f 2941/2941/2941 2938/2938/2938 2942/2942/2942
f 2943/2943/2943 2941/2941/2941 2942/2942/2942
f 2940/2940/2940 2937/2937/2937 2944/2944/2944
f 2944/2944/2944 2937/2937/2937 2941/2941/2941
f 2941/2941/2941 2943/2943/2943 2945/2945/2945
f 2941/2941/2941 2946/2946/2946 2944/2944/2944
f 2945/2945/2945 2946/2946/2946 2941/2941/2941
f 2943/2943/2943 2947/2947/2947 2945/2945/2945
f 2947/2947/2947 2943/2943/2943 2948/2948/2948
f 2945/2945/2945 2949/2949/2949 2946/2946/2946
f 2949/2949/2949 2945/2945/2945 2947/2947/2947
f 2948/2948/2948 2950/2950/2950 2947/2947/2947
f 2950/2950/2950 2948/2948/2948 2951/2951/2951
f 2950/2950/2950 2949/2949/2949 2947/2947/2947
f 2952/2952/2952 2950/2950/2950 2953/2953/2953
f 2954/2954/2954 2950/2950/2950 2952/2952/2952
f 2949/2949/2949 2950/2950/2950 2954/2954/2954
f 2955/2955/2955 2954/2954/2954 2952/2952/2952
f 2946/2946/2946 2949/2949/2949 2956/2956/2956
f 2944/2944/2944 2946/2946/2946 2956/2956/2956
f 2957/2957/2957 2949/2949/2949 2954/2954/2954
f 2949/2949/2949 2957/2957/2957 2956/2956/2956
f 2958/2958/2958 2954/2954/2954 2955/2955/2955
f 2954/2954/2954 2958/2958/2958 2957/2957/2957
f 2959/2959/2959 2958/2958/2958 2955/2955/2955
f 2959/2959/2959 2960/2960/2960 2958/2958/2958
f 2958/2958/2958 2961/2961/2961 2957/2957/2957
f 2961/2961/2961 2958/2958/2958 2960/2960/2960
f 2957/2957/2957 2962/2962/2962 2956/2956/2956
f 2962/2962/2962 2957/2957/2957 2961/2961/2961
f 2956/2956/2956 2963/2963/2963 2944/2944/2944
f 2963/2963/2963 2956/2956/2956 2962/2962/2962
f 2944/2944/2944 2963/2963/2963 2940/2940/2940
f 2964/2964/2964 2961/2961/2961 2960/2960/2960
f 2964/2964/2964 2962/2962/2962 2961/2961/2961
f 2965/2965/2965 2964/2964/2964 2960/2960/2960
f 2964/2964/2964 2965/2965/2965 2966/2966/2966
f 2966/2966/2966 2967/2967/2967 2964/2964/2964
f 2962/2962/2962 2964/2964/2964 2967/2967/2967
f 2967/2967/2967 2966/2966/2966 2968/2968/2968
f 2968/2968/2968 2969/2969/2969 2967/2967/2967
f 2962/2962/2962 2967/2967/2967 2970/2970/2970
f 2967/2967/2967 2969/2969/2969 2970/2970/2970
f 2962/2962/2962 2970/2970/2970 2963/2963/2963
f 2971/2971/2971 2970/2970/2970 2969/2969/2969
f 2963/2963/2963 2970/2970/2970 2972/2972/2972
f 2970/2970/2970 2971/2971/2971 2972/2972/2972
f 2963/2963/2963 2972/2972/2972 2940/2940/2940
f 2939/2939/2939 2940/2940/2940 2972/2972/2972
f 2971/2971/2971 2939/2939/2939 2972/2972/2972
f 2939/2939/2939 2971/2971/2971 2973/2973/2973
f 2974/2974/2974 2939/2939/2939 2973/2973/2973
f 2939/2939/2939 2974/2974/2974 2935/2935/2935
f 2974/2974/2974 2975/2975/2975 2935/2935/2935
f 2935/2935/2935 2975/2975/2975 2976/2976/2976
f 2977/2977/2977 2976/2976/2976 2975/2975/2975
f 2978/2978/2978 2935/2935/2935 2976/2976/2976
f 2935/2935/2935 2978/2978/2978 2927/2927/2927
f 2976/2976/2976 2977/2977/2977 2979/2979/2979
f 2977/2977/2977 2980/2980/2980 2979/2979/2979
f 2979/2979/2979 2980/2980/2980 2981/2981/2981
f 2982/2982/2982 2976/2976/2976 2979/2979/2979
f 2981/2981/2981 2982/2982/2982 2979/2979/2979
f 2976/2976/2976 2982/2982/2982 2983/2983/2983
f 2976/2976/2976 2983/2983/2983 2978/2978/2978
f 2982/2982/2982 2981/2981/2981 2984/2984/2984
f 2984/2984/2984 2983/2983/2983 2982/2982/2982
f 2984/2984/2984 2981/2981/2981 2985/2985/2985
f 2986/2986/2986 2984/2984/2984 2985/2985/2985
f 2983/2983/2983 2984/2984/2984 2987/2987/2987
f 2986/2986/2986 2987/2987/2987 2984/2984/2984
f 2987/2987/2987 2978/2978/2978 2983/2983/2983
f 2987/2987/2987 2986/2986/2986 2988/2988/2988
f 2987/2987/2987 2989/2989/2989 2978/2978/2978
f 2988/2988/2988 2989/2989/2989 2987/2987/2987
f 2989/2989/2989 2927/2927/2927 2978/2978/2978
f 2989/2989/2989 2988/2988/2988 2990/2990/2990
f 2991/2991/2991 2989/2989/2989 2990/2990/2990
f 2927/2927/2927 2989/2989/2989 2992/2992/2992
f 2991/2991/2991 2992/2992/2992 2989/2989/2989
f 2992/2992/2992 2993/2993/2993 2927/2927/2927
f 2992/2992/2992 2994/2994/2994 2993/2993/2993
f 2991/2991/2991 2994/2994/2994 2992/2992/2992
f 2994/2994/2994 2991/2991/2991 2995/2995/2995
f 2996/2996/2996 2997/2997/2997 2998/2998/2998
f 2999/2999/2999 2997/2997/2997 2996/2996/2996
f 2999/2999/2999 2996/2996/2996 3000/3000/3000
f 2996/2996/2996 3001/3001/3001 3000/3000/3000
f 3002/3002/3002 2997/2997/2997 2999/2999/2999
f 3000/3000/3000 3002/3002/3002 2999/2999/2999
f 2997/2997/2997 3002/3002/3002 3003/3003/3003
f 3004/3004/3004 3000/3000/3000 3001/3001/3001
f 3004/3004/3004 3001/3001/3001 3005/3005/3005
f 3005/3005/3005 3006/3006/3006 3004/3004/3004
f 3007/3007/3007 3003/3003/3003 3002/3002/3002
f 3008/3008/3008 3003/3003/3003 3007/3007/3007
f 3002/3002/3002 3000/3000/3000 3009/3009/3009
f 3010/3010/3010 3008/3008/3008 3007/3007/3007
f 3008/3008/3008 3010/3010/3010 3011/3011/3011
f 3012/3012/3012 3011/3011/3011 3010/3010/3010
f 3002/3002/3002 3013/3013/3013 3007/3007/3007
f 3013/3013/3013 3002/3002/3002 3009/3009/3009
f 3007/3007/3007 3014/3014/3014 3010/3010/3010
f 3010/3010/3010 3014/3014/3014 3012/3012/3012
f 3014/3014/3014 3007/3007/3007 3013/3013/3013
f 3012/3012/3012 3014/3014/3014 3015/3015/3015
f 3013/3013/3013 3015/3015/3015 3014/3014/3014
f 3015/3015/3015 3013/3013/3013 3016/3016/3016
f 3013/3013/3013 3009/3009/3009 3016/3016/3016
f 3016/3016/3016 3009/3009/3009 3017/3017/3017
f 3017/3017/3017 3009/3009/3009 3018/3018/3018
f 3009/3009/3009 3000/3000/3000 3018/3018/3018
f 3004/3004/3004 3018/3018/3018 3000/3000/3000
f 3018/3018/3018 3019/3019/3019 3017/3017/3017
f 3004/3004/3004 3020/3020/3020 3018/3018/3018
f 3019/3019/3019 3018/3018/3018 3020/3020/3020
f 3020/3020/3020 3004/3004/3004 3021/3021/3021
f 3004/3004/3004 3006/3006/3006 3021/3021/3021
f 3022/3022/3022 3019/3019/3019 3020/3020/3020
f 3020/3020/3020 3021/3021/3021 3022/3022/3022
f 3019/3019/3019 3022/3022/3022 3023/3023/3023
f 3021/3021/3021 3006/3006/3006 3024/3024/3024
f 3021/3021/3021 3024/3024/3024 3022/3022/3022
f 3025/3025/3025 3024/3024/3024 3006/3006/3006
f 3022/3022/3022 3026/3026/3026 3023/3023/3023
f 3022/3022/3022 3024/3024/3024 3026/3026/3026
f 3025/3025/3025 3027/3027/3027 3024/3024/3024
f 3024/3024/3024 3027/3027/3027 3026/3026/3026
f 3027/3027/3027 3025/3025/3025 3028/3028/3028
f 3029/3029/3029 3027/3027/3027 3028/3028/3028
f 3023/3023/3023 3026/3026/3026 3030/3030/3030
f 3023/3023/3023 3030/3030/3030 3031/3031/3031
f 3030/3030/3030 3032/3032/3032 3031/3031/3031
f 3033/3033/3033 3026/3026/3026 3027/3027/3027
f 3026/3026/3026 3033/3033/3033 3030/3030/3030
f 3027/3027/3027 3029/3029/3029 3033/3033/3033
f 3030/3030/3030 3033/3033/3033 3032/3032/3032
f 3033/3033/3033 3029/3029/3029 3034/3034/3034
f 3033/3033/3033 3034/3034/3034 3032/3032/3032
f 3035/3035/3035 3036/3036/3036 3037/3037/3037
f 3035/3035/3035 3037/3037/3037 3038/3038/3038
f 3039/3039/3039 3035/3035/3035 3038/3038/3038
f 3039/3039/3039 3040/3040/3040 3035/3035/3035
f 3037/3037/3037 3041/3041/3041 3038/3038/3038
f 3041/3041/3041 3039/3039/3039 3038/3038/3038
f 3041/3041/3041 3037/3037/3037 3042/3042/3042
f 3043/3043/3043 3040/3040/3040 3039/3039/3039
f 3043/3043/3043 3044/3044/3044 3040/3040/3040
f 3044/3044/3044 3043/3043/3043 3045/3045/3045
f 3046/3046/3046 3041/3041/3041 3042/3042/3042
f 3042/3042/3042 3047/3047/3047 3046/3046/3046
f 3039/3039/3039 3041/3041/3041 3048/3048/3048
f 3047/3047/3047 3049/3049/3049 3046/3046/3046
f 3049/3049/3049 3047/3047/3047 3050/3050/3050
f 3051/3051/3051 3049/3049/3049 3050/3050/3050
f 3049/3049/3049 3051/3051/3051 3052/3052/3052
f 3052/3052/3052 3046/3046/3046 3049/3049/3049
f 3051/3051/3051 3053/3053/3053 3052/3052/3052
f 3054/3054/3054 3041/3041/3041 3046/3046/3046
f 3046/3046/3046 3052/3052/3052 3054/3054/3054
f 3053/3053/3053 3054/3054/3054 3052/3052/3052
f 3041/3041/3041 3054/3054/3054 3048/3048/3048
f 3054/3054/3054 3053/3053/3053 3055/3055/3055
f 3048/3048/3048 3054/3054/3054 3055/3055/3055
f 3048/3048/3048 3055/3055/3055 3056/3056/3056
f 3056/3056/3056 3057/3057/3057 3048/3048/3048
f 3057/3057/3057 3039/3039/3039 3048/3048/3048
f 3057/3057/3057 3043/3043/3043 3039/3039/3039
f 3057/3057/3057 3056/3056/3056 3058/3058/3058
f 3059/3059/3059 3043/3043/3043 3057/3057/3057
f 3058/3058/3058 3059/3059/3059 3057/3057/3057
f 3043/3043/3043 3059/3059/3059 3060/3060/3060
f 3043/3043/3043 3060/3060/3060 3045/3045/3045
f 3058/3058/3058 3061/3061/3061 3059/3059/3059
f 3061/3061/3061 3060/3060/3060 3059/3059/3059
f 3061/3061/3061 3058/3058/3058 3062/3062/3062
f 3045/3045/3045 3060/3060/3060 3063/3063/3063
f 3061/3061/3061 3063/3063/3063 3060/3060/3060
f 3063/3063/3063 3064/3064/3064 3045/3045/3045
f 3061/3061/3061 3062/3062/3062 3065/3065/3065
f 3065/3065/3065 3063/3063/3063 3061/3061/3061
f 3066/3066/3066 3064/3064/3064 3063/3063/3063
f 3065/3065/3065 3066/3066/3066 3063/3063/3063
f 3064/3064/3064 3066/3066/3066 3067/3067/3067
f 3066/3066/3066 3068/3068/3068 3067/3067/3067
f 3062/3062/3062 3069/3069/3069 3065/3065/3065
f 3062/3062/3062 3070/3070/3070 3069/3069/3069
f 3069/3069/3069 3070/3070/3070 3071/3071/3071
f 3065/3065/3065 3072/3072/3072 3066/3066/3066
f 3072/3072/3072 3065/3065/3065 3069/3069/3069
f 3068/3068/3068 3066/3066/3066 3072/3072/3072
f 3069/3069/3069 3071/3071/3071 3072/3072/3072
f 3072/3072/3072 3073/3073/3073 3068/3068/3068
f 3072/3072/3072 3071/3071/3071 3073/3073/3073
f 3074/3074/3074 1804/1804/1804 1799/1799/1799
f 1804/1804/1804 3074/3074/3074 3075/3075/3075
f 1799/1799/1799 1800/1800/1800 3074/3074/3074
f 3076/3076/3076 3075/3075/3075 3074/3074/3074
f 3074/3074/3074 1800/1800/1800 3076/3076/3076
f 3077/3077/3077 3078/3078/3078 3079/3079/3079
f 3078/3078/3078 3077/3077/3077 3080/3080/3080
f 3077/3077/3077 3081/3081/3081 3080/3080/3080
f 3080/3080/3080 3082/3082/3082 3083/3083/3083
f 3084/3084/3084 3082/3082/3082 3080/3080/3080
f 3081/3081/3081 3084/3084/3084 3080/3080/3080
f 3082/3082/3082 3084/3084/3084 3085/3085/3085
f 3086/3086/3086 3084/3084/3084 3081/3081/3081
f 3087/3087/3087 3085/3085/3085 3084/3084/3084
f 3084/3084/3084 3086/3086/3086 3087/3087/3087
f 3085/3085/3085 3087/3087/3087 3088/3088/3088
f 3089/3089/3089 3087/3087/3087 3086/3086/3086
f 3089/3089/3089 3088/3088/3088 3087/3087/3087
f 3088/3088/3088 3089/3089/3089 3090/3090/3090
f 3086/3086/3086 3091/3091/3091 3089/3089/3089
f 3089/3089/3089 3092/3092/3092 3090/3090/3090
f 3093/3093/3093 3089/3089/3089 3091/3091/3091
f 3092/3092/3092 3089/3089/3089 3093/3093/3093
f 3094/3094/3094 3093/3093/3093 3091/3091/3091
f 3095/3095/3095 3093/3093/3093 3094/3094/3094
f 3093/3093/3093 3095/3095/3095 3096/3096/3096
f 3097/3097/3097 3098/3098/3098 3095/3095/3095
f 3099/3099/3099 3098/3098/3098 3097/3097/3097
f 3100/3100/3100 3101/3101/3101 3102/3102/3102
f 3103/3103/3103 3104/3104/3104 3105/3105/3105
f 3101/3101/3101 3100/3100/3100 3106/3106/3106
f 3106/3106/3106 3107/3107/3107 3101/3101/3101
f 3103/3103/3103 3108/3108/3108 3100/3100/3100
f 3108/3108/3108 3106/3106/3106 3100/3100/3100
f 3103/3103/3103 3105/3105/3105 3108/3108/3108
f 3107/3107/3107 3106/3106/3106 3109/3109/3109
f 3109/3109/3109 3110/3110/3110 3107/3107/3107
f 3106/3106/3106 3108/3108/3108 3111/3111/3111
f 3111/3111/3111 3109/3109/3109 3106/3106/3106
f 3105/3105/3105 3111/3111/3111 3108/3108/3108
f 3109/3109/3109 3112/3112/3112 3110/3110/3110
f 3112/3112/3112 3113/3113/3113 3110/3110/3110
f 3112/3112/3112 3114/3114/3114 3113/3113/3113
f 3112/3112/3112 3115/3115/3115 3114/3114/3114
f 3112/3112/3112 3116/3116/3116 3115/3115/3115
f 3109/3109/3109 3111/3111/3111 3117/3117/3117
f 3117/3117/3117 3112/3112/3112 3109/3109/3109
f 3105/3105/3105 3118/3118/3118 3111/3111/3111
f 3118/3118/3118 3117/3117/3117 3111/3111/3111
f 3104/3104/3104 3118/3118/3118 3105/3105/3105
f 3118/3118/3118 3104/3104/3104 3119/3119/3119
f 3112/3112/3112 3120/3120/3120 3116/3116/3116
f 3112/3112/3112 3117/3117/3117 3120/3120/3120
f 3121/3121/3121 3116/3116/3116 3120/3120/3120
f 3118/3118/3118 3122/3122/3122 3117/3117/3117
f 3119/3119/3119 3122/3122/3122 3118/3118/3118
f 3122/3122/3122 3120/3120/3120 3117/3117/3117
f 3122/3122/3122 3119/3119/3119 3123/3123/3123
f 3120/3120/3120 3124/3124/3124 3121/3121/3121
f 3120/3120/3120 3122/3122/3122 3124/3124/3124
f 3123/3123/3123 3124/3124/3124 3122/3122/3122
f 3124/3124/3124 3125/3125/3125 3121/3121/3121
f 3124/3124/3124 3123/3123/3123 3126/3126/3126
f 3124/3124/3124 3127/3127/3127 3125/3125/3125
f 3126/3126/3126 3128/3128/3128 3124/3124/3124
f 3124/3124/3124 3129/3129/3129 3127/3127/3127
f 3124/3124/3124 3128/3128/3128 3129/3129/3129
f 3130/3130/3130 3131/3131/3131 3132/3132/3132
f 3133/3133/3133 3134/3134/3134 3131/3131/3131
f 3131/3131/3131 3130/3130/3130 3133/3133/3133
f 3134/3134/3134 3133/3133/3133 3135/3135/3135
f 3130/3130/3130 3136/3136/3136 3133/3133/3133
f 3136/3136/3136 3137/3137/3137 3133/3133/3133
f 3137/3137/3137 3135/3135/3135 3133/3133/3133
f 3138/3138/3138 3137/3137/3137 3136/3136/3136
f 3135/3135/3135 3137/3137/3137 3139/3139/3139
f 3137/3137/3137 3138/3138/3138 3139/3139/3139
f 3139/3139/3139 3140/3140/3140 3135/3135/3135
f 3141/3141/3141 3139/3139/3139 3138/3138/3138
f 3139/3139/3139 3141/3141/3141 3142/3142/3142
f 3139/3139/3139 3142/3142/3142 3140/3140/3140
f 3141/3141/3141 3143/3143/3143 3142/3142/3142
f 3140/3140/3140 3142/3142/3142 3144/3144/3144
f 3144/3144/3144 3142/3142/3142 3143/3143/3143
f 3140/3140/3140 3144/3144/3144 3145/3145/3145
f 3146/3146/3146 3144/3144/3144 3143/3143/3143
f 3146/3146/3146 3147/3147/3147 3144/3144/3144
f 3145/3145/3145 3144/3144/3144 3147/3147/3147
f 3146/3146/3146 3148/3148/3148 3147/3147/3147
f 3147/3147/3147 3149/3149/3149 3145/3145/3145
f 3149/3149/3149 3147/3147/3147 3148/3148/3148
f 3150/3150/3150 3145/3145/3145 3149/3149/3149
f 3151/3151/3151 3149/3149/3149 3148/3148/3148
f 3149/3149/3149 3152/3152/3152 3150/3150/3150
f 3149/3149/3149 3151/3151/3151 3152/3152/3152
f 3152/3152/3152 3153/3153/3153 3150/3150/3150
f 3152/3152/3152 3151/3151/3151 3154/3154/3154
f 3153/3153/3153 3152/3152/3152 3155/3155/3155
f 3155/3155/3155 3152/3152/3152 3154/3154/3154
f 3156/3156/3156 3153/3153/3153 3155/3155/3155
f 3156/3156/3156 3155/3155/3155 3154/3154/3154
f 3157/3157/3157 3158/3158/3158 3159/3159/3159
f 3160/3160/3160 3161/3161/3161 3157/3157/3157
f 3158/3158/3158 3157/3157/3157 3161/3161/3161
f 3161/3161/3161 3160/3160/3160 3162/3162/3162
f 3161/3161/3161 3163/3163/3163 3158/3158/3158
f 3163/3163/3163 3161/3161/3161 3164/3164/3164
f 3164/3164/3164 3161/3161/3161 3162/3162/3162
f 3165/3165/3165 3163/3163/3163 3164/3164/3164
f 3164/3164/3164 3162/3162/3162 3166/3166/3166
f 3164/3164/3164 3166/3166/3166 3165/3165/3165
f 3167/3167/3167 3166/3166/3166 3162/3162/3162
f 3168/3168/3168 3165/3165/3165 3166/3166/3166
f 3168/3168/3168 3166/3166/3166 3169/3169/3169
f 3166/3166/3166 3167/3167/3167 3169/3169/3169
f 3170/3170/3170 3168/3168/3168 3169/3169/3169
f 3169/3169/3169 3167/3167/3167 3171/3171/3171
f 3170/3170/3170 3169/3169/3169 3171/3171/3171
f 3172/3172/3172 3171/3171/3171 3167/3167/3167
f 3173/3173/3173 3170/3170/3170 3171/3171/3171
f 3173/3173/3173 3171/3171/3171 3174/3174/3174
f 3172/3172/3172 3174/3174/3174 3171/3171/3171
f 3175/3175/3175 3173/3173/3173 3174/3174/3174
f 3176/3176/3176 3174/3174/3174 3172/3172/3172
f 3174/3174/3174 3176/3176/3176 3175/3175/3175
f 3176/3176/3176 3172/3172/3172 3177/3177/3177
f 3176/3176/3176 3178/3178/3178 3175/3175/3175
f 3176/3176/3176 3177/3177/3177 3179/3179/3179
f 3178/3178/3178 3176/3176/3176 3179/3179/3179
f 3180/3180/3180 3179/3179/3179 3177/3177/3177
f 3179/3179/3179 3181/3181/3181 3178/3178/3178
f 3179/3179/3179 3180/3180/3180 3182/3182/3182
f 3181/3181/3181 3179/3179/3179 3182/3182/3182
f 3183/3183/3183 3182/3182/3182 3180/3180/3180
f 3183/3183/3183 3181/3181/3181 3182/3182/3182
f 3184/3184/3184 3185/3185/3185 3186/3186/3186
f 3187/3187/3187 3188/3188/3188 3189/3189/3189
f 3185/3185/3185 3184/3184/3184 3190/3190/3190
f 3191/3191/3191 3190/3190/3190 3184/3184/3184
f 3188/3188/3188 3185/3185/3185 3192/3192/3192
f 3190/3190/3190 3192/3192/3192 3185/3185/3185
f 3188/3188/3188 3192/3192/3192 3189/3189/3189
f 3190/3190/3190 3191/3191/3191 3193/3193/3193
f 3193/3193/3193 3191/3191/3191 3194/3194/3194
f 3192/3192/3192 3190/3190/3190 3195/3195/3195
f 3193/3193/3193 3195/3195/3195 3190/3190/3190
f 3192/3192/3192 3195/3195/3195 3189/3189/3189
f 3194/3194/3194 3196/3196/3196 3193/3193/3193
f 3196/3196/3196 3194/3194/3194 3197/3197/3197
f 3196/3196/3196 3197/3197/3197 3198/3198/3198
f 3196/3196/3196 3198/3198/3198 3199/3199/3199
f 3196/3196/3196 3199/3199/3199 3200/3200/3200
f 3195/3195/3195 3193/3193/3193 3201/3201/3201
f 3196/3196/3196 3201/3201/3201 3193/3193/3193
f 3189/3189/3189 3195/3195/3195 3202/3202/3202
f 3195/3195/3195 3201/3201/3201 3202/3202/3202
f 3202/3202/3202 3187/3187/3187 3189/3189/3189
f 3187/3187/3187 3202/3202/3202 3203/3203/3203
f 3204/3204/3204 3196/3196/3196 3200/3200/3200
f 3201/3201/3201 3196/3196/3196 3204/3204/3204
f 3204/3204/3204 3200/3200/3200 3205/3205/3205
f 3202/3202/3202 3201/3201/3201 3206/3206/3206
f 3202/3202/3202 3206/3206/3206 3203/3203/3203
f 3204/3204/3204 3206/3206/3206 3201/3201/3201
f 3203/3203/3203 3206/3206/3206 3207/3207/3207
f 3204/3204/3204 3205/3205/3205 3208/3208/3208
f 3206/3206/3206 3204/3204/3204 3208/3208/3208
f 3206/3206/3206 3208/3208/3208 3207/3207/3207
f 3209/3209/3209 3208/3208/3208 3205/3205/3205
f 3207/3207/3207 3208/3208/3208 3210/3210/3210
f 3208/3208/3208 3209/3209/3209 3211/3211/3211
f 3210/3210/3210 3208/3208/3208 3212/3212/3212
f 3208/3208/3208 3211/3211/3211 3213/3213/3213
f 3208/3208/3208 3213/3213/3213 3212/3212/3212
